pdb	seed	model	ranking_score	iptm	ptm	plddt
7b5gD	1	0	0.232	0.16	0.52	80.07727786337959
7b5gD	1	1	0.206	0.13	0.51	81.07523882896781
7b5gD	1	2	0.206	0.13	0.51	80.99484334874161
7b5gD	2	1	0.206	0.13	0.51	80.87812018489994
7b5gD	3	1	0.206	0.13	0.51	80.87812018489994
7b5gD	4	1	0.206	0.13	0.51	80.87812018489994
7b5gD	5	1	0.206	0.13	0.51	80.87812018489994
7b5gD	2	0	0.198	0.12	0.51	80.4191063174113
7b5gD	3	0	0.198	0.12	0.51	80.4191063174113
7b5gD	4	0	0.198	0.12	0.51	80.4191063174113
7b5gD	5	0	0.198	0.12	0.51	80.4191063174113
7b5gD	2	2	0.196	0.12	0.5	80.84431946584506
7b5gD	3	2	0.196	0.12	0.5	80.84431946584506
7b5gD	4	2	0.196	0.12	0.5	80.84431946584506
7b5gD	5	2	0.196	0.12	0.5	80.84431946584506
7b5gD	1	3	0.196	0.12	0.5	80.76922958397519
7b5gD	1	4	0.188	0.11	0.5	78.96352850539292
7b5gD	2	3	0.18	0.1	0.5	80.40265023112481
7b5gD	3	3	0.18	0.1	0.5	80.40265023112481
7b5gD	4	3	0.18	0.1	0.5	80.40265023112481
7b5gD	5	3	0.18	0.1	0.5	80.40265023112481
7b5gD	2	4	0.18	0.1	0.5	80.15950179763749
7b5gD	3	4	0.18	0.1	0.5	80.15950179763749
7b5gD	4	4	0.18	0.1	0.5	80.15950179763749
7b5gD	5	4	0.18	0.1	0.5	80.15950179763749
7nxxB	2	0	0.256	0.18	0.56	84.11176689976699
7nxxB	3	0	0.256	0.18	0.56	84.11176689976699
7nxxB	4	0	0.256	0.18	0.56	84.11176689976699
7nxxB	5	0	0.256	0.18	0.56	84.11176689976699
7nxxB	1	0	0.248	0.17	0.56	84.32516083916094
7nxxB	2	4	0.228	0.15	0.54	83.87993006993007
7nxxB	3	4	0.228	0.15	0.54	83.87993006993007
7nxxB	4	4	0.228	0.15	0.54	83.87993006993007
7nxxB	5	4	0.228	0.15	0.54	83.87993006993007
7nxxB	1	2	0.228	0.15	0.54	83.56750116550103
7nxxB	1	1	0.228	0.15	0.54	83.43076923076936
7nxxB	2	1	0.22	0.14	0.54	85.17856876456871
7nxxB	3	1	0.22	0.14	0.54	85.17856876456871
7nxxB	4	1	0.22	0.14	0.54	85.17856876456871
7nxxB	5	1	0.22	0.14	0.54	85.17856876456871
7nxxB	2	2	0.21	0.13	0.53	83.40612587412596
7nxxB	3	2	0.21	0.13	0.53	83.40612587412596
7nxxB	4	2	0.21	0.13	0.53	83.40612587412596
7nxxB	5	2	0.21	0.13	0.53	83.40612587412596
7nxxB	2	3	0.21	0.13	0.53	83.3489090909092
7nxxB	3	3	0.21	0.13	0.53	83.3489090909092
7nxxB	4	3	0.21	0.13	0.53	83.3489090909092
7nxxB	5	3	0.21	0.13	0.53	83.3489090909092
7nxxB	1	3	0.21	0.13	0.53	83.27066666666667
7nxxB	1	4	0.204	0.12	0.54	83.37102564102562
7q3qB	2	4	0.8920000000000001	0.89	0.9	82.8102875399362
7q3qB	3	4	0.8920000000000001	0.89	0.9	82.8102875399362
7q3qB	4	4	0.8920000000000001	0.89	0.9	82.8102875399362
7q3qB	5	4	0.8920000000000001	0.89	0.9	82.8102875399362
7q3qB	2	0	0.8920000000000001	0.89	0.9	82.7256469648562
7q3qB	3	0	0.8920000000000001	0.89	0.9	82.7256469648562
7q3qB	4	0	0.8920000000000001	0.89	0.9	82.7256469648562
7q3qB	5	0	0.8920000000000001	0.89	0.9	82.7256469648562
7q3qB	2	1	0.8920000000000001	0.89	0.9	82.6754872204473
7q3qB	3	1	0.8920000000000001	0.89	0.9	82.6754872204473
7q3qB	4	1	0.8920000000000001	0.89	0.9	82.6754872204473
7q3qB	5	1	0.8920000000000001	0.89	0.9	82.6754872204473
7q3qB	1	0	0.204	0.11	0.58	82.91960463258792
7q3qB	2	2	0.196	0.1	0.58	92.84940495207664
7q3qB	3	2	0.196	0.1	0.58	92.84940495207664
7q3qB	4	2	0.196	0.1	0.58	92.84940495207664
7q3qB	5	2	0.196	0.1	0.58	92.84940495207664
7q3qB	1	1	0.196	0.1	0.58	83.11126597444098
7q3qB	1	2	0.196	0.1	0.58	82.97258386581481
7q3qB	2	3	0.188	0.09	0.58	92.181106230032
7q3qB	3	3	0.188	0.09	0.58	92.181106230032
7q3qB	4	3	0.188	0.09	0.58	92.181106230032
7q3qB	5	3	0.188	0.09	0.58	92.181106230032
7q3qB	1	3	0.188	0.09	0.58	82.75507987220448
7q3qB	1	4	0.188	0.09	0.58	82.71075878594253
7qbgE	2	2	0.592	0.57	0.68	80.51411714039621
7qbgE	3	2	0.592	0.57	0.68	80.51411714039621
7qbgE	4	2	0.592	0.57	0.68	80.51411714039621
7qbgE	5	2	0.592	0.57	0.68	80.51411714039621
7qbgE	2	0	0.494	0.47	0.59	82.82661929371218
7qbgE	3	0	0.494	0.47	0.59	82.82661929371218
7qbgE	4	0	0.494	0.47	0.59	82.82661929371218
7qbgE	5	0	0.494	0.47	0.59	82.82661929371218
7qbgE	2	1	0.494	0.47	0.59	80.22509259259286
7qbgE	3	1	0.494	0.47	0.59	80.22509259259286
7qbgE	4	1	0.494	0.47	0.59	80.22509259259286
7qbgE	5	1	0.494	0.47	0.59	80.22509259259286
7qbgE	1	0	0.486	0.46	0.59	80.22907838070655
7qbgE	1	1	0.486	0.46	0.59	80.06373169681295
7qbgE	1	2	0.486	0.46	0.59	80.02867355727834
7qbgE	1	3	0.484	0.46	0.58	80.07249354005184
7qbgE	1	4	0.478	0.45	0.59	80.00823858742474
7qbgE	2	3	0.478	0.45	0.59	79.91886950904414
7qbgE	3	3	0.478	0.45	0.59	79.91886950904414
7qbgE	4	3	0.478	0.45	0.59	79.91886950904414
7qbgE	5	3	0.478	0.45	0.59	79.91886950904414
7qbgE	2	4	0.456	0.43	0.56	82.71052756244622
7qbgE	3	4	0.456	0.43	0.56	82.71052756244622
7qbgE	4	4	0.456	0.43	0.56	82.71052756244622
7qbgE	5	4	0.456	0.43	0.56	82.71052756244622
7qneG	1	0	0.8060000000000002	0.8	0.83	86.30568322023449
7qneG	2	0	0.8060000000000002	0.8	0.83	86.15679056138183
7qneG	3	0	0.8060000000000002	0.8	0.83	86.15679056138183
7qneG	4	0	0.8060000000000002	0.8	0.83	86.15679056138183
7qneG	5	0	0.8060000000000002	0.8	0.83	86.15679056138183
7qneG	2	1	0.8060000000000002	0.8	0.83	86.12189235040073
7qneG	3	1	0.8060000000000002	0.8	0.83	86.12189235040073
7qneG	4	1	0.8060000000000002	0.8	0.83	86.12189235040073
7qneG	5	1	0.8060000000000002	0.8	0.83	86.12189235040073
7qneG	2	2	0.8060000000000002	0.8	0.83	85.79919802590972
7qneG	3	2	0.8060000000000002	0.8	0.83	85.79919802590972
7qneG	4	2	0.8060000000000002	0.8	0.83	85.79919802590972
7qneG	5	2	0.8060000000000002	0.8	0.83	85.79919802590972
7qneG	1	3	0.7960000000000002	0.79	0.82	86.08368753855649
7qneG	1	2	0.7960000000000002	0.79	0.82	86.06544725478095
7qneG	1	4	0.7960000000000002	0.79	0.82	85.96842227020329
7qneG	1	1	0.7960000000000002	0.79	0.82	85.96084207279449
7qneG	2	3	0.7960000000000002	0.79	0.82	85.9247655768043
7qneG	3	3	0.7960000000000002	0.79	0.82	85.9247655768043
7qneG	4	3	0.7960000000000002	0.79	0.82	85.9247655768043
7qneG	5	3	0.7960000000000002	0.79	0.82	85.9247655768043
7qneG	2	4	0.7960000000000002	0.79	0.82	85.84733806292378
7qneG	3	4	0.7960000000000002	0.79	0.82	85.84733806292378
7qneG	4	4	0.7960000000000002	0.79	0.82	85.84733806292378
7qneG	5	4	0.7960000000000002	0.79	0.82	85.84733806292378
7r24C	2	0	0.302	0.25	0.51	73.30407559198555
7r24C	3	0	0.302	0.25	0.51	73.30407559198555
7r24C	4	0	0.302	0.25	0.51	73.30407559198555
7r24C	5	0	0.302	0.25	0.51	73.30407559198555
7r24C	2	1	0.214	0.15	0.47	74.92804189435331
7r24C	3	1	0.214	0.15	0.47	74.92804189435331
7r24C	4	1	0.214	0.15	0.47	74.92804189435331
7r24C	5	1	0.214	0.15	0.47	74.92804189435331
7r24C	1	0	0.204	0.14	0.46	74.32857012750456
7r24C	1	1	0.202	0.14	0.45	74.55028688524592
7r24C	1	2	0.196	0.13	0.46	73.97313752276851
7r24C	1	3	0.188	0.12	0.46	74.58442167577411
7r24C	2	2	0.178	0.11	0.45	73.75052367941714
7r24C	3	2	0.178	0.11	0.45	73.75052367941714
7r24C	4	2	0.178	0.11	0.45	73.75052367941714
7r24C	5	2	0.178	0.11	0.45	73.75052367941714
7r24C	1	4	0.17	0.1	0.45	73.98134335154823
7r24C	2	3	0.16	0.09	0.44	74.65656193078328
7r24C	3	3	0.16	0.09	0.44	74.65656193078328
7r24C	4	3	0.16	0.09	0.44	74.65656193078328
7r24C	5	3	0.16	0.09	0.44	74.65656193078328
7r24C	2	4	0.144	0.07	0.44	74.1473315118397
7r24C	3	4	0.144	0.07	0.44	74.1473315118397
7r24C	4	4	0.144	0.07	0.44	74.1473315118397
7r24C	5	4	0.144	0.07	0.44	74.1473315118397
7r24E	2	0	0.8360000000000001	0.87	0.7	84.23323581560281
7r24E	3	0	0.8360000000000001	0.87	0.7	84.23323581560281
7r24E	4	0	0.8360000000000001	0.87	0.7	84.23323581560281
7r24E	5	0	0.8360000000000001	0.87	0.7	84.23323581560281
7r24E	1	0	0.8280000000000001	0.86	0.7	85.65887411347512
7r24E	2	2	0.8260000000000001	0.86	0.69	85.67134308510634
7r24E	3	2	0.8260000000000001	0.86	0.69	85.67134308510634
7r24E	4	2	0.8260000000000001	0.86	0.69	85.67134308510634
7r24E	5	2	0.8260000000000001	0.86	0.69	85.67134308510634
7r24E	2	1	0.8260000000000001	0.86	0.69	85.51303634751774
7r24E	3	1	0.8260000000000001	0.86	0.69	85.51303634751774
7r24E	4	1	0.8260000000000001	0.86	0.69	85.51303634751774
7r24E	5	1	0.8260000000000001	0.86	0.69	85.51303634751774
7r24E	2	3	0.8260000000000001	0.86	0.69	85.07680851063837
7r24E	3	3	0.8260000000000001	0.86	0.69	85.07680851063837
7r24E	4	3	0.8260000000000001	0.86	0.69	85.07680851063837
7r24E	5	3	0.8260000000000001	0.86	0.69	85.07680851063837
7r24E	1	3	0.8180000000000001	0.85	0.69	85.09697251773056
7r24E	2	4	0.8180000000000001	0.85	0.69	85.07058953900712
7r24E	3	4	0.8180000000000001	0.85	0.69	85.07058953900712
7r24E	4	4	0.8180000000000001	0.85	0.69	85.07058953900712
7r24E	5	4	0.8180000000000001	0.85	0.69	85.07058953900712
7r24E	1	2	0.8180000000000001	0.85	0.69	84.9500709219858
7r24E	1	1	0.8180000000000001	0.85	0.69	84.82488918439694
7r24E	1	4	0.8160000000000001	0.85	0.68	84.42997783687953
7t5fF	1	0	0.238	0.11	0.75	86.90911292200246
7t5fF	1	1	0.23	0.1	0.75	87.09626309662394
7t5fF	2	1	0.23	0.1	0.75	85.84997438882378
7t5fF	3	1	0.23	0.1	0.75	85.84997438882378
7t5fF	4	1	0.23	0.1	0.75	85.84997438882378
7t5fF	5	1	0.23	0.1	0.75	85.84997438882378
7t5fF	2	0	0.23	0.1	0.75	85.77559254947616
7t5fF	3	0	0.23	0.1	0.75	85.77559254947616
7t5fF	4	0	0.23	0.1	0.75	85.77559254947616
7t5fF	5	0	0.23	0.1	0.75	85.77559254947616
7t5fF	2	3	0.228	0.1	0.74	86.91698719441224
7t5fF	3	3	0.228	0.1	0.74	86.91698719441224
7t5fF	4	3	0.228	0.1	0.74	86.91698719441224
7t5fF	5	3	0.228	0.1	0.74	86.91698719441224
7t5fF	1	3	0.222	0.09	0.75	86.92148544819544
7t5fF	1	2	0.222	0.09	0.75	86.87774155995375
7t5fF	2	2	0.2199999999999999	0.09	0.74	86.31031199068703
7t5fF	3	2	0.2199999999999999	0.09	0.74	86.31031199068703
7t5fF	4	2	0.2199999999999999	0.09	0.74	86.31031199068703
7t5fF	5	2	0.2199999999999999	0.09	0.74	86.31031199068703
7t5fF	1	4	0.214	0.08	0.75	87.23236088474964
7t5fF	2	4	0.214	0.08	0.75	86.08712922002309
7t5fF	3	4	0.214	0.08	0.75	86.08712922002309
7t5fF	4	4	0.214	0.08	0.75	86.08712922002309
7t5fF	5	4	0.214	0.08	0.75	86.08712922002309
7tgfB	1	0	0.908	0.9	0.94	93.85199668874164
7tgfB	2	3	0.908	0.9	0.94	93.77312582781424
7tgfB	3	3	0.908	0.9	0.94	93.77312582781424
7tgfB	4	3	0.908	0.9	0.94	93.77312582781424
7tgfB	5	3	0.908	0.9	0.94	93.77312582781424
7tgfB	1	1	0.908	0.9	0.94	93.7667847682122
7tgfB	2	1	0.908	0.9	0.94	93.67998344370852
7tgfB	3	1	0.908	0.9	0.94	93.67998344370852
7tgfB	4	1	0.908	0.9	0.94	93.67998344370852
7tgfB	5	1	0.908	0.9	0.94	93.67998344370852
7tgfB	2	2	0.908	0.9	0.94	93.67263576158932
7tgfB	3	2	0.908	0.9	0.94	93.67263576158932
7tgfB	4	2	0.908	0.9	0.94	93.67263576158932
7tgfB	5	2	0.908	0.9	0.94	93.67263576158932
7tgfB	1	2	0.908	0.9	0.94	93.6391854304636
7tgfB	1	4	0.908	0.9	0.94	93.59702649006644
7tgfB	1	3	0.908	0.9	0.94	93.56718211920548
7tgfB	2	0	0.908	0.9	0.94	93.40384437086092
7tgfB	3	0	0.908	0.9	0.94	93.40384437086092
7tgfB	4	0	0.908	0.9	0.94	93.40384437086092
7tgfB	5	0	0.908	0.9	0.94	93.40384437086092
7tgfB	2	4	0.9000000000000001	0.89	0.94	93.40359602649028
7tgfB	3	4	0.9000000000000001	0.89	0.94	93.40359602649028
7tgfB	4	4	0.9000000000000001	0.89	0.94	93.40359602649028
7tgfB	5	4	0.9000000000000001	0.89	0.94	93.40359602649028
7tgiB	2	0	0.9240000000000002	0.92	0.94	94.20324516785344
7tgiB	3	0	0.9240000000000002	0.92	0.94	94.20324516785344
7tgiB	4	0	0.9240000000000002	0.92	0.94	94.20324516785344
7tgiB	5	0	0.9240000000000002	0.92	0.94	94.20324516785344
7tgiB	2	1	0.916	0.91	0.94	94.364425228891
7tgiB	3	1	0.916	0.91	0.94	94.364425228891
7tgiB	4	1	0.916	0.91	0.94	94.364425228891
7tgiB	5	1	0.916	0.91	0.94	94.364425228891
7tgiB	2	4	0.916	0.91	0.94	94.18077992539824
7tgiB	3	4	0.916	0.91	0.94	94.18077992539824
7tgiB	4	4	0.916	0.91	0.94	94.18077992539824
7tgiB	5	4	0.916	0.91	0.94	94.18077992539824
7tgiB	2	2	0.916	0.91	0.94	86.3314581213972
7tgiB	3	2	0.916	0.91	0.94	86.3314581213972
7tgiB	4	2	0.916	0.91	0.94	86.3314581213972
7tgiB	5	2	0.916	0.91	0.94	86.3314581213972
7tgiB	1	0	0.908	0.9	0.94	93.32449304849104
7tgiB	1	3	0.8980000000000001	0.89	0.93	93.12409291285192
7tgiB	1	1	0.8980000000000001	0.89	0.93	93.12317056629357
7tgiB	1	2	0.8980000000000001	0.89	0.93	93.10630722278736
7tgiB	1	4	0.8900000000000001	0.88	0.93	92.94311291963388
7tgiB	2	3	0.266	0.16	0.69	93.88555103424883
7tgiB	3	3	0.266	0.16	0.69	93.88555103424883
7tgiB	4	3	0.266	0.16	0.69	93.88555103424883
7tgiB	5	3	0.266	0.16	0.69	93.88555103424883
7th2C	2	0	0.267	0.16	0.67	86.07724126565583
7th2C	3	0	0.267	0.16	0.67	86.07724126565583
7th2C	4	0	0.267	0.16	0.67	86.07724126565583
7th2C	5	0	0.267	0.16	0.67	86.07724126565583
7th2C	2	1	0.251	0.14	0.67	85.90756427158858
7th2C	3	1	0.251	0.14	0.67	85.90756427158858
7th2C	4	1	0.251	0.14	0.67	85.90756427158858
7th2C	5	1	0.251	0.14	0.67	85.90756427158858
7th2C	2	3	0.251	0.14	0.67	85.02021753460764
7th2C	3	3	0.251	0.14	0.67	85.02021753460764
7th2C	4	3	0.251	0.14	0.67	85.02021753460764
7th2C	5	3	0.251	0.14	0.67	85.02021753460764
7th2C	1	0	0.243	0.13	0.67	85.73174686882005
7th2C	1	1	0.228	0.12	0.66	85.7689288068556
7th2C	2	2	0.225	0.11	0.66	85.76655240606473
7th2C	3	2	0.225	0.11	0.66	85.76655240606473
7th2C	4	2	0.225	0.11	0.66	85.76655240606473
7th2C	5	2	0.225	0.11	0.66	85.76655240606473
7th2C	2	4	0.217	0.1	0.66	85.73088332234676
7th2C	3	4	0.217	0.1	0.66	85.73088332234676
7th2C	4	4	0.217	0.1	0.66	85.73088332234676
7th2C	5	4	0.217	0.1	0.66	85.73088332234676
7th2C	1	2	0.217	0.1	0.66	85.63775543836526
7th2C	1	3	0.217	0.1	0.66	85.29098220171386
7th2C	1	4	0.212	0.1	0.66	85.63932432432422
7tprE	2	2	0.4389999999999999	0.36	0.73	80.57203993143062
7tprE	3	2	0.4389999999999999	0.36	0.73	80.57203993143062
7tprE	4	2	0.4389999999999999	0.36	0.73	80.57203993143062
7tprE	5	2	0.4389999999999999	0.36	0.73	80.57203993143062
7tprE	2	0	0.295	0.18	0.73	80.57256730866197
7tprE	3	0	0.295	0.18	0.73	80.57256730866197
7tprE	4	0	0.295	0.18	0.73	80.57256730866197
7tprE	5	0	0.295	0.18	0.73	80.57256730866197
7tprE	1	0	0.287	0.17	0.73	81.02479580518308
7tprE	1	2	0.285	0.17	0.72	80.90737823938694
7tprE	1	1	0.285	0.17	0.72	80.70452052031854
7tprE	1	3	0.263	0.14	0.73	80.95341938086119
7tprE	1	4	0.263	0.14	0.73	80.86522335383651
7tprE	2	1	0.261	0.14	0.72	81.12013915498655
7tprE	3	1	0.261	0.14	0.72	81.12013915498655
7tprE	4	1	0.261	0.14	0.72	81.12013915498655
7tprE	5	1	0.261	0.14	0.72	81.12013915498655
7tprE	2	3	0.261	0.14	0.72	80.66513159221527
7tprE	3	3	0.261	0.14	0.72	80.66513159221527
7tprE	4	3	0.261	0.14	0.72	80.66513159221527
7tprE	5	3	0.261	0.14	0.72	80.66513159221527
7tprE	2	4	0.255	0.13	0.73	80.1851880609054
7tprE	3	4	0.255	0.13	0.73	80.1851880609054
7tprE	4	4	0.255	0.13	0.73	80.1851880609054
7tprE	5	4	0.255	0.13	0.73	80.1851880609054
7ubxC	2	1	0.91	0.91	0.91	85.09252669039147
7ubxC	3	1	0.91	0.91	0.91	85.09252669039147
7ubxC	4	1	0.91	0.91	0.91	85.09252669039147
7ubxC	5	1	0.91	0.91	0.91	85.09252669039147
7ubxC	2	0	0.256	0.14	0.72	85.02250635485534
7ubxC	3	0	0.256	0.14	0.72	85.02250635485534
7ubxC	4	0	0.256	0.14	0.72	85.02250635485534
7ubxC	5	0	0.256	0.14	0.72	85.02250635485534
7ubxC	1	0	0.2319999999999999	0.11	0.72	85.60409252669052
7ubxC	2	2	0.222	0.1	0.71	90.61614387391955
7ubxC	3	2	0.222	0.1	0.71	90.61614387391955
7ubxC	4	2	0.222	0.1	0.71	90.61614387391955
7ubxC	5	2	0.222	0.1	0.71	90.61614387391955
7ubxC	1	3	0.222	0.1	0.71	85.86117946110843
7ubxC	1	1	0.222	0.1	0.71	85.71938993390962
7ubxC	1	2	0.222	0.1	0.71	85.34313675648187
7ubxC	1	4	0.2159999999999999	0.09	0.72	85.86982714794114
7ubxC	2	4	0.2139999999999999	0.09	0.71	85.26988815454982
7ubxC	3	4	0.2139999999999999	0.09	0.71	85.26988815454982
7ubxC	4	4	0.2139999999999999	0.09	0.71	85.26988815454982
7ubxC	5	4	0.2139999999999999	0.09	0.71	85.26988815454982
7ubxC	2	3	0.2139999999999999	0.09	0.71	84.93090238942555
7ubxC	3	3	0.2139999999999999	0.09	0.71	84.93090238942555
7ubxC	4	3	0.2139999999999999	0.09	0.71	84.93090238942555
7ubxC	5	3	0.2139999999999999	0.09	0.71	84.93090238942555
7uiaB	2	3	0.646	0.6	0.83	86.50340170546217
7uiaB	3	3	0.646	0.6	0.83	86.50340170546217
7uiaB	4	3	0.646	0.6	0.83	86.50340170546217
7uiaB	5	3	0.646	0.6	0.83	86.50340170546217
7uiaB	2	1	0.63	0.58	0.83	89.12922332334658
7uiaB	3	1	0.63	0.58	0.83	89.12922332334658
7uiaB	4	1	0.63	0.58	0.83	89.12922332334658
7uiaB	5	1	0.63	0.58	0.83	89.12922332334658
7uiaB	2	0	0.6120000000000001	0.56	0.82	88.76580548513472
7uiaB	3	0	0.6120000000000001	0.56	0.82	88.76580548513472
7uiaB	4	0	0.6120000000000001	0.56	0.82	88.76580548513472
7uiaB	5	0	0.6120000000000001	0.56	0.82	88.76580548513472
7uiaB	2	4	0.562	0.5	0.81	89.09443420142894
7uiaB	3	4	0.562	0.5	0.81	89.09443420142894
7uiaB	4	4	0.562	0.5	0.81	89.09443420142894
7uiaB	5	4	0.562	0.5	0.81	89.09443420142894
7uiaB	1	0	0.2339999999999999	0.11	0.73	86.12221018667886
7uiaB	1	2	0.226	0.1	0.73	86.17546208803851
7uiaB	1	1	0.226	0.1	0.73	85.87031343627574
7uiaB	1	3	0.2179999999999999	0.09	0.73	86.19809633556109
7uiaB	1	4	0.2179999999999999	0.09	0.73	85.95843512330053
7uiaB	2	2	0.2159999999999999	0.09	0.72	89.86091034800643
7uiaB	3	2	0.2159999999999999	0.09	0.72	89.86091034800643
7uiaB	4	2	0.2159999999999999	0.09	0.72	89.86091034800643
7uiaB	5	2	0.2159999999999999	0.09	0.72	89.86091034800643
7unzA	2	2	0.272	0.23	0.44	76.92075290215574
7unzA	3	2	0.272	0.23	0.44	76.92075290215574
7unzA	4	2	0.272	0.23	0.44	76.92075290215574
7unzA	5	2	0.272	0.23	0.44	76.92075290215574
7unzA	2	1	0.27	0.22	0.47	77.91314096185722
7unzA	3	1	0.27	0.22	0.47	77.91314096185722
7unzA	4	1	0.27	0.22	0.47	77.91314096185722
7unzA	5	1	0.27	0.22	0.47	77.91314096185722
7unzA	2	0	0.178	0.11	0.45	77.23714427860706
7unzA	3	0	0.178	0.11	0.45	77.23714427860706
7unzA	4	0	0.178	0.11	0.45	77.23714427860706
7unzA	5	0	0.178	0.11	0.45	77.23714427860706
7unzA	2	3	0.174	0.11	0.43	73.20498507462692
7unzA	3	3	0.174	0.11	0.43	73.20498507462692
7unzA	4	3	0.174	0.11	0.43	73.20498507462692
7unzA	5	3	0.174	0.11	0.43	73.20498507462692
7unzA	1	1	0.15	0.1	0.35	71.56104145936972
7unzA	1	0	0.15	0.1	0.35	71.4427131011611
7unzA	2	4	0.15	0.08	0.43	76.66241127694866
7unzA	3	4	0.15	0.08	0.43	76.66241127694866
7unzA	4	4	0.15	0.08	0.43	76.66241127694866
7unzA	5	4	0.15	0.08	0.43	76.66241127694866
7unzA	1	3	0.142	0.09	0.35	71.26843117744603
7unzA	1	2	0.142	0.09	0.35	70.7323482587065
7unzA	1	4	0.126	0.07	0.35	71.1339900497511
7voaA	2	0	0.232	0.14	0.6	82.13645675567939
7voaA	3	0	0.232	0.14	0.6	82.13645675567939
7voaA	4	0	0.232	0.14	0.6	82.13645675567939
7voaA	5	0	0.232	0.14	0.6	82.13645675567939
7voaA	1	0	0.23	0.14	0.59	81.3084734954166
7voaA	1	1	0.23	0.14	0.59	81.24351933041054
7voaA	1	2	0.222	0.13	0.59	81.42186528497417
7voaA	1	3	0.214	0.12	0.59	81.27774412116365
7voaA	2	2	0.212	0.12	0.58	81.21545635711448
7voaA	3	2	0.212	0.12	0.58	81.21545635711448
7voaA	4	2	0.212	0.12	0.58	81.21545635711448
7voaA	5	2	0.212	0.12	0.58	81.21545635711448
7voaA	2	1	0.204	0.11	0.58	81.3357353527301
7voaA	3	1	0.204	0.11	0.58	81.3357353527301
7voaA	4	1	0.204	0.11	0.58	81.3357353527301
7voaA	5	1	0.204	0.11	0.58	81.3357353527301
7voaA	1	4	0.204	0.11	0.58	81.28445197289764
7voaA	2	3	0.186	0.09	0.57	81.23533280191307
7voaA	3	3	0.186	0.09	0.57	81.23533280191307
7voaA	4	3	0.186	0.09	0.57	81.23533280191307
7voaA	5	3	0.186	0.09	0.57	81.23533280191307
7voaA	2	4	0.168	0.07	0.56	81.81210442407337
7voaA	3	4	0.168	0.07	0.56	81.81210442407337
7voaA	4	4	0.168	0.07	0.56	81.81210442407337
7voaA	5	4	0.168	0.07	0.56	81.81210442407337
7w1sB	2	3	0.33	0.25	0.65	83.33858995815909
7w1sB	3	3	0.33	0.25	0.65	83.33858995815909
7w1sB	4	3	0.33	0.25	0.65	83.33858995815909
7w1sB	5	3	0.33	0.25	0.65	83.33858995815909
7w1sB	2	1	0.244	0.15	0.62	84.41525941422594
7w1sB	3	1	0.244	0.15	0.62	84.41525941422594
7w1sB	4	1	0.244	0.15	0.62	84.41525941422594
7w1sB	5	1	0.244	0.15	0.62	84.41525941422594
7w1sB	2	0	0.242	0.15	0.61	84.48167782426779
7w1sB	3	0	0.242	0.15	0.61	84.48167782426779
7w1sB	4	0	0.242	0.15	0.61	84.48167782426779
7w1sB	5	0	0.242	0.15	0.61	84.48167782426779
7w1sB	2	2	0.208	0.11	0.6	85.54336401673663
7w1sB	3	2	0.208	0.11	0.6	85.54336401673663
7w1sB	4	2	0.208	0.11	0.6	85.54336401673663
7w1sB	5	2	0.208	0.11	0.6	85.54336401673663
7w1sB	1	1	0.208	0.11	0.6	84.14817154811706
7w1sB	1	2	0.208	0.11	0.6	83.9331882845189
7w1sB	1	3	0.208	0.11	0.6	83.89287447698746
7w1sB	1	0	0.208	0.11	0.6	83.65839748953971
7w1sB	2	4	0.19	0.09	0.59	84.37136401673631
7w1sB	3	4	0.19	0.09	0.59	84.37136401673631
7w1sB	4	4	0.19	0.09	0.59	84.37136401673631
7w1sB	5	4	0.19	0.09	0.59	84.37136401673631
7w1sB	1	4	0.182	0.08	0.59	83.37799999999972
7wd2D	2	3	0.8580000000000001	0.85	0.89	82.05002747252759
7wd2D	3	3	0.8580000000000001	0.85	0.89	82.05002747252759
7wd2D	4	3	0.8580000000000001	0.85	0.89	82.05002747252759
7wd2D	5	3	0.8580000000000001	0.85	0.89	82.05002747252759
7wd2D	2	1	0.8580000000000001	0.85	0.89	82.04160518053381
7wd2D	3	1	0.8580000000000001	0.85	0.89	82.04160518053381
7wd2D	4	1	0.8580000000000001	0.85	0.89	82.04160518053381
7wd2D	5	1	0.8580000000000001	0.85	0.89	82.04160518053381
7wd2D	1	0	0.424	0.36	0.68	83.44100863422281
7wd2D	1	1	0.416	0.35	0.68	83.15800627943493
7wd2D	1	2	0.414	0.35	0.67	83.1758477237049
7wd2D	1	3	0.406	0.34	0.67	83.07715463108316
7wd2D	1	4	0.364	0.29	0.66	82.73031397174256
7wd2D	2	0	0.276	0.19	0.62	90.91909733124017
7wd2D	3	0	0.276	0.19	0.62	90.91909733124017
7wd2D	4	0	0.276	0.19	0.62	90.91909733124017
7wd2D	5	0	0.276	0.19	0.62	90.91909733124017
7wd2D	2	2	0.258	0.17	0.61	90.87596938775502
7wd2D	3	2	0.258	0.17	0.61	90.87596938775502
7wd2D	4	2	0.258	0.17	0.61	90.87596938775502
7wd2D	5	2	0.258	0.17	0.61	90.87596938775502
7wd2D	2	4	0.188	0.09	0.58	90.83465463108324
7wd2D	3	4	0.188	0.09	0.58	90.83465463108324
7wd2D	4	4	0.188	0.09	0.58	90.83465463108324
7wd2D	5	4	0.188	0.09	0.58	90.83465463108324
7whiG	2	1	0.285	0.18	0.68	83.68150510484095
7whiG	3	1	0.285	0.18	0.68	83.68150510484095
7whiG	4	1	0.285	0.18	0.68	83.68150510484095
7whiG	5	1	0.285	0.18	0.68	83.68150510484095
7whiG	1	0	0.279	0.17	0.69	83.2133428477327
7whiG	2	0	0.272	0.17	0.68	83.27891206499073
7whiG	3	0	0.272	0.17	0.68	83.27891206499073
7whiG	4	0	0.272	0.17	0.68	83.27891206499073
7whiG	5	0	0.272	0.17	0.68	83.27891206499073
7whiG	1	1	0.269	0.16	0.68	83.07850806894331
7whiG	2	3	0.266	0.16	0.69	83.10920627950398
7whiG	3	3	0.266	0.16	0.69	83.10920627950398
7whiG	4	3	0.266	0.16	0.69	83.10920627950398
7whiG	5	3	0.266	0.16	0.69	83.10920627950398
7whiG	2	2	0.266	0.16	0.69	82.85298276429933
7whiG	3	2	0.266	0.16	0.69	82.85298276429933
7whiG	4	2	0.266	0.16	0.69	82.85298276429933
7whiG	5	2	0.266	0.16	0.69	82.85298276429933
7whiG	1	2	0.245	0.13	0.68	82.95878032714907
7whiG	1	3	0.237	0.12	0.68	83.14867603469114
7whiG	1	4	0.232	0.12	0.68	82.90528707871358
7whiG	2	4	0.232	0.12	0.68	82.73392798331311
7whiG	3	4	0.232	0.12	0.68	82.73392798331311
7whiG	4	4	0.232	0.12	0.68	82.73392798331311
7whiG	5	4	0.232	0.12	0.68	82.73392798331311
7wkiB	1	0	0.208	0.13	0.52	80.70371414192262
7wkiB	2	0	0.206	0.13	0.51	80.98505787619537
7wkiB	3	0	0.206	0.13	0.51	80.98505787619537
7wkiB	4	0	0.206	0.13	0.51	80.98505787619537
7wkiB	5	0	0.206	0.13	0.51	80.98505787619537
7wkiB	2	3	0.198	0.12	0.51	81.11155510820339
7wkiB	3	3	0.198	0.12	0.51	81.11155510820339
7wkiB	4	3	0.198	0.12	0.51	81.11155510820339
7wkiB	5	3	0.198	0.12	0.51	81.11155510820339
7wkiB	1	1	0.198	0.12	0.51	80.89773527931555
7wkiB	2	2	0.198	0.12	0.51	79.80647206844486
7wkiB	3	2	0.198	0.12	0.51	79.80647206844486
7wkiB	4	2	0.198	0.12	0.51	79.80647206844486
7wkiB	5	2	0.198	0.12	0.51	79.80647206844486
7wkiB	2	1	0.196	0.12	0.5	81.12810770005022
7wkiB	3	1	0.196	0.12	0.5	81.12810770005022
7wkiB	4	1	0.196	0.12	0.5	81.12810770005022
7wkiB	5	1	0.196	0.12	0.5	81.12810770005022
7wkiB	1	2	0.18	0.1	0.5	80.01217413185697
7wkiB	2	4	0.1699999999999999	0.09	0.49	80.83425767488679
7wkiB	3	4	0.1699999999999999	0.09	0.49	80.83425767488679
7wkiB	4	4	0.1699999999999999	0.09	0.49	80.83425767488679
7wkiB	5	4	0.1699999999999999	0.09	0.49	80.83425767488679
7wkiB	1	3	0.1699999999999999	0.09	0.49	80.16780070457985
7wkiB	1	4	0.144	0.06	0.48	80.56362355309513
7x2jB	1	0	0.902	0.9	0.91	92.55831636648398
7x2jB	1	3	0.902	0.9	0.91	92.45217697729063
7x2jB	1	1	0.9000000000000001	0.9	0.9	92.58595927956132
7x2jB	1	2	0.9000000000000001	0.9	0.9	92.48160140955343
7x2jB	1	4	0.9000000000000001	0.9	0.9	92.43728660924036
7x2jB	2	1	0.9000000000000001	0.9	0.9	92.35754502740814
7x2jB	3	1	0.9000000000000001	0.9	0.9	92.35754502740814
7x2jB	4	1	0.9000000000000001	0.9	0.9	92.35754502740814
7x2jB	5	1	0.9000000000000001	0.9	0.9	92.35754502740814
7x2jB	2	3	0.274	0.19	0.61	83.318598277212
7x2jB	3	3	0.274	0.19	0.61	83.318598277212
7x2jB	4	3	0.274	0.19	0.61	83.318598277212
7x2jB	5	3	0.274	0.19	0.61	83.318598277212
7x2jB	2	2	0.248	0.16	0.6	83.60594753328121
7x2jB	3	2	0.248	0.16	0.6	83.60594753328121
7x2jB	4	2	0.248	0.16	0.6	83.60594753328121
7x2jB	5	2	0.248	0.16	0.6	83.60594753328121
7x2jB	2	0	0.248	0.16	0.6	82.4492247454972
7x2jB	3	0	0.248	0.16	0.6	82.4492247454972
7x2jB	4	0	0.248	0.16	0.6	82.4492247454972
7x2jB	5	0	0.248	0.16	0.6	82.4492247454972
7x2jB	2	4	0.178	0.08	0.57	81.57626076742386
7x2jB	3	4	0.178	0.08	0.57	81.57626076742386
7x2jB	4	4	0.178	0.08	0.57	81.57626076742386
7x2jB	5	4	0.178	0.08	0.57	81.57626076742386
7x2lB	1	1	0.8040000000000002	0.79	0.86	91.8244134304208
7x2lB	1	0	0.8020000000000002	0.79	0.85	91.5803640776699
7x2lB	1	2	0.7940000000000002	0.78	0.85	91.66349110032374
7x2lB	1	3	0.7840000000000001	0.77	0.84	91.2538996763753
7x2lB	2	2	0.7840000000000001	0.77	0.84	83.03600728155338
7x2lB	3	2	0.7840000000000001	0.77	0.84	83.03600728155338
7x2lB	4	2	0.7840000000000001	0.77	0.84	83.03600728155338
7x2lB	5	2	0.7840000000000001	0.77	0.84	83.03600728155338
7x2lB	1	4	0.7760000000000001	0.76	0.84	91.26542475728176
7x2lB	2	1	0.248	0.16	0.6	82.69463592232984
7x2lB	3	1	0.248	0.16	0.6	82.69463592232984
7x2lB	4	1	0.248	0.16	0.6	82.69463592232984
7x2lB	5	1	0.248	0.16	0.6	82.69463592232984
7x2lB	2	0	0.214	0.12	0.59	91.5791343042072
7x2lB	3	0	0.214	0.12	0.59	91.5791343042072
7x2lB	4	0	0.214	0.12	0.59	91.5791343042072
7x2lB	5	0	0.214	0.12	0.59	91.5791343042072
7x2lB	2	3	0.198	0.1	0.59	81.88891990291276
7x2lB	3	3	0.198	0.1	0.59	81.88891990291276
7x2lB	4	3	0.198	0.1	0.59	81.88891990291276
7x2lB	5	3	0.198	0.1	0.59	81.88891990291276
7x2lB	2	4	0.19	0.09	0.59	90.94746359223308
7x2lB	3	4	0.19	0.09	0.59	90.94746359223308
7x2lB	4	4	0.19	0.09	0.59	90.94746359223308
7x2lB	5	4	0.19	0.09	0.59	90.94746359223308
7x2mB	2	1	0.268	0.18	0.62	85.17569372251099
7x2mB	3	1	0.268	0.18	0.62	85.17569372251099
7x2mB	4	1	0.268	0.18	0.62	85.17569372251099
7x2mB	5	1	0.268	0.18	0.62	85.17569372251099
7x2mB	2	2	0.258	0.17	0.61	84.28859256297508
7x2mB	3	2	0.258	0.17	0.61	84.28859256297508
7x2mB	4	2	0.258	0.17	0.61	84.28859256297508
7x2mB	5	2	0.258	0.17	0.61	84.28859256297508
7x2mB	1	0	0.242	0.15	0.61	85.22097960815671
7x2mB	1	1	0.24	0.15	0.6	84.80379848060768
7x2mB	1	3	0.232	0.14	0.6	85.06114754098363
7x2mB	1	2	0.232	0.14	0.6	84.5620351859256
7x2mB	2	3	0.224	0.13	0.6	85.26531787285101
7x2mB	3	3	0.224	0.13	0.6	85.26531787285101
7x2mB	4	3	0.224	0.13	0.6	85.26531787285101
7x2mB	5	3	0.224	0.13	0.6	85.26531787285101
7x2mB	2	0	0.224	0.13	0.6	84.97026789284283
7x2mB	3	0	0.224	0.13	0.6	84.97026789284283
7x2mB	4	0	0.224	0.13	0.6	84.97026789284283
7x2mB	5	0	0.224	0.13	0.6	84.97026789284283
7x2mB	1	4	0.216	0.12	0.6	84.56437425029978
7x2mB	2	4	0.206	0.11	0.59	84.4787405037985
7x2mB	3	4	0.206	0.11	0.59	84.4787405037985
7x2mB	4	4	0.206	0.11	0.59	84.4787405037985
7x2mB	5	4	0.206	0.11	0.59	84.4787405037985
7x7eA	1	0	0.266	0.18	0.61	84.23267729083663
7x7eA	2	2	0.266	0.18	0.61	83.82452988047831
7x7eA	3	2	0.266	0.18	0.61	83.82452988047831
7x7eA	4	2	0.266	0.18	0.61	83.82452988047831
7x7eA	5	2	0.266	0.18	0.61	83.82452988047831
7x7eA	2	1	0.264	0.18	0.6	83.93595219123513
7x7eA	3	1	0.264	0.18	0.6	83.93595219123513
7x7eA	4	1	0.264	0.18	0.6	83.93595219123513
7x7eA	5	1	0.264	0.18	0.6	83.93595219123513
7x7eA	2	0	0.256	0.17	0.6	85.0327171314742
7x7eA	3	0	0.256	0.17	0.6	85.0327171314742
7x7eA	4	0	0.256	0.17	0.6	85.0327171314742
7x7eA	5	0	0.256	0.17	0.6	85.0327171314742
7x7eA	2	3	0.256	0.17	0.6	82.61483266932265
7x7eA	3	3	0.256	0.17	0.6	82.61483266932265
7x7eA	4	3	0.256	0.17	0.6	82.61483266932265
7x7eA	5	3	0.256	0.17	0.6	82.61483266932265
7x7eA	1	2	0.248	0.16	0.6	83.98925896414325
7x7eA	1	3	0.248	0.16	0.6	83.70133067729091
7x7eA	1	1	0.248	0.16	0.6	83.59415139442233
7x7eA	2	4	0.238	0.15	0.59	84.01827091633456
7x7eA	3	4	0.238	0.15	0.59	84.01827091633456
7x7eA	4	4	0.238	0.15	0.59	84.01827091633456
7x7eA	5	4	0.238	0.15	0.59	84.01827091633456
7x7eA	1	4	0.1699999999999999	0.07	0.57	82.70509561752995
7xqvB	1	0	0.668	0.64	0.78	82.62857207615596
7xqvB	1	1	0.66	0.63	0.78	83.15147778785122
7xqvB	1	2	0.614	0.58	0.75	81.7800906618312
7xqvB	1	3	0.5880000000000001	0.55	0.74	81.48966455122385
7xqvB	2	0	0.556	0.52	0.7	79.78400271985481
7xqvB	3	0	0.556	0.52	0.7	79.78400271985481
7xqvB	4	0	0.556	0.52	0.7	79.78400271985481
7xqvB	5	0	0.556	0.52	0.7	79.78400271985481
7xqvB	1	4	0.526	0.48	0.71	79.82532184950166
7xqvB	2	2	0.512	0.47	0.68	78.97270172257484
7xqvB	3	2	0.512	0.47	0.68	78.97270172257484
7xqvB	4	2	0.512	0.47	0.68	78.97270172257484
7xqvB	5	2	0.512	0.47	0.68	78.97270172257484
7xqvB	2	4	0.498	0.45	0.69	77.99330462375332
7xqvB	3	4	0.498	0.45	0.69	77.99330462375332
7xqvB	4	4	0.498	0.45	0.69	77.99330462375332
7xqvB	5	4	0.498	0.45	0.69	77.99330462375332
7xqvB	2	1	0.454	0.4	0.67	79.70957388939247
7xqvB	3	1	0.454	0.4	0.67	79.70957388939247
7xqvB	4	1	0.454	0.4	0.67	79.70957388939247
7xqvB	5	1	0.454	0.4	0.67	79.70957388939247
7xqvB	2	3	0.416	0.36	0.64	77.68355847688112
7xqvB	3	3	0.416	0.36	0.64	77.68355847688112
7xqvB	4	3	0.416	0.36	0.64	77.68355847688112
7xqvB	5	3	0.416	0.36	0.64	77.68355847688112
7yz9B	2	1	0.8620000000000001	0.86	0.87	84.36104056437398
7yz9B	3	1	0.8620000000000001	0.86	0.87	84.36104056437398
7yz9B	4	1	0.8620000000000001	0.86	0.87	84.36104056437398
7yz9B	5	1	0.8620000000000001	0.86	0.87	84.36104056437398
7yz9B	2	3	0.8100000000000002	0.8	0.85	78.92945326278674
7yz9B	3	3	0.8100000000000002	0.8	0.85	78.92945326278674
7yz9B	4	3	0.8100000000000002	0.8	0.85	78.92945326278674
7yz9B	5	3	0.8100000000000002	0.8	0.85	78.92945326278674
7yz9B	2	0	0.8080000000000002	0.8	0.84	87.57514550264546
7yz9B	3	0	0.8080000000000002	0.8	0.84	87.57514550264546
7yz9B	4	0	0.8080000000000002	0.8	0.84	87.57514550264546
7yz9B	5	0	0.8080000000000002	0.8	0.84	87.57514550264546
7yz9B	1	3	0.8080000000000002	0.8	0.84	84.09897707231043
7yz9B	1	1	0.8080000000000002	0.8	0.84	84.0476851851852
7yz9B	1	0	0.8080000000000002	0.8	0.84	84.03858024691363
7yz9B	1	2	0.8080000000000002	0.8	0.84	84.02789682539678
7yz9B	1	4	0.8080000000000002	0.8	0.84	83.90012786596097
7yz9B	2	4	0.7900000000000001	0.78	0.83	86.8784700176369
7yz9B	3	4	0.7900000000000001	0.78	0.83	86.8784700176369
7yz9B	4	4	0.7900000000000001	0.78	0.83	86.8784700176369
7yz9B	5	4	0.7900000000000001	0.78	0.83	86.8784700176369
7yz9B	2	2	0.216	0.13	0.56	84.95266754850071
7yz9B	3	2	0.216	0.13	0.56	84.95266754850071
7yz9B	4	2	0.216	0.13	0.56	84.95266754850071
7yz9B	5	2	0.216	0.13	0.56	84.95266754850071
7zmvG	1	0	0.704	0.7	0.72	87.47710171428565
7zmvG	1	2	0.696	0.69	0.72	87.23850742857117
7zmvG	1	3	0.694	0.69	0.71	87.38569600000008
7zmvG	2	0	0.694	0.69	0.71	86.62663771428592
7zmvG	3	0	0.694	0.69	0.71	86.62663771428592
7zmvG	4	0	0.694	0.69	0.71	86.62663771428592
7zmvG	5	0	0.694	0.69	0.71	86.62663771428592
7zmvG	1	1	0.692	0.69	0.7	87.46429257142835
7zmvG	1	4	0.6880000000000001	0.68	0.72	87.32653028571416
7zmvG	2	2	0.686	0.68	0.71	86.6735291428569
7zmvG	3	2	0.686	0.68	0.71	86.6735291428569
7zmvG	4	2	0.686	0.68	0.71	86.6735291428569
7zmvG	5	2	0.686	0.68	0.71	86.6735291428569
7zmvG	2	1	0.676	0.67	0.7	87.18912228571433
7zmvG	3	1	0.676	0.67	0.7	87.18912228571433
7zmvG	4	1	0.676	0.67	0.7	87.18912228571433
7zmvG	5	1	0.676	0.67	0.7	87.18912228571433
7zmvG	2	4	0.668	0.66	0.7	86.44930742857159
7zmvG	3	4	0.668	0.66	0.7	86.44930742857159
7zmvG	4	4	0.668	0.66	0.7	86.44930742857159
7zmvG	5	4	0.668	0.66	0.7	86.44930742857159
7zmvG	2	3	0.642	0.63	0.69	87.11914971428541
7zmvG	3	3	0.642	0.63	0.69	87.11914971428541
7zmvG	4	3	0.642	0.63	0.69	87.11914971428541
7zmvG	5	3	0.642	0.63	0.69	87.11914971428541
8bb7D	1	0	0.258	0.13	0.77	87.2915040034625
8bb7D	1	1	0.258	0.13	0.77	87.27118372646646
8bb7D	1	2	0.248	0.12	0.76	86.97378056697697
8bb7D	2	3	0.248	0.12	0.76	85.96360960830962
8bb7D	3	3	0.248	0.12	0.76	85.96360960830962
8bb7D	4	3	0.248	0.12	0.76	85.96360960830962
8bb7D	5	3	0.248	0.12	0.76	85.96360960830962
8bb7D	2	0	0.24	0.11	0.76	87.12638389958849
8bb7D	3	0	0.24	0.11	0.76	87.12638389958849
8bb7D	4	0	0.24	0.11	0.76	87.12638389958849
8bb7D	5	0	0.24	0.11	0.76	87.12638389958849
8bb7D	2	1	0.238	0.11	0.75	86.8204111664144
8bb7D	3	1	0.238	0.11	0.75	86.8204111664144
8bb7D	4	1	0.238	0.11	0.75	86.8204111664144
8bb7D	5	1	0.238	0.11	0.75	86.8204111664144
8bb7D	1	3	0.232	0.1	0.76	87.01531486691204
8bb7D	2	4	0.232	0.1	0.76	86.7806254057564
8bb7D	3	4	0.232	0.1	0.76	86.7806254057564
8bb7D	4	4	0.232	0.1	0.76	86.7806254057564
8bb7D	5	4	0.232	0.1	0.76	86.7806254057564
8bb7D	2	2	0.232	0.1	0.76	86.6055334343214
8bb7D	3	2	0.232	0.1	0.76	86.6055334343214
8bb7D	4	2	0.232	0.1	0.76	86.6055334343214
8bb7D	5	2	0.232	0.1	0.76	86.6055334343214
8bb7D	1	4	0.232	0.1	0.76	86.40931616533209
8cwuB	2	0	0.8270000000000002	0.8	0.86	81.00517214087864
8cwuB	3	0	0.8270000000000002	0.8	0.86	81.00517214087864
8cwuB	4	0	0.8270000000000002	0.8	0.86	81.00517214087864
8cwuB	5	0	0.8270000000000002	0.8	0.86	81.00517214087864
8cwuB	2	3	0.8120000000000002	0.8	0.86	81.10827463395343
8cwuB	3	3	0.8120000000000002	0.8	0.86	81.10827463395343
8cwuB	4	3	0.8120000000000002	0.8	0.86	81.10827463395343
8cwuB	5	3	0.8120000000000002	0.8	0.86	81.10827463395343
8cwuB	2	4	0.8120000000000002	0.8	0.86	80.84328452710724
8cwuB	3	4	0.8120000000000002	0.8	0.86	80.84328452710724
8cwuB	4	4	0.8120000000000002	0.8	0.86	80.84328452710724
8cwuB	5	4	0.8120000000000002	0.8	0.86	80.84328452710724
8cwuB	1	0	0.8120000000000002	0.79	0.85	89.06174910961626
8cwuB	1	2	0.8070000000000002	0.79	0.85	88.95973090621321
8cwuB	1	3	0.8070000000000002	0.78	0.84	88.7652235852789
8cwuB	1	1	0.8040000000000002	0.78	0.85	89.03534230312617
8cwuB	1	4	0.7990000000000002	0.78	0.85	88.90066877720628
8cwuB	2	1	0.217	0.11	0.57	89.58438068856357
8cwuB	3	1	0.217	0.11	0.57	89.58438068856357
8cwuB	4	1	0.217	0.11	0.57	89.58438068856357
8cwuB	5	1	0.217	0.11	0.57	89.58438068856357
8cwuB	2	2	0.202	0.11	0.57	89.44984962406016
8cwuB	3	2	0.202	0.11	0.57	89.44984962406016
8cwuB	4	2	0.202	0.11	0.57	89.44984962406016
8cwuB	5	2	0.202	0.11	0.57	89.44984962406016
8dquB	2	1	0.592	0.57	0.68	78.72104651162785
8dquB	3	1	0.592	0.57	0.68	78.72104651162785
8dquB	4	1	0.592	0.57	0.68	78.72104651162785
8dquB	5	1	0.592	0.57	0.68	78.72104651162785
8dquB	2	2	0.5840000000000001	0.56	0.68	76.76075581395355
8dquB	3	2	0.5840000000000001	0.56	0.68	76.76075581395355
8dquB	4	2	0.5840000000000001	0.56	0.68	76.76075581395355
8dquB	5	2	0.5840000000000001	0.56	0.68	76.76075581395355
8dquB	2	3	0.56	0.53	0.68	76.77155684754523
8dquB	3	3	0.56	0.53	0.68	76.77155684754523
8dquB	4	3	0.56	0.53	0.68	76.77155684754523
8dquB	5	3	0.56	0.53	0.68	76.77155684754523
8dquB	1	0	0.544	0.51	0.68	77.91805555555557
8dquB	1	1	0.534	0.5	0.67	78.38057493540057
8dquB	2	0	0.51	0.47	0.67	78.21029069767435
8dquB	3	0	0.51	0.47	0.67	78.21029069767435
8dquB	4	0	0.51	0.47	0.67	78.21029069767435
8dquB	5	0	0.51	0.47	0.67	78.21029069767435
8dquB	1	2	0.494	0.45	0.67	77.35315245478037
8dquB	1	3	0.476	0.43	0.66	76.98934108527136
8dquB	2	4	0.442	0.39	0.65	77.32353359173112
8dquB	3	4	0.442	0.39	0.65	77.32353359173112
8dquB	4	4	0.442	0.39	0.65	77.32353359173112
8dquB	5	4	0.442	0.39	0.65	77.32353359173112
8dquB	1	4	0.436	0.38	0.66	78.10961240310083
8dtnE	1	0	0.524	0.34	0.76	75.44954669084315
8dtnE	2	0	0.5200000000000001	0.39	0.79	75.46293744333637
8dtnE	3	0	0.5200000000000001	0.39	0.79	75.46293744333637
8dtnE	4	0	0.5200000000000001	0.39	0.79	75.46293744333637
8dtnE	5	0	0.5200000000000001	0.39	0.79	75.46293744333637
8dtnE	1	1	0.516	0.33	0.76	75.17275611967369
8dtnE	1	3	0.489	0.3	0.77	75.54807796917501
8dtnE	1	2	0.486	0.29	0.77	75.34052583862197
8dtnE	2	1	0.442	0.25	0.76	73.58782411604709
8dtnE	3	1	0.442	0.25	0.76	73.58782411604709
8dtnE	4	1	0.442	0.25	0.76	73.58782411604709
8dtnE	5	1	0.442	0.25	0.76	73.58782411604709
8dtnE	2	4	0.424	0.22	0.74	73.32614687216682
8dtnE	3	4	0.424	0.22	0.74	73.32614687216682
8dtnE	4	4	0.424	0.22	0.74	73.32614687216682
8dtnE	5	4	0.424	0.22	0.74	73.32614687216682
8dtnE	1	4	0.416	0.21	0.74	73.2445602901178
8dtnE	2	2	0.408	0.2	0.74	73.3909700815957
8dtnE	3	2	0.408	0.2	0.74	73.3909700815957
8dtnE	4	2	0.408	0.2	0.74	73.3909700815957
8dtnE	5	2	0.408	0.2	0.74	73.3909700815957
8dtnE	2	3	0.392	0.18	0.74	72.98650951949209
8dtnE	3	3	0.392	0.18	0.74	72.98650951949209
8dtnE	4	3	0.392	0.18	0.74	72.98650951949209
8dtnE	5	3	0.392	0.18	0.74	72.98650951949209
8dtuA	2	0	0.67	0.6	0.8	78.1314781834373
8dtuA	3	0	0.67	0.6	0.8	78.1314781834373
8dtuA	4	0	0.67	0.6	0.8	78.1314781834373
8dtuA	5	0	0.67	0.6	0.8	78.1314781834373
8dtuA	2	2	0.6180000000000001	0.55	0.79	78.73780053428321
8dtuA	3	2	0.6180000000000001	0.55	0.79	78.73780053428321
8dtuA	4	2	0.6180000000000001	0.55	0.79	78.73780053428321
8dtuA	5	2	0.6180000000000001	0.55	0.79	78.73780053428321
8dtuA	1	0	0.6140000000000001	0.55	0.77	79.70364203027607
8dtuA	2	1	0.5760000000000001	0.49	0.77	80.16124666073013
8dtuA	3	1	0.5760000000000001	0.49	0.77	80.16124666073013
8dtuA	4	1	0.5760000000000001	0.49	0.77	80.16124666073013
8dtuA	5	1	0.5760000000000001	0.49	0.77	80.16124666073013
8dtuA	1	1	0.5720000000000001	0.5	0.76	78.60635796972397
8dtuA	1	2	0.554	0.47	0.74	77.26811219946573
8dtuA	1	3	0.552	0.48	0.74	77.73010685663404
8dtuA	2	3	0.542	0.47	0.73	78.13187889581485
8dtuA	3	3	0.542	0.47	0.73	78.13187889581485
8dtuA	4	3	0.542	0.47	0.73	78.13187889581485
8dtuA	5	3	0.542	0.47	0.73	78.13187889581485
8dtuA	1	4	0.518	0.4	0.69	75.23387355298314
8dtuA	2	4	0.508	0.43	0.72	77.62715048975959
8dtuA	3	4	0.508	0.43	0.72	77.62715048975959
8dtuA	4	4	0.508	0.43	0.72	77.62715048975959
8dtuA	5	4	0.508	0.43	0.72	77.62715048975959
8emzB	1	0	0.2259999999999999	0.11	0.69	86.38044398706283
8emzB	2	0	0.2259999999999999	0.11	0.69	86.37831226109942
8emzB	3	0	0.2259999999999999	0.11	0.69	86.37831226109942
8emzB	4	0	0.2259999999999999	0.11	0.69	86.37831226109942
8emzB	5	0	0.2259999999999999	0.11	0.69	86.37831226109942
8emzB	2	2	0.218	0.1	0.69	86.84067921199627
8emzB	3	2	0.218	0.1	0.69	86.84067921199627
8emzB	4	2	0.218	0.1	0.69	86.84067921199627
8emzB	5	2	0.218	0.1	0.69	86.84067921199627
8emzB	2	1	0.218	0.1	0.69	86.77990002940318
8emzB	3	1	0.218	0.1	0.69	86.77990002940318
8emzB	4	1	0.218	0.1	0.69	86.77990002940318
8emzB	5	1	0.218	0.1	0.69	86.77990002940318
8emzB	1	3	0.218	0.1	0.69	86.57110849750067
8emzB	2	4	0.218	0.1	0.69	86.4616259923551
8emzB	3	4	0.218	0.1	0.69	86.4616259923551
8emzB	4	4	0.218	0.1	0.69	86.4616259923551
8emzB	5	4	0.218	0.1	0.69	86.4616259923551
8emzB	1	2	0.218	0.1	0.69	86.3750220523375
8emzB	1	1	0.218	0.1	0.69	86.3730020582181
8emzB	2	3	0.218	0.1	0.69	86.10043222581595
8emzB	3	3	0.218	0.1	0.69	86.10043222581595
8emzB	4	3	0.218	0.1	0.69	86.10043222581595
8emzB	5	3	0.218	0.1	0.69	86.10043222581595
8emzB	1	4	0.2099999999999999	0.09	0.69	86.49695677741848
8en0D	2	0	0.256	0.14	0.72	87.2456822316555
8en0D	3	0	0.256	0.14	0.72	87.2456822316555
8en0D	4	0	0.256	0.14	0.72	87.2456822316555
8en0D	5	0	0.256	0.14	0.72	87.2456822316555
8en0D	2	1	0.256	0.14	0.72	87.24244390539705
8en0D	3	1	0.256	0.14	0.72	87.24244390539705
8en0D	4	1	0.256	0.14	0.72	87.24244390539705
8en0D	5	1	0.256	0.14	0.72	87.24244390539705
8en0D	1	0	0.256	0.14	0.72	87.21633110976342
8en0D	1	1	0.248	0.13	0.72	87.30024560339574
8en0D	2	2	0.238	0.12	0.71	87.35183444511839
8en0D	3	2	0.238	0.12	0.71	87.35183444511839
8en0D	4	2	0.238	0.12	0.71	87.35183444511839
8en0D	5	2	0.238	0.12	0.71	87.35183444511839
8en0D	1	2	0.238	0.12	0.71	87.03256519102474
8en0D	2	3	0.222	0.1	0.71	87.66437841115837
8en0D	3	3	0.222	0.1	0.71	87.66437841115837
8en0D	4	3	0.222	0.1	0.71	87.66437841115837
8en0D	5	3	0.222	0.1	0.71	87.66437841115837
8en0D	1	3	0.222	0.1	0.71	87.18072164948447
8en0D	2	4	0.222	0.1	0.71	87.12685567010335
8en0D	3	4	0.222	0.1	0.71	87.12685567010335
8en0D	4	4	0.222	0.1	0.71	87.12685567010335
8en0D	5	4	0.222	0.1	0.71	87.12685567010335
8en0D	1	4	0.2139999999999999	0.09	0.71	87.35583687083066
8en2D	1	2	0.8380000000000001	0.82	0.91	93.21349112426
8en2D	1	3	0.8360000000000001	0.82	0.9	93.06461834319543
8en2D	1	1	0.8360000000000001	0.82	0.9	93.062103550296
8en2D	1	0	0.8360000000000001	0.82	0.9	93.05877810650884
8en2D	2	3	0.8300000000000002	0.81	0.91	92.7313816568048
8en2D	3	3	0.8300000000000002	0.81	0.91	92.7313816568048
8en2D	4	3	0.8300000000000002	0.81	0.91	92.7313816568048
8en2D	5	3	0.8300000000000002	0.81	0.91	92.7313816568048
8en2D	1	4	0.8280000000000002	0.81	0.9	93.06142011834312
8en2D	2	1	0.8280000000000002	0.81	0.9	89.77573372781058
8en2D	3	1	0.8280000000000002	0.81	0.9	89.77573372781058
8en2D	4	1	0.8280000000000002	0.81	0.9	89.77573372781058
8en2D	5	1	0.8280000000000002	0.81	0.9	89.77573372781058
8en2D	2	2	0.8020000000000002	0.78	0.89	93.17841124260364
8en2D	3	2	0.8020000000000002	0.78	0.89	93.17841124260364
8en2D	4	2	0.8020000000000002	0.78	0.89	93.17841124260364
8en2D	5	2	0.8020000000000002	0.78	0.89	93.17841124260364
8en2D	2	0	0.48	0.41	0.76	93.21429289940824
8en2D	3	0	0.48	0.41	0.76	93.21429289940824
8en2D	4	0	0.48	0.41	0.76	93.21429289940824
8en2D	5	0	0.48	0.41	0.76	93.21429289940824
8en2D	2	4	0.2019999999999999	0.08	0.69	92.7615502958579
8en2D	3	4	0.2019999999999999	0.08	0.69	92.7615502958579
8en2D	4	4	0.2019999999999999	0.08	0.69	92.7615502958579
8en2D	5	4	0.2019999999999999	0.08	0.69	92.7615502958579
8en3C	2	1	0.2279999999999999	0.11	0.7	87.835068168346
8en3C	3	1	0.2279999999999999	0.11	0.7	87.835068168346
8en3C	4	1	0.2279999999999999	0.11	0.7	87.835068168346
8en3C	5	1	0.2279999999999999	0.11	0.7	87.835068168346
8en3C	2	2	0.2279999999999999	0.11	0.7	87.79698280972119
8en3C	3	2	0.2279999999999999	0.11	0.7	87.79698280972119
8en3C	4	2	0.2279999999999999	0.11	0.7	87.79698280972119
8en3C	5	2	0.2279999999999999	0.11	0.7	87.79698280972119
8en3C	1	1	0.2279999999999999	0.11	0.7	87.76569650266741
8en3C	2	0	0.2279999999999999	0.11	0.7	87.69538826318916
8en3C	3	0	0.2279999999999999	0.11	0.7	87.69538826318916
8en3C	4	0	0.2279999999999999	0.11	0.7	87.69538826318916
8en3C	5	0	0.2279999999999999	0.11	0.7	87.69538826318916
8en3C	1	0	0.2279999999999999	0.11	0.7	87.63176941315967
8en3C	1	2	0.2279999999999999	0.11	0.7	87.47315945465337
8en3C	1	3	0.22	0.1	0.7	87.78934499110842
8en3C	2	4	0.218	0.1	0.69	87.45977474807363
8en3C	3	4	0.218	0.1	0.69	87.45977474807363
8en3C	4	4	0.218	0.1	0.69	87.45977474807363
8en3C	5	4	0.218	0.1	0.69	87.45977474807363
8en3C	2	3	0.2119999999999999	0.09	0.7	87.94434795494958
8en3C	3	3	0.2119999999999999	0.09	0.7	87.94434795494958
8en3C	4	3	0.2119999999999999	0.09	0.7	87.94434795494958
8en3C	5	3	0.2119999999999999	0.09	0.7	87.94434795494958
8en3C	1	4	0.2019999999999999	0.08	0.69	87.91516893894486
8ew6V	2	0	0.266	0.19	0.57	78.8197554196777
8ew6V	3	0	0.266	0.19	0.57	78.8197554196777
8ew6V	4	0	0.266	0.19	0.57	78.8197554196777
8ew6V	5	0	0.266	0.19	0.57	78.8197554196777
8ew6V	1	0	0.24	0.16	0.56	79.81658143413
8ew6V	1	1	0.232	0.15	0.56	80.00439688715946
8ew6V	2	1	0.222	0.14	0.55	81.39013340744862
8ew6V	3	1	0.222	0.14	0.55	81.39013340744862
8ew6V	4	1	0.222	0.14	0.55	81.39013340744862
8ew6V	5	1	0.222	0.14	0.55	81.39013340744862
8ew6V	1	2	0.222	0.14	0.55	79.4158198999444
8ew6V	1	3	0.214	0.13	0.55	79.85715953307394
8ew6V	2	2	0.214	0.13	0.55	79.28757087270704
8ew6V	3	2	0.214	0.13	0.55	79.28757087270704
8ew6V	4	2	0.214	0.13	0.55	79.28757087270704
8ew6V	5	2	0.214	0.13	0.55	79.28757087270704
8ew6V	1	4	0.206	0.12	0.55	79.45729849916633
8ew6V	2	3	0.204	0.12	0.54	82.19910505836586
8ew6V	3	3	0.204	0.12	0.54	82.19910505836586
8ew6V	4	3	0.204	0.12	0.54	82.19910505836586
8ew6V	5	3	0.204	0.12	0.54	82.19910505836586
8ew6V	2	4	0.186	0.1	0.53	79.57957198443577
8ew6V	3	4	0.186	0.1	0.53	79.57957198443577
8ew6V	4	4	0.186	0.1	0.53	79.57957198443577
8ew6V	5	4	0.186	0.1	0.53	79.57957198443577
8gz5B	1	1	0.8560000000000001	0.85	0.88	90.67897777777767
8gz5B	1	3	0.8560000000000001	0.85	0.88	90.65376161616176
8gz5B	1	2	0.8560000000000001	0.85	0.88	90.64466666666658
8gz5B	1	4	0.8560000000000001	0.85	0.88	90.5908484848483
8gz5B	1	0	0.8560000000000001	0.85	0.88	90.5366464646466
8gz5B	2	0	0.8460000000000001	0.84	0.87	89.4092161616163
8gz5B	3	0	0.8460000000000001	0.84	0.87	89.4092161616163
8gz5B	4	0	0.8460000000000001	0.84	0.87	89.4092161616163
8gz5B	5	0	0.8460000000000001	0.84	0.87	89.4092161616163
8gz5B	2	4	0.8360000000000001	0.83	0.86	89.19944646464634
8gz5B	3	4	0.8360000000000001	0.83	0.86	89.19944646464634
8gz5B	4	4	0.8360000000000001	0.83	0.86	89.19944646464634
8gz5B	5	4	0.8360000000000001	0.83	0.86	89.19944646464634
8gz5B	2	3	0.8360000000000001	0.83	0.86	83.60433535353549
8gz5B	3	3	0.8360000000000001	0.83	0.86	83.60433535353549
8gz5B	4	3	0.8360000000000001	0.83	0.86	83.60433535353549
8gz5B	5	3	0.8360000000000001	0.83	0.86	83.60433535353549
8gz5B	2	2	0.8020000000000002	0.79	0.85	90.03214949494942
8gz5B	3	2	0.8020000000000002	0.79	0.85	90.03214949494942
8gz5B	4	2	0.8020000000000002	0.79	0.85	90.03214949494942
8gz5B	5	2	0.8020000000000002	0.79	0.85	90.03214949494942
8gz5B	2	1	0.222	0.13	0.59	89.97548686868694
8gz5B	3	1	0.222	0.13	0.59	89.97548686868694
8gz5B	4	1	0.222	0.13	0.59	89.97548686868694
8gz5B	5	1	0.222	0.13	0.59	89.97548686868694
8h3xA	2	0	0.8680000000000001	0.86	0.9	90.70346406949191
8h3xA	3	0	0.8680000000000001	0.86	0.9	90.70346406949191
8h3xA	4	0	0.8680000000000001	0.86	0.9	90.70346406949191
8h3xA	5	0	0.8680000000000001	0.86	0.9	90.70346406949191
8h3xA	2	3	0.8680000000000001	0.86	0.9	90.41220584364297
8h3xA	3	3	0.8680000000000001	0.86	0.9	90.41220584364297
8h3xA	4	3	0.8680000000000001	0.86	0.9	90.41220584364297
8h3xA	5	3	0.8680000000000001	0.86	0.9	90.41220584364297
8h3xA	2	1	0.8580000000000001	0.85	0.89	90.84374572255864
8h3xA	3	1	0.8580000000000001	0.85	0.89	90.84374572255864
8h3xA	4	1	0.8580000000000001	0.85	0.89	90.84374572255864
8h3xA	5	1	0.8580000000000001	0.85	0.89	90.84374572255864
8h3xA	2	4	0.8580000000000001	0.85	0.89	90.40008160042132
8h3xA	3	4	0.8580000000000001	0.85	0.89	90.40008160042132
8h3xA	4	4	0.8580000000000001	0.85	0.89	90.40008160042132
8h3xA	5	4	0.8580000000000001	0.85	0.89	90.40008160042132
8h3xA	1	2	0.8580000000000001	0.85	0.89	90.1214898657541
8h3xA	1	1	0.8580000000000001	0.85	0.89	89.99698341668856
8h3xA	1	0	0.8580000000000001	0.85	0.89	89.80840747565142
8h3xA	1	4	0.8500000000000001	0.84	0.89	90.1597841537246
8h3xA	1	3	0.8500000000000001	0.84	0.89	89.97031587259806
8h3xA	2	2	0.8400000000000001	0.83	0.88	91.05675967359802
8h3xA	3	2	0.8400000000000001	0.83	0.88	91.05675967359802
8h3xA	4	2	0.8400000000000001	0.83	0.88	91.05675967359802
8h3xA	5	2	0.8400000000000001	0.83	0.88	91.05675967359802
8h3yE	2	2	0.264	0.15	0.72	85.13978603904786
8h3yE	3	2	0.264	0.15	0.72	85.13978603904786
8h3yE	4	2	0.264	0.15	0.72	85.13978603904786
8h3yE	5	2	0.264	0.15	0.72	85.13978603904786
8h3yE	1	0	0.264	0.15	0.72	84.8703904787376
8h3yE	1	1	0.256	0.14	0.72	85.51372292056706
8h3yE	1	3	0.248	0.13	0.72	85.183043594544
8h3yE	1	2	0.248	0.13	0.72	85.171553891415
8h3yE	2	0	0.248	0.13	0.72	84.75127841668919
8h3yE	3	0	0.248	0.13	0.72	84.75127841668919
8h3yE	4	0	0.248	0.13	0.72	84.75127841668919
8h3yE	5	0	0.248	0.13	0.72	84.75127841668919
8h3yE	2	3	0.248	0.13	0.72	84.68214763305718
8h3yE	3	3	0.248	0.13	0.72	84.68214763305718
8h3yE	4	3	0.248	0.13	0.72	84.68214763305718
8h3yE	5	3	0.248	0.13	0.72	84.68214763305718
8h3yE	1	4	0.24	0.12	0.72	85.2939395560309
8h3yE	2	4	0.238	0.12	0.71	84.4406231612731
8h3yE	3	4	0.238	0.12	0.71	84.4406231612731
8h3yE	4	4	0.238	0.12	0.71	84.4406231612731
8h3yE	5	4	0.238	0.12	0.71	84.4406231612731
8h3yE	2	1	0.238	0.12	0.71	84.1295426584648
8h3yE	3	1	0.238	0.12	0.71	84.1295426584648
8h3yE	4	1	0.238	0.12	0.71	84.1295426584648
8h3yE	5	1	0.238	0.12	0.71	84.1295426584648
