pdb	rank	FR_RMS	CDR1_RMS	CDR2_RMS	CDR3_RMS	mean_cdr3_plddt	plddt_rank	h3_length
7b5gD	1	0.703	1.932	1.500	2.944	45.835	14	13
7b5gD	2	0.715	1.960	1.506	3.397	44.269	17	13
7b5gD	3	0.716	1.836	1.444	2.923	47.782	8	13
7b5gD	4	0.725	1.854	1.457	3.150	44.685	15	13
7b5gD	5	0.716	1.912	1.494	3.309	43.996	20	13
7b5gD	6	0.722	1.816	1.438	3.151	44.255	19	13
7b5gD	7	0.710	2.003	1.533	4.643	41.120	25	13
7b5gD	8	0.724	1.812	1.423	3.522	43.633	22	13
7b5gD	9	0.704	1.971	1.534	3.690	43.319	23	13
7b5gD	10	0.700	1.872	1.479	1.268	43.319	23	13
7b5gD	11	0.706	1.995	1.551	3.778	43.219	24	13
7b5gD	12	0.709	1.983	1.540	3.812	44.342	16	13
7b5gD	13	0.699	1.850	1.467	1.245	60.204	4	13
7b5gD	14	0.697	1.959	1.535	1.240	61.764	1	13
7b5gD	15	0.706	1.970	1.533	3.777	43.772	21	13
7b5gD	16	0.693	1.960	1.534	1.220	61.425	2	13
7b5gD	17	0.716	1.924	1.500	3.706	44.256	18	13
7b5gD	18	0.724	2.016	1.544	3.624	46.969	9	13
7b5gD	19	0.714	2.010	1.541	3.861	46.488	10	13
7b5gD	20	0.718	2.002	1.534	3.800	46.416	12	13
7b5gD	21	0.721	1.995	1.531	3.535	46.428	11	13
7b5gD	22	0.710	1.761	1.400	1.170	59.748	6	13
7b5gD	23	0.711	1.993	1.529	3.459	46.029	13	13
7b5gD	24	0.704	1.813	1.438	1.205	59.903	5	13
7b5gD	25	0.708	1.723	1.381	1.165	59.543	7	13
7nxxB	1	1.165	2.870	2.311	2.408	62.624	9	18
7nxxB	2	1.159	2.725	2.198	2.347	62.873	6	18
7nxxB	3	1.158	2.696	2.183	2.231	62.714	8	18
7nxxB	4	1.195	2.853	2.319	2.364	65.318	4	18
7nxxB	5	1.163	2.427	1.972	2.221	62.842	7	18
7nxxB	6	1.153	2.486	2.019	2.003	59.412	16	18
7nxxB	7	1.199	2.966	2.407	2.426	65.477	3	18
7nxxB	8	1.192	3.268	2.645	2.549	65.755	2	18
7nxxB	9	1.184	3.296	2.667	2.562	65.949	1	18
7nxxB	10	1.186	3.320	2.682	2.544	65.949	1	18
7nxxB	11	1.179	3.015	2.416	2.157	60.387	10	18
7nxxB	12	1.159	3.755	3.000	2.680	60.188	13	18
7nxxB	13	1.187	3.518	2.815	2.434	60.186	14	18
7nxxB	14	1.176	3.222	2.575	2.223	60.213	12	18
7nxxB	15	1.162	3.311	2.642	2.185	60.289	11	18
7nxxB	16	1.203	3.396	2.731	2.396	57.429	21	18
7nxxB	17	1.162	3.333	2.662	2.301	59.977	15	18
7nxxB	18	1.202	3.523	2.826	2.446	58.284	18	18
7nxxB	19	1.171	3.295	2.632	2.240	59.079	17	18
7nxxB	20	1.195	2.139	1.747	1.927	58.277	19	18
7nxxB	21	1.194	3.429	2.753	2.436	57.889	20	18
7nxxB	22	1.149	3.829	3.059	2.570	54.939	23	18
7nxxB	23	1.158	4.015	3.207	2.633	54.735	24	18
7nxxB	24	1.183	3.762	3.010	2.513	54.721	25	18
7nxxB	25	1.163	3.638	2.905	2.443	55.052	22	18
7q3qB	1	0.553	0.396	0.702	0.529	94.643	1	18
7q3qB	2	0.562	0.409	0.701	0.526	93.413	4	18
7q3qB	3	0.570	0.525	0.772	0.611	93.542	3	18
7q3qB	4	0.567	0.515	0.769	0.594	93.694	2	18
7q3qB	5	0.571	0.510	0.756	0.597	93.174	5	18
7q3qB	6	0.559	0.401	0.711	0.546	92.300	7	18
7q3qB	7	0.569	0.504	0.776	0.609	92.753	6	18
7q3qB	8	0.547	0.486	0.760	0.591	91.749	8	18
7q3qB	9	0.546	0.491	0.784	0.600	89.552	9	18
7q3qB	10	0.575	0.443	0.883	0.698	89.552	9	18
7q3qB	11	0.577	0.442	1.079	0.801	83.312	14	18
7q3qB	12	0.553	0.412	0.741	0.585	86.886	11	18
7q3qB	13	0.565	0.437	0.766	0.579	88.999	10	18
7q3qB	14	0.552	0.404	0.766	0.627	86.883	12	18
7q3qB	15	0.564	0.522	0.846	0.718	81.468	15	18
7q3qB	16	0.550	0.450	0.880	0.716	76.103	16	18
7q3qB	17	0.582	0.482	1.291	0.958	71.241	17	18
7q3qB	18	0.570	0.410	0.941	0.737	66.647	19	18
7q3qB	19	0.601	0.505	1.252	0.968	70.695	18	18
7q3qB	20	0.581	0.447	1.029	0.799	66.061	21	18
7q3qB	21	0.615	0.418	1.206	0.940	61.083	25	18
7q3qB	22	0.568	0.356	1.101	0.834	63.651	23	18
7q3qB	23	0.570	0.358	1.107	0.835	63.508	24	18
7q3qB	24	0.596	0.492	1.357	1.009	66.519	20	18
7q3qB	25	0.588	0.420	1.090	0.871	64.993	22	18
7qbgE	1	0.881	1.867	2.696	2.109	54.634	4	16
7qbgE	2	1.217	2.175	2.889	2.335	50.544	16	16
7qbgE	3	1.121	2.286	2.885	2.326	58.074	1	16
7qbgE	4	0.914	2.368	2.857	2.248	49.969	19	16
7qbgE	5	1.200	2.493	2.932	2.399	49.639	21	16
7qbgE	6	1.121	2.276	2.906	2.361	56.196	2	16
7qbgE	7	1.128	1.390	2.514	3.607	43.478	25	16
7qbgE	8	1.189	1.931	2.704	2.168	50.831	14	16
7qbgE	9	1.125	1.112	2.440	2.260	47.488	24	16
7qbgE	10	0.860	1.621	2.534	2.275	47.488	24	16
7qbgE	11	1.134	2.654	2.979	2.432	50.305	17	16
7qbgE	12	1.130	2.001	2.723	2.333	51.132	13	16
7qbgE	13	1.137	2.556	2.918	2.408	49.912	20	16
7qbgE	14	1.125	1.931	2.676	2.263	50.616	15	16
7qbgE	15	1.126	2.189	2.830	2.284	55.178	3	16
7qbgE	16	1.143	2.672	2.987	2.446	50.192	18	16
7qbgE	17	1.147	2.041	2.741	2.312	49.591	22	16
7qbgE	18	0.847	2.509	2.858	2.297	49.192	23	16
7qbgE	19	1.121	2.136	2.810	2.299	53.069	9	16
7qbgE	20	1.132	2.252	2.848	2.286	53.460	6	16
7qbgE	21	0.834	2.294	2.802	2.188	52.510	10	16
7qbgE	22	1.088	2.508	2.941	2.375	53.161	8	16
7qbgE	23	0.832	2.248	2.778	2.235	52.490	11	16
7qbgE	24	0.820	1.826	2.623	2.119	53.709	5	16
7qbgE	25	1.098	2.137	2.824	2.341	53.176	7	16
7qneG	1	1.015	2.589	2.122	2.161	53.497	22	15
7qneG	2	1.028	2.146	1.798	2.018	54.628	5	15
7qneG	3	1.026	2.609	2.120	2.141	53.929	16	15
7qneG	4	1.007	2.253	1.850	2.017	53.817	18	15
7qneG	5	0.976	2.410	2.128	2.168	54.406	6	15
7qneG	6	1.027	2.339	1.924	2.060	54.058	12	15
7qneG	7	0.950	2.356	2.084	2.147	54.338	8	15
7qneG	8	0.945	2.452	2.138	2.134	53.913	17	15
7qneG	9	0.951	2.171	1.957	2.072	54.141	11	15
7qneG	10	0.955	2.037	1.841	2.051	54.141	11	15
7qneG	11	0.958	2.748	2.181	2.237	53.603	19	15
7qneG	12	0.952	2.733	2.164	2.199	54.158	10	15
7qneG	13	1.000	2.775	2.234	2.106	55.663	1	15
7qneG	14	0.932	2.567	2.165	2.208	53.566	20	15
7qneG	15	0.981	2.597	2.093	2.048	54.776	3	15
7qneG	16	0.949	2.709	2.170	2.140	53.993	13	15
7qneG	17	0.975	2.426	2.040	1.944	55.113	2	15
7qneG	18	0.996	3.050	2.403	2.217	53.522	21	15
7qneG	19	1.005	2.718	2.187	2.108	54.367	7	15
7qneG	20	0.944	2.615	2.068	2.064	52.952	25	15
7qneG	21	0.975	2.898	2.280	2.135	53.956	15	15
7qneG	22	0.999	2.988	2.347	2.195	53.968	14	15
7qneG	23	0.931	2.513	2.029	1.952	53.103	24	15
7qneG	24	0.974	2.545	2.039	2.019	54.178	9	15
7qneG	25	0.977	3.086	2.414	2.201	53.336	23	15
7r24C	1	0.826	2.423	1.877	2.001	65.201	1	9
7r24C	2	0.846	2.496	1.930	2.007	62.626	3	9
7r24C	3	0.838	2.171	1.829	1.856	62.629	2	9
7r24C	4	0.845	2.815	2.164	2.117	61.573	4	9
7r24C	5	0.845	2.532	2.060	1.928	58.678	7	9
7r24C	6	0.837	2.422	1.865	1.959	58.128	8	9
7r24C	7	0.834	2.468	1.904	1.996	58.902	6	9
7r24C	8	0.840	2.641	2.052	2.032	61.221	5	9
7r24C	9	0.836	2.406	1.898	1.923	57.092	10	9
7r24C	10	0.823	1.147	1.096	1.372	57.092	10	9
7r24C	11	0.861	2.513	1.946	1.992	54.527	13	9
7r24C	12	0.863	1.691	1.487	1.493	51.032	22	9
7r24C	13	0.890	1.510	1.156	1.526	54.302	16	9
7r24C	14	0.878	1.748	1.513	1.481	51.742	20	9
7r24C	15	0.873	1.489	1.161	1.449	54.357	15	9
7r24C	16	0.861	1.893	1.643	1.588	50.566	24	9
7r24C	17	0.843	1.557	1.379	1.446	51.747	19	9
7r24C	18	0.840	1.469	1.237	1.445	54.614	12	9
7r24C	19	0.845	1.705	1.395	1.627	55.586	11	9
7r24C	20	0.844	1.605	1.438	1.492	52.517	17	9
7r24C	21	0.858	1.809	1.605	1.542	51.000	23	9
7r24C	22	0.853	1.548	1.334	1.407	51.983	18	9
7r24C	23	0.849	1.595	1.435	1.419	50.479	25	9
7r24C	24	0.841	1.636	1.354	1.586	54.477	14	9
7r24C	25	0.843	1.582	1.421	1.421	51.610	21	9
7r24E	1	0.526	1.598	1.206	1.130	92.390	4	17
7r24E	2	0.526	1.598	1.202	1.142	92.651	2	17
7r24E	3	0.530	1.569	1.184	1.125	92.195	6	17
7r24E	4	0.529	1.559	1.174	1.113	92.945	1	17
7r24E	5	0.532	1.604	1.210	1.153	91.963	8	17
7r24E	6	0.541	1.421	1.083	1.050	92.334	5	17
7r24E	7	0.546	1.541	1.171	1.119	92.398	3	17
7r24E	8	0.539	1.433	1.087	1.058	92.188	7	17
7r24E	9	0.547	1.540	1.172	1.124	91.544	9	17
7r24E	10	0.545	1.493	1.143	1.120	91.544	9	17
7r24E	11	0.531	1.528	1.169	1.097	89.695	14	17
7r24E	12	0.532	1.535	1.174	1.115	89.934	13	17
7r24E	13	0.535	1.426	1.072	1.171	89.144	15	17
7r24E	14	0.534	1.494	1.139	1.112	91.401	10	17
7r24E	15	0.531	1.481	1.127	1.113	90.795	12	17
7r24E	16	0.532	1.432	1.082	1.100	89.122	16	17
7r24E	17	0.532	1.401	1.067	1.354	88.635	17	17
7r24E	18	0.529	1.405	1.049	1.198	79.136	19	17
7r24E	19	0.538	1.449	1.092	1.157	82.441	18	17
7r24E	20	0.522	1.464	1.094	1.547	67.135	20	17
7r24E	21	0.547	1.586	1.188	5.120	46.512	23	17
7r24E	22	0.550	1.545	1.158	5.351	47.106	21	17
7r24E	23	0.536	1.405	1.071	5.495	46.008	24	17
7r24E	24	0.551	1.584	1.190	5.134	46.689	22	17
7r24E	25	0.551	1.401	1.073	5.691	45.763	25	17
7t5fF	1	1.280	4.305	3.561	3.229	46.014	22	9
7t5fF	2	1.251	3.100	2.758	2.636	46.156	21	9
7t5fF	3	1.276	3.298	2.890	2.723	45.290	24	9
7t5fF	4	1.157	2.849	2.515	2.437	45.551	23	9
7t5fF	5	1.080	3.285	2.825	2.533	43.948	25	9
7t5fF	6	0.833	2.011	1.735	1.690	49.910	14	9
7t5fF	7	0.810	1.897	1.658	1.601	51.067	10	9
7t5fF	8	0.834	1.953	1.739	1.656	51.194	8	9
7t5fF	9	0.775	1.831	1.655	1.528	52.177	4	9
7t5fF	10	0.729	2.262	2.019	1.778	52.177	4	9
7t5fF	11	0.745	2.296	2.020	1.816	51.636	5	9
7t5fF	12	0.754	1.843	1.632	1.515	51.008	11	9
7t5fF	13	0.709	2.290	2.006	1.788	52.196	3	9
7t5fF	14	0.723	2.370	2.057	1.832	52.837	2	9
7t5fF	15	0.674	2.470	2.180	1.914	51.230	7	9
7t5fF	16	0.665	2.359	2.069	1.753	46.948	20	9
7t5fF	17	0.639	1.995	1.777	1.577	50.008	13	9
7t5fF	18	0.620	2.395	2.065	1.744	48.034	18	9
7t5fF	19	0.615	1.938	1.730	1.582	49.484	15	9
7t5fF	20	0.645	2.173	1.939	1.623	49.318	16	9
7t5fF	21	0.687	2.007	1.764	1.607	50.152	12	9
7t5fF	22	0.653	2.392	2.076	1.755	47.609	19	9
7t5fF	23	0.615	2.024	1.770	1.530	51.179	9	9
7t5fF	24	0.656	2.383	2.064	1.779	48.509	17	9
7t5fF	25	0.590	2.123	1.824	1.552	51.456	6	9
7tgfB	1	1.484	0.618	0.871	0.988	90.074	10	16
7tgfB	2	3.451	1.813	1.581	1.716	89.770	14	16
7tgfB	3	1.491	0.709	0.897	1.009	90.234	9	16
7tgfB	4	3.483	1.742	1.569	1.738	91.039	1	16
7tgfB	5	1.507	1.041	1.078	1.131	90.782	3	16
7tgfB	6	3.477	1.794	1.585	1.734	90.899	2	16
7tgfB	7	3.497	1.671	1.534	1.708	90.706	5	16
7tgfB	8	1.458	0.699	0.883	0.999	89.989	12	16
7tgfB	9	3.505	1.732	1.560	1.739	90.735	4	16
7tgfB	10	3.541	1.747	1.561	1.740	90.735	4	16
7tgfB	11	3.505	1.941	1.655	1.774	90.263	8	16
7tgfB	12	3.556	1.988	1.706	1.797	90.305	7	16
7tgfB	13	1.519	1.090	1.120	1.154	90.347	6	16
7tgfB	14	1.577	1.222	1.176	1.179	89.933	13	16
7tgfB	15	1.451	0.857	0.962	1.025	89.526	15	16
7tgfB	16	1.517	0.890	0.982	1.127	88.891	18	16
7tgfB	17	3.514	1.914	1.655	1.787	88.704	19	16
7tgfB	18	3.524	2.134	1.790	1.823	90.001	11	16
7tgfB	19	1.532	1.014	1.065	1.085	89.121	17	16
7tgfB	20	1.530	0.749	0.922	1.113	88.124	22	16
7tgfB	21	1.515	0.921	1.006	1.099	88.379	20	16
7tgfB	22	1.541	0.888	0.982	1.098	88.254	21	16
7tgfB	23	1.534	0.757	0.911	1.110	87.849	23	16
7tgfB	24	1.562	0.938	1.050	1.146	86.515	24	16
7tgfB	25	1.608	0.766	0.888	3.708	49.109	25	16
7tgiB	1	2.094	1.351	1.471	1.114	93.934	2	15
7tgiB	2	2.089	1.396	1.538	1.157	93.991	1	15
7tgiB	3	2.087	1.144	1.291	1.040	92.146	5	15
7tgiB	4	2.103	1.345	1.441	1.089	92.742	4	15
7tgiB	5	2.097	1.315	1.450	1.109	93.505	3	15
7tgiB	6	2.094	1.302	1.506	1.167	89.555	7	15
7tgiB	7	2.101	1.308	1.507	1.193	87.901	12	15
7tgiB	8	2.088	1.260	1.413	1.100	89.029	9	15
7tgiB	9	2.090	1.230	1.423	1.119	89.059	8	15
7tgiB	10	2.099	1.186	1.328	1.022	89.059	8	15
7tgiB	11	2.093	1.324	1.498	1.191	87.796	13	15
7tgiB	12	2.101	1.360	1.519	1.195	87.717	14	15
7tgiB	13	2.084	1.370	1.500	1.153	88.117	11	15
7tgiB	14	2.099	1.182	1.350	1.053	88.203	10	15
7tgiB	15	2.095	1.313	1.440	1.116	85.649	15	15
7tgiB	16	2.112	1.410	1.467	2.458	54.510	16	15
7tgiB	17	2.116	1.284	1.526	4.497	39.790	18	15
7tgiB	18	2.107	1.168	1.433	5.412	38.276	20	15
7tgiB	19	2.126	1.366	1.531	2.972	41.713	17	15
7tgiB	20	2.124	1.230	1.538	4.492	38.992	19	15
7tgiB	21	2.108	1.191	1.444	4.881	36.949	24	15
7tgiB	22	2.115	1.237	1.483	4.540	37.747	22	15
7tgiB	23	2.113	1.196	1.436	5.458	37.563	23	15
7tgiB	24	2.130	1.479	1.656	3.984	38.275	21	15
7tgiB	25	2.124	1.297	1.567	4.004	36.832	25	15
7th2C	1	0.776	2.687	1.947	3.335	61.353	2	16
7th2C	2	0.785	2.740	1.986	3.313	60.274	3	16
7th2C	3	0.789	2.750	1.999	3.315	59.753	4	16
7th2C	4	1.672	1.649	1.352	3.019	62.274	1	16
7th2C	5	0.769	2.750	1.995	3.306	59.205	7	16
7th2C	6	0.793	2.706	1.965	3.273	58.587	11	16
7th2C	7	0.771	2.465	1.807	2.955	57.259	14	16
7th2C	8	0.782	2.554	1.873	3.037	57.961	12	16
7th2C	9	0.772	2.344	1.749	2.980	59.679	5	16
7th2C	10	1.863	1.815	1.522	3.019	59.679	5	16
7th2C	11	0.820	2.347	1.747	2.936	56.434	16	16
7th2C	12	0.757	2.501	1.836	3.042	56.365	17	16
7th2C	13	1.862	1.967	1.561	3.182	58.955	8	16
7th2C	14	0.818	2.273	1.985	3.000	58.774	9	16
7th2C	15	0.829	2.296	1.729	2.868	56.582	15	16
7th2C	16	1.829	1.848	1.486	3.051	58.644	10	16
7th2C	17	1.842	1.728	1.457	2.999	55.664	20	16
7th2C	18	0.771	2.342	1.746	2.983	56.263	18	16
7th2C	19	1.890	1.638	1.667	3.086	57.404	13	16
7th2C	20	0.801	2.573	1.965	2.984	56.141	19	16
7th2C	21	0.779	2.518	1.877	3.183	54.537	21	16
7th2C	22	0.783	2.500	1.851	3.148	53.675	22	16
7th2C	23	0.803	2.606	1.920	3.026	51.531	23	16
7th2C	24	0.776	2.640	1.949	3.059	50.473	24	16
7th2C	25	0.789	2.577	1.898	2.988	49.437	25	16
7tprE	1	2.406	2.952	2.875	11.086	39.512	13	19
7tprE	2	2.437	2.906	2.837	11.529	40.262	12	19
7tprE	3	2.397	2.824	2.778	10.941	40.493	7	19
7tprE	4	2.465	2.974	2.896	11.450	40.802	2	19
7tprE	5	2.409	3.656	3.252	12.523	40.795	3	19
7tprE	6	2.430	2.600	2.508	10.946	40.561	5	19
7tprE	7	2.447	2.685	2.611	11.091	40.807	1	19
7tprE	8	2.460	2.658	2.560	11.119	40.267	11	19
7tprE	9	2.420	2.518	2.447	10.774	40.502	6	19
7tprE	10	2.413	2.609	2.492	11.039	40.502	6	19
7tprE	11	2.641	2.467	2.470	10.647	35.975	24	19
7tprE	12	2.512	2.370	2.373	10.069	36.282	22	19
7tprE	13	2.562	2.477	2.506	10.310	35.955	25	19
7tprE	14	2.514	2.354	2.373	10.100	36.510	21	19
7tprE	15	2.349	2.602	2.531	11.102	40.400	8	19
7tprE	16	2.527	2.416	2.472	10.225	36.614	20	19
7tprE	17	2.337	2.672	2.572	11.099	40.323	9	19
7tprE	18	2.218	2.363	2.374	9.741	37.238	17	19
7tprE	19	2.156	2.390	2.359	9.938	37.879	16	19
7tprE	20	2.229	2.467	2.450	9.765	37.237	18	19
7tprE	21	2.381	2.715	2.695	11.091	38.074	15	19
7tprE	22	2.351	2.639	2.544	11.052	40.308	10	19
7tprE	23	2.392	2.722	2.662	11.138	38.651	14	19
7tprE	24	2.247	2.430	2.440	9.817	36.209	23	19
7tprE	25	2.180	2.456	2.487	10.298	36.883	19	19
7ubxC	1	0.812	0.807	0.673	5.352	36.022	16	13
7ubxC	2	14.384	4.808	5.274	9.774	29.176	23	13
7ubxC	3	2.760	1.853	1.537	8.100	27.087	25	13
7ubxC	4	15.458	4.474	5.051	10.424	27.919	24	13
7ubxC	5	0.761	0.653	0.575	1.028	41.976	9	13
7ubxC	6	0.753	0.635	0.568	0.982	45.341	2	13
7ubxC	7	0.736	0.570	0.495	1.011	43.308	6	13
7ubxC	8	0.845	0.746	0.625	3.904	32.915	22	13
7ubxC	9	0.811	0.607	0.531	1.674	36.869	14	13
7ubxC	10	0.750	0.648	0.556	0.935	36.869	14	13
7ubxC	11	0.808	0.663	0.566	4.225	33.303	21	13
7ubxC	12	0.783	0.571	0.502	0.943	42.818	7	13
7ubxC	13	0.771	0.645	0.570	1.009	40.575	13	13
7ubxC	14	0.781	0.577	0.513	2.861	34.247	19	13
7ubxC	15	0.760	0.468	0.429	3.545	34.912	18	13
7ubxC	16	0.767	0.646	0.557	3.534	35.398	17	13
7ubxC	17	0.739	0.334	0.359	3.764	34.218	20	13
7ubxC	18	0.731	0.534	0.463	0.989	45.768	1	13
7ubxC	19	0.740	0.547	0.470	1.050	42.242	8	13
7ubxC	20	0.808	0.689	0.615	1.086	40.875	11	13
7ubxC	21	0.794	0.703	0.611	1.009	41.265	10	13
7ubxC	22	0.782	0.629	0.550	1.340	40.781	12	13
7ubxC	23	0.751	0.522	0.468	2.979	36.428	15	13
7ubxC	24	0.755	0.647	0.604	0.900	44.616	4	13
7ubxC	25	0.760	0.724	0.656	0.921	43.933	5	13
7uiaB	1	1.144	1.286	2.203	3.901	38.595	12	20
7uiaB	2	1.128	1.138	2.220	3.803	38.800	10	20
7uiaB	3	1.070	1.040	2.117	3.685	38.396	14	20
7uiaB	4	1.016	1.077	2.063	3.805	41.874	1	20
7uiaB	5	0.999	0.966	1.971	3.887	41.365	3	20
7uiaB	6	1.010	1.089	2.032	3.704	41.730	2	20
7uiaB	7	1.102	1.033	2.171	3.644	38.655	11	20
7uiaB	8	1.063	0.985	2.143	3.654	38.520	13	20
7uiaB	9	0.983	1.015	1.940	3.912	41.301	4	20
7uiaB	10	1.015	0.962	2.007	3.358	41.301	4	20
7uiaB	11	1.025	1.152	1.515	3.938	37.732	16	20
7uiaB	12	0.964	1.003	1.862	4.632	36.479	22	20
7uiaB	13	1.023	1.057	1.874	4.006	37.366	17	20
7uiaB	14	0.997	0.898	1.972	3.504	39.437	7	20
7uiaB	15	1.036	1.064	1.906	3.685	36.867	19	20
7uiaB	16	0.987	1.199	1.969	3.832	36.198	24	20
7uiaB	17	0.952	0.976	1.857	4.665	36.437	23	20
7uiaB	18	0.954	0.979	1.832	4.736	36.528	21	20
7uiaB	19	1.007	1.107	2.021	3.860	40.772	5	20
7uiaB	20	1.026	1.063	1.983	3.758	37.173	18	20
7uiaB	21	0.985	1.180	1.991	3.837	36.143	25	20
7uiaB	22	0.988	0.961	1.853	3.661	36.862	20	20
7uiaB	23	1.011	0.954	1.963	3.269	38.392	15	20
7uiaB	24	0.987	0.904	1.876	4.584	39.392	8	20
7uiaB	25	0.975	0.941	1.851	4.931	39.566	6	20
7unzA	1	0.759	2.257	1.816	4.874	37.094	21	12
7unzA	2	0.860	3.665	2.833	4.543	35.946	24	12
7unzA	3	0.801	4.242	3.314	4.895	38.977	6	12
7unzA	4	0.803	4.246	3.313	4.973	38.913	8	12
7unzA	5	0.853	3.627	2.808	4.785	35.230	25	12
7unzA	6	0.807	4.278	3.343	5.345	41.864	3	12
7unzA	7	0.797	4.209	3.284	4.789	38.419	12	12
7unzA	8	0.848	3.621	2.804	5.035	36.170	23	12
7unzA	9	0.844	4.034	3.156	5.368	42.276	2	12
7unzA	10	0.811	4.196	3.282	5.119	42.276	2	12
7unzA	11	0.832	4.127	3.232	4.657	38.630	11	12
7unzA	12	0.794	4.458	3.470	4.894	39.373	4	12
7unzA	13	0.832	3.923	3.074	4.531	37.778	18	12
7unzA	14	0.845	4.020	3.151	4.538	38.342	13	12
7unzA	15	0.842	4.020	3.135	5.508	42.874	1	12
7unzA	16	0.830	3.989	3.132	4.630	37.447	19	12
7unzA	17	0.770	2.229	1.777	5.077	37.372	20	12
7unzA	18	0.790	4.442	3.456	4.953	39.150	5	12
7unzA	19	0.834	3.599	2.789	4.938	36.932	22	12
7unzA	20	0.791	4.465	3.472	4.917	38.914	7	12
7unzA	21	0.795	4.351	3.384	5.111	38.277	15	12
7unzA	22	0.772	4.462	3.462	5.089	37.951	16	12
7unzA	23	0.835	3.677	2.845	5.351	38.327	14	12
7unzA	24	0.858	3.701	2.873	5.421	37.797	17	12
7unzA	25	0.854	3.680	2.848	5.345	38.718	10	12
7voaA	1	0.656	1.033	0.851	3.338	52.397	3	19
7voaA	2	0.614	0.950	0.791	1.740	54.399	1	19
7voaA	3	0.637	0.957	0.835	2.136	48.757	9	19
7voaA	4	0.646	0.922	0.830	2.391	48.354	10	19
7voaA	5	0.648	0.915	0.826	2.264	48.157	11	19
7voaA	6	0.601	0.929	0.782	1.721	50.718	5	19
7voaA	7	0.638	0.930	0.822	2.200	47.544	12	19
7voaA	8	0.633	0.950	0.822	2.131	46.947	16	19
7voaA	9	0.581	1.057	0.863	2.233	52.580	2	19
7voaA	10	0.675	1.148	0.944	2.164	52.580	2	19
7voaA	11	0.611	0.997	0.831	1.733	48.759	8	19
7voaA	12	0.711	1.104	0.894	2.303	51.366	4	19
7voaA	13	0.633	1.029	0.816	2.135	45.036	23	19
7voaA	14	0.714	1.160	0.934	2.238	49.040	7	19
7voaA	15	0.636	1.006	0.827	2.359	45.743	21	19
7voaA	16	0.634	1.005	0.818	2.396	44.074	25	19
7voaA	17	0.633	1.038	0.836	2.273	45.853	20	19
7voaA	18	0.649	1.154	0.926	1.915	49.626	6	19
7voaA	19	0.670	1.031	0.876	2.181	47.083	15	19
7voaA	20	0.651	1.116	0.873	2.453	46.035	19	19
7voaA	21	0.615	1.075	0.858	1.932	44.559	24	19
7voaA	22	0.640	0.970	0.817	2.165	46.520	18	19
7voaA	23	0.724	0.970	0.839	2.246	47.487	13	19
7voaA	24	0.738	1.093	0.918	2.308	46.694	17	19
7voaA	25	0.724	1.013	0.862	2.266	47.208	14	19
7w1sB	1	0.837	1.757	1.581	1.365	74.637	1	6
7w1sB	2	0.935	2.587	2.123	1.787	63.110	2	6
7w1sB	3	1.007	2.678	2.208	1.788	63.095	3	6
7w1sB	4	1.006	2.728	2.245	1.876	62.327	4	6
7w1sB	5	1.013	2.819	2.315	1.877	60.892	7	6
7w1sB	6	0.882	2.179	1.820	1.626	61.807	5	6
7w1sB	7	0.890	2.180	1.868	1.605	61.442	6	6
7w1sB	8	1.015	2.820	2.332	1.953	57.910	14	6
7w1sB	9	0.923	2.420	2.063	1.798	54.078	25	6
7w1sB	10	0.855	2.306	1.989	1.711	54.078	25	6
7w1sB	11	0.934	2.512	2.171	1.883	54.363	24	6
7w1sB	12	1.003	2.687	2.255	1.848	56.670	18	6
7w1sB	13	0.878	2.222	1.855	1.642	58.900	9	6
7w1sB	14	0.933	2.189	1.920	1.706	57.672	15	6
7w1sB	15	0.878	2.395	2.077	1.780	57.260	16	6
7w1sB	16	0.901	2.169	1.893	1.714	58.873	10	6
7w1sB	17	0.941	2.300	2.013	1.796	57.260	16	6
7w1sB	18	0.873	2.345	2.055	1.776	55.963	21	6
7w1sB	19	1.024	2.782	2.319	1.942	55.942	22	6
7w1sB	20	0.869	2.104	1.730	1.589	58.948	8	6
7w1sB	21	1.015	2.734	2.308	1.909	56.268	19	6
7w1sB	22	0.909	2.208	1.921	1.733	58.760	11	6
7w1sB	23	0.901	2.198	1.893	1.709	58.235	12	6
7w1sB	24	1.002	2.747	2.316	1.926	54.728	23	6
7w1sB	25	1.025	2.789	2.326	1.952	57.913	13	6
7wd2D	1	0.874	0.875	0.976	2.250	52.929	13	19
7wd2D	2	0.872	0.897	1.004	2.279	50.962	17	19
7wd2D	3	0.540	0.716	0.916	3.989	43.132	24	19
7wd2D	4	0.546	0.768	0.888	5.135	44.024	23	19
7wd2D	5	0.843	0.888	0.949	2.134	53.461	11	19
7wd2D	6	0.492	0.624	0.876	1.175	53.568	10	19
7wd2D	7	0.851	0.904	0.963	1.922	50.894	18	19
7wd2D	8	0.842	0.841	0.958	2.129	52.319	14	19
7wd2D	9	0.848	0.874	0.960	2.240	50.531	20	19
7wd2D	10	0.823	0.829	0.931	1.283	50.531	20	19
7wd2D	11	0.534	0.591	0.883	2.175	47.512	22	19
7wd2D	12	0.818	0.829	0.922	1.617	58.045	1	19
7wd2D	13	0.808	0.825	0.925	1.170	52.975	12	19
7wd2D	14	0.856	0.880	1.038	2.022	49.442	21	19
7wd2D	15	0.817	0.856	0.955	1.288	58.041	2	19
7wd2D	16	0.512	0.643	0.903	1.239	54.595	9	19
7wd2D	17	0.511	0.743	0.913	1.246	52.197	15	19
7wd2D	18	0.845	0.857	0.897	1.438	56.168	4	19
7wd2D	19	0.841	0.892	1.088	2.816	42.920	25	19
7wd2D	20	0.811	0.813	0.965	1.272	50.815	19	19
7wd2D	21	0.817	0.875	0.991	1.217	51.154	16	19
7wd2D	22	0.888	0.816	0.882	1.376	55.735	5	19
7wd2D	23	0.519	0.690	0.886	1.352	55.432	7	19
7wd2D	24	0.892	0.888	0.918	1.281	55.247	8	19
7wd2D	25	0.889	0.824	0.880	1.416	55.506	6	19
7whiG	1	1.348	2.136	2.902	2.787	48.977	16	11
7whiG	2	1.522	2.330	3.077	3.213	44.652	22	11
7whiG	3	1.548	2.369	3.069	3.214	44.236	23	11
7whiG	4	1.323	2.102	2.866	2.754	48.978	15	11
7whiG	5	1.607	2.429	3.111	3.081	43.671	24	11
7whiG	6	1.329	2.132	2.891	2.782	49.182	10	11
7whiG	7	1.559	2.378	3.048	3.001	43.613	25	11
7whiG	8	1.318	2.155	2.910	2.763	49.119	11	11
7whiG	9	1.267	2.018	2.782	2.764	50.688	1	11
7whiG	10	1.242	1.892	2.742	2.784	50.688	1	11
7whiG	11	1.229	1.797	2.671	2.742	50.078	4	11
7whiG	12	1.241	1.808	2.695	2.773	49.585	8	11
7whiG	13	1.262	1.830	2.697	2.732	49.291	9	11
7whiG	14	1.306	2.087	2.846	2.692	49.954	6	11
7whiG	15	1.239	1.959	2.754	2.726	47.896	19	11
7whiG	16	1.379	2.157	2.944	3.309	45.085	21	11
7whiG	17	1.249	1.941	2.762	2.766	47.681	20	11
7whiG	18	1.178	1.832	2.657	2.663	49.005	14	11
7whiG	19	1.195	1.933	2.754	2.696	50.218	3	11
7whiG	20	1.197	1.903	2.687	2.715	48.872	17	11
7whiG	21	1.186	1.863	2.774	2.766	49.761	7	11
7whiG	22	1.169	1.854	2.655	2.653	48.260	18	11
7whiG	23	1.184	1.972	2.801	2.830	50.009	5	11
7whiG	24	1.133	1.832	2.690	2.609	49.087	12	11
7whiG	25	1.160	1.926	2.781	2.727	49.026	13	11
7wkiB	1	0.568	4.610	3.583	4.674	57.365	7	24
7wkiB	2	0.549	4.592	3.510	4.783	58.488	1	24
7wkiB	3	0.548	4.718	3.634	4.609	54.639	25	24
7wkiB	4	0.558	4.646	3.614	4.855	56.567	12	24
7wkiB	5	0.551	4.711	3.634	4.769	57.693	5	24
7wkiB	6	0.545	4.712	3.643	4.802	58.132	3	24
7wkiB	7	0.549	1.070	1.132	4.325	55.929	16	24
7wkiB	8	0.557	4.717	3.643	4.866	56.659	11	24
7wkiB	9	0.541	1.018	1.125	4.342	55.560	22	24
7wkiB	10	0.516	4.539	3.463	5.012	55.560	22	24
7wkiB	11	0.555	4.615	3.532	5.017	57.872	4	24
7wkiB	12	0.550	1.039	1.154	4.391	55.725	20	24
7wkiB	13	0.523	4.624	3.539	4.944	55.565	21	24
7wkiB	14	0.533	1.042	1.131	4.413	58.261	2	24
7wkiB	15	0.541	4.641	3.592	4.935	55.793	18	24
7wkiB	16	0.559	4.634	3.580	4.285	55.445	23	24
7wkiB	17	0.551	4.591	3.562	4.866	56.318	14	24
7wkiB	18	0.551	4.619	3.578	4.829	55.148	24	24
7wkiB	19	0.546	4.625	3.585	4.847	55.813	17	24
7wkiB	20	0.530	3.349	2.564	4.653	57.027	9	24
7wkiB	21	0.523	4.546	3.470	5.071	55.943	15	24
7wkiB	22	0.554	0.938	1.088	4.312	57.133	8	24
7wkiB	23	0.533	4.652	3.553	5.018	57.414	6	24
7wkiB	24	0.520	4.596	3.502	4.932	55.763	19	24
7wkiB	25	0.557	0.979	1.118	4.441	56.720	10	24
7x2jB	1	0.403	1.140	0.898	3.390	44.827	2	18
7x2jB	2	0.399	1.123	0.886	3.731	44.107	3	18
7x2jB	3	0.402	1.170	0.916	3.669	43.682	4	18
7x2jB	4	0.399	1.057	0.840	3.226	43.548	5	18
7x2jB	5	0.367	0.896	0.727	2.570	42.972	8	18
7x2jB	6	0.396	1.093	0.855	2.833	43.319	6	18
7x2jB	7	0.369	0.912	0.741	2.649	43.156	7	18
7x2jB	8	0.380	0.827	0.686	2.528	42.397	10	18
7x2jB	9	0.378	0.742	0.623	2.410	41.782	14	18
7x2jB	10	0.383	0.770	0.654	2.345	41.782	14	18
7x2jB	11	0.389	0.778	0.654	2.773	41.202	16	18
7x2jB	12	0.376	0.976	0.792	2.263	42.702	9	18
7x2jB	13	0.372	0.958	0.776	2.346	42.323	11	18
7x2jB	14	0.384	0.749	0.632	2.325	41.964	12	18
7x2jB	15	0.383	0.772	0.650	2.545	41.581	15	18
7x2jB	16	0.383	0.803	0.673	2.669	40.943	17	18
7x2jB	17	0.389	1.273	0.992	3.858	38.512	24	18
7x2jB	18	0.384	1.161	0.912	3.464	38.903	22	18
7x2jB	19	0.386	0.792	0.668	2.555	40.764	18	18
7x2jB	20	0.395	1.289	1.010	2.736	38.837	23	18
7x2jB	21	0.389	1.212	0.948	3.481	39.302	21	18
7x2jB	22	0.388	0.889	0.776	4.094	45.195	1	18
7x2jB	23	0.378	0.754	0.643	2.439	40.549	20	18
7x2jB	24	0.381	0.787	0.665	2.606	40.739	19	18
7x2jB	25	0.397	1.267	0.995	3.473	38.262	25	18
7x2lB	1	1.064	0.703	0.723	0.775	95.063	2	8
7x2lB	2	1.036	0.731	0.746	0.784	95.134	1	8
7x2lB	3	1.572	1.302	1.070	1.076	94.704	7	8
7x2lB	4	1.583	1.356	1.109	1.111	94.719	6	8
7x2lB	5	1.036	0.725	0.736	0.776	94.899	3	8
7x2lB	6	1.039	0.638	0.742	0.759	94.742	4	8
7x2lB	7	1.583	1.330	1.096	1.083	94.729	5	8
7x2lB	8	1.571	1.474	1.202	1.145	94.141	9	8
7x2lB	9	1.560	1.319	1.086	1.044	94.626	8	8
7x2lB	10	1.582	1.478	1.196	1.111	94.626	8	8
7x2lB	11	1.116	2.851	2.242	2.318	50.667	18	8
7x2lB	12	1.123	2.064	1.667	1.925	50.895	17	8
7x2lB	13	1.544	1.570	1.282	1.355	59.825	12	8
7x2lB	14	1.548	1.543	1.266	1.342	59.444	13	8
7x2lB	15	1.552	1.594	1.292	1.333	54.839	14	8
7x2lB	16	1.089	1.190	1.106	1.250	60.339	11	8
7x2lB	17	1.539	1.583	1.283	1.322	54.371	15	8
7x2lB	18	1.529	1.591	1.280	1.294	54.150	16	8
7x2lB	19	1.078	3.257	2.547	2.629	48.704	23	8
7x2lB	20	1.567	1.832	1.474	2.018	49.203	22	8
7x2lB	21	1.531	2.049	1.636	2.197	49.930	19	8
7x2lB	22	1.056	3.033	2.360	2.214	48.605	24	8
7x2lB	23	1.561	2.067	1.649	2.149	49.386	20	8
7x2lB	24	1.562	2.083	1.666	2.167	49.259	21	8
7x2lB	25	0.975	3.306	2.558	2.519	48.216	25	8
7x2mB	1	0.320	0.674	0.749	1.470	61.462	1	17
7x2mB	2	0.386	0.792	0.860	1.528	59.634	5	17
7x2mB	3	0.382	0.764	0.842	1.796	60.245	3	17
7x2mB	4	0.378	0.842	0.892	1.922	59.967	4	17
7x2mB	5	0.373	0.909	0.938	1.914	60.374	2	17
7x2mB	6	0.375	0.854	0.909	1.781	57.397	9	17
7x2mB	7	0.334	0.734	0.780	1.707	57.572	7	17
7x2mB	8	0.377	0.874	0.918	2.008	57.474	8	17
7x2mB	9	0.388	0.914	0.954	1.827	56.621	10	17
7x2mB	10	0.342	0.719	0.786	1.658	56.621	10	17
7x2mB	11	0.386	0.893	0.916	1.976	54.218	22	17
7x2mB	12	0.406	0.947	0.964	2.009	55.029	21	17
7x2mB	13	0.387	0.851	0.883	2.064	53.872	23	17
7x2mB	14	0.392	0.819	0.906	1.794	56.000	14	17
7x2mB	15	0.377	0.740	0.853	1.497	55.252	19	17
7x2mB	16	0.377	0.750	0.860	1.669	55.980	15	17
7x2mB	17	0.323	0.711	0.871	2.258	55.249	20	17
7x2mB	18	0.383	0.823	0.854	1.920	53.509	25	17
7x2mB	19	0.382	0.807	0.859	2.029	53.619	24	17
7x2mB	20	0.330	0.747	0.900	2.346	56.005	13	17
7x2mB	21	0.329	0.761	0.893	2.363	55.864	16	17
7x2mB	22	0.349	0.739	0.802	1.393	56.535	11	17
7x2mB	23	0.337	0.759	0.915	2.368	56.013	12	17
7x2mB	24	0.334	0.785	0.917	2.372	55.676	17	17
7x2mB	25	0.353	0.740	0.845	1.399	55.499	18	17
7x7eA	1	1.474	1.406	1.226	2.985	78.991	1	20
7x7eA	2	1.554	1.673	1.429	2.867	77.230	2	20
7x7eA	3	1.144	1.440	1.201	2.760	69.204	5	20
7x7eA	4	1.152	1.550	1.283	3.027	75.446	3	20
7x7eA	5	1.101	1.515	1.245	3.044	74.688	4	20
7x7eA	6	1.481	1.539	1.325	2.870	68.739	6	20
7x7eA	7	0.988	1.412	1.167	2.927	65.980	12	20
7x7eA	8	1.426	1.381	1.225	3.035	63.877	19	20
7x7eA	9	1.354	1.436	1.219	2.887	64.738	15	20
7x7eA	10	1.177	1.411	1.176	2.916	64.738	15	20
7x7eA	11	1.331	1.432	1.234	2.918	64.754	14	20
7x7eA	12	1.307	1.458	1.239	3.294	66.555	11	20
7x7eA	13	1.268	1.445	1.237	3.178	66.676	10	20
7x7eA	14	1.219	1.453	1.257	3.324	67.039	9	20
7x7eA	15	1.202	1.378	1.168	3.297	67.754	7	20
7x7eA	16	1.148	1.329	1.150	3.151	67.568	8	20
7x7eA	17	0.991	1.357	1.131	3.133	62.330	20	20
7x7eA	18	1.355	1.394	1.223	3.152	64.896	13	20
7x7eA	19	1.273	1.457	1.255	2.916	64.117	18	20
7x7eA	20	1.192	1.266	1.115	3.151	64.197	17	20
7x7eA	21	1.219	1.207	1.073	3.199	57.826	23	20
7x7eA	22	1.203	1.179	1.057	3.187	58.771	21	20
7x7eA	23	1.177	1.111	1.002	3.173	56.776	25	20
7x7eA	24	1.159	1.169	1.058	3.189	57.665	24	20
7x7eA	25	1.159	1.169	1.041	3.180	58.667	22	20
7xqvB	1	1.448	6.889	6.181	5.000	53.810	3	12
7xqvB	2	1.471	6.156	5.556	6.327	56.607	1	12
7xqvB	3	1.561	4.215	4.252	9.024	42.036	25	12
7xqvB	4	1.436	6.096	5.503	6.307	55.103	2	12
7xqvB	5	1.431	5.500	4.508	3.900	49.924	15	12
7xqvB	6	1.353	5.373	4.365	4.077	48.646	20	12
7xqvB	7	1.557	4.357	4.651	5.574	42.722	24	12
7xqvB	8	1.512	4.628	4.754	5.644	45.263	23	12
7xqvB	9	1.473	4.431	4.716	4.051	51.722	8	12
7xqvB	10	1.371	5.501	5.277	4.353	51.722	8	12
7xqvB	11	1.455	4.837	4.863	4.146	50.099	14	12
7xqvB	12	1.469	6.006	5.479	5.994	52.087	5	12
7xqvB	13	1.370	5.160	5.077	4.216	49.924	15	12
7xqvB	14	1.440	5.465	5.303	4.780	47.843	22	12
7xqvB	15	1.481	5.733	5.335	5.726	50.739	9	12
7xqvB	16	1.477	4.800	4.881	4.060	49.814	18	12
7xqvB	17	1.480	5.934	5.533	5.940	51.973	6	12
7xqvB	18	1.456	6.349	5.679	6.175	53.017	4	12
7xqvB	19	1.471	6.171	5.601	6.043	51.790	7	12
7xqvB	20	1.436	6.328	5.702	5.430	48.135	21	12
7xqvB	21	1.475	6.621	5.880	6.224	49.922	17	12
7xqvB	22	1.499	6.627	5.902	6.283	50.212	13	12
7xqvB	23	1.476	6.655	5.920	6.295	50.292	11	12
7xqvB	24	1.502	6.657	5.927	6.253	49.285	19	12
7xqvB	25	1.474	6.631	5.898	6.245	50.293	10	12
7yz9B	1	1.159	4.460	3.517	4.353	45.579	3	8
7yz9B	2	1.166	4.458	3.521	4.436	45.426	5	8
7yz9B	3	1.166	4.434	3.519	4.358	45.730	2	8
7yz9B	4	1.159	4.475	3.577	4.415	38.646	22	8
7yz9B	5	1.171	4.436	3.487	4.372	45.460	4	8
7yz9B	6	1.159	4.580	3.599	4.479	38.834	19	8
7yz9B	7	1.137	4.304	3.397	4.351	43.409	7	8
7yz9B	8	1.098	0.463	0.670	3.285	48.316	1	8
7yz9B	9	1.155	4.569	3.582	4.699	38.885	18	8
7yz9B	10	1.169	4.546	3.562	4.491	38.885	18	8
7yz9B	11	1.189	4.291	3.436	4.257	42.910	9	8
7yz9B	12	1.154	4.599	3.610	4.508	38.906	16	8
7yz9B	13	1.187	4.349	3.461	4.305	42.032	11	8
7yz9B	14	1.158	4.455	3.567	4.508	37.740	24	8
7yz9B	15	1.160	4.585	3.603	4.477	38.735	21	8
7yz9B	16	1.165	4.494	3.594	4.535	37.551	25	8
7yz9B	17	1.156	4.535	3.596	4.386	41.035	12	8
7yz9B	18	1.164	4.570	3.664	4.332	38.812	20	8
7yz9B	19	1.194	4.336	3.480	4.324	39.471	14	8
7yz9B	20	1.143	4.360	3.442	4.420	42.316	10	8
7yz9B	21	1.146	4.369	3.455	4.415	43.410	6	8
7yz9B	22	1.187	4.372	3.501	4.357	39.362	15	8
7yz9B	23	1.162	4.462	3.575	4.380	37.988	23	8
7yz9B	24	1.189	4.362	3.504	4.353	39.574	13	8
7yz9B	25	1.154	4.439	3.525	4.438	43.031	8	8
7zmvG	1	0.583	2.231	1.855	5.686	42.259	1	17
7zmvG	2	0.585	2.261	1.871	5.846	42.246	2	17
7zmvG	3	0.565	2.214	1.838	6.005	41.386	3	17
7zmvG	4	0.549	2.080	1.763	9.128	41.124	4	17
7zmvG	5	0.556	2.342	1.938	9.408	40.739	5	17
7zmvG	6	0.526	1.976	1.681	9.327	38.149	10	17
7zmvG	7	0.588	2.230	1.862	10.100	38.004	17	17
7zmvG	8	0.581	2.314	1.916	10.004	38.081	15	17
7zmvG	9	0.531	2.214	1.851	9.101	35.476	23	17
7zmvG	10	0.646	2.543	2.097	10.868	35.476	23	17
7zmvG	11	0.534	2.169	1.821	8.892	35.306	24	17
7zmvG	12	0.539	2.208	1.842	8.647	34.941	25	17
7zmvG	13	0.525	2.087	1.769	9.555	36.952	21	17
7zmvG	14	0.560	2.180	1.808	9.066	37.616	20	17
7zmvG	15	0.561	2.176	1.805	8.895	37.930	18	17
7zmvG	16	0.555	2.180	1.805	8.940	38.109	14	17
7zmvG	17	0.558	2.157	1.797	9.007	38.110	13	17
7zmvG	18	0.569	2.183	1.813	8.895	38.214	9	17
7zmvG	19	0.589	2.433	2.018	10.393	38.071	16	17
7zmvG	20	0.607	2.454	2.029	10.240	37.775	19	17
7zmvG	21	0.568	2.394	1.946	11.110	38.115	12	17
7zmvG	22	0.564	2.383	1.937	11.132	38.412	6	17
7zmvG	23	0.563	2.395	1.948	11.217	38.346	8	17
7zmvG	24	0.565	2.388	1.946	11.243	38.129	11	17
7zmvG	25	0.577	2.398	1.952	5.680	38.406	7	17
8bb7D	1	0.908	1.103	1.022	2.808	47.157	18	15
8bb7D	2	0.968	1.175	1.159	1.567	46.053	22	15
8bb7D	3	0.762	1.141	1.114	1.557	46.206	21	15
8bb7D	4	0.917	1.015	1.035	1.396	52.597	2	15
8bb7D	5	0.951	1.125	1.110	1.560	46.043	23	15
8bb7D	6	0.731	1.036	1.025	1.379	52.472	3	15
8bb7D	7	0.895	1.101	1.102	1.411	49.478	15	15
8bb7D	8	0.924	1.111	1.076	1.516	46.018	24	15
8bb7D	9	0.889	0.934	0.932	1.472	47.326	17	15
8bb7D	10	0.902	0.978	0.968	1.495	47.326	17	15
8bb7D	11	0.861	0.950	0.929	1.311	48.771	16	15
8bb7D	12	0.888	0.983	0.974	1.482	46.566	19	15
8bb7D	13	0.877	1.109	1.068	1.316	51.825	8	15
8bb7D	14	0.879	0.937	0.949	1.347	50.339	13	15
8bb7D	15	0.908	1.004	1.008	1.320	52.400	4	15
8bb7D	16	0.759	1.038	0.978	2.705	44.389	25	15
8bb7D	17	0.887	1.131	1.097	1.554	50.427	11	15
8bb7D	18	0.872	1.081	1.037	1.333	50.035	14	15
8bb7D	19	0.939	1.037	1.054	1.331	51.867	7	15
8bb7D	20	0.900	1.019	1.011	1.387	52.660	1	15
8bb7D	21	0.900	1.007	1.054	1.439	51.941	5	15
8bb7D	22	0.874	1.098	1.043	1.296	50.391	12	15
8bb7D	23	0.938	1.022	1.054	1.411	50.665	10	15
8bb7D	24	0.939	1.030	1.045	1.328	51.867	6	15
8bb7D	25	0.745	1.036	1.042	1.359	51.445	9	15
8cwuB	1	3.955	3.959	3.148	2.541	59.212	1	13
8cwuB	2	3.947	3.878	3.106	2.543	58.299	2	13
8cwuB	3	3.624	3.954	3.102	3.343	49.335	18	13
8cwuB	4	3.582	3.947	3.104	3.514	48.827	19	13
8cwuB	5	3.616	4.222	3.309	3.503	50.838	14	13
8cwuB	6	3.593	3.888	3.052	3.395	49.853	16	13
8cwuB	7	3.715	3.987	3.145	3.375	47.077	22	13
8cwuB	8	3.726	3.892	3.083	3.345	47.209	21	13
8cwuB	9	3.904	3.583	2.886	2.368	55.984	3	13
8cwuB	10	3.762	4.084	3.223	2.829	55.984	3	13
8cwuB	11	3.627	3.941	3.064	3.537	48.467	20	13
8cwuB	12	3.111	3.576	2.879	3.474	50.485	15	13
8cwuB	13	3.696	4.090	3.231	3.448	49.674	17	13
8cwuB	14	3.953	4.033	3.181	2.688	52.065	12	13
8cwuB	15	3.688	4.053	3.234	3.421	46.562	24	13
8cwuB	16	3.967	3.998	3.192	2.574	54.879	7	13
8cwuB	17	3.701	3.943	3.130	3.488	45.090	25	13
8cwuB	18	3.859	3.583	2.875	2.508	55.156	5	13
8cwuB	19	3.547	3.798	3.021	3.520	46.877	23	13
8cwuB	20	3.433	3.728	2.981	4.155	54.930	6	13
8cwuB	21	3.363	3.582	2.871	4.075	55.395	4	13
8cwuB	22	4.015	4.073	3.216	2.742	51.946	13	13
8cwuB	23	3.817	3.596	2.846	2.553	53.734	10	13
8cwuB	24	3.836	3.677	2.931	2.604	54.184	8	13
8cwuB	25	3.678	3.496	2.789	2.461	53.940	9	13
8dquB	1	0.545	0.803	0.626	0.597	86.106	1	16
8dquB	2	0.623	1.281	0.979	0.880	84.886	2	16
8dquB	3	0.616	1.336	1.024	0.920	83.503	3	16
8dquB	4	0.539	0.682	0.560	0.553	82.953	4	16
8dquB	5	0.635	1.449	1.134	0.966	80.551	5	16
8dquB	6	0.438	0.464	0.380	0.527	80.407	6	16
8dquB	7	0.459	0.466	0.432	0.572	79.996	7	16
8dquB	8	0.445	0.469	0.389	0.526	79.312	8	16
8dquB	9	0.521	0.738	0.721	1.151	72.359	11	16
8dquB	10	1.061	0.509	0.633	1.034	72.359	11	16
8dquB	11	1.060	0.501	0.660	1.240	69.194	17	16
8dquB	12	0.492	0.533	0.581	1.044	73.744	9	16
8dquB	13	0.552	1.133	1.018	1.295	70.076	15	16
8dquB	14	0.515	0.950	0.908	1.256	67.299	19	16
8dquB	15	1.058	0.645	0.737	1.281	67.505	18	16
8dquB	16	1.025	0.501	0.627	1.111	72.679	10	16
8dquB	17	1.028	0.490	0.637	1.160	70.611	14	16
8dquB	18	0.501	0.543	0.608	1.127	71.351	13	16
8dquB	19	0.513	0.629	0.692	1.195	65.313	22	16
8dquB	20	1.063	0.703	0.772	1.261	64.862	24	16
8dquB	21	0.463	0.557	0.615	0.995	66.222	20	16
8dquB	22	0.510	0.558	0.579	1.071	71.794	12	16
8dquB	23	0.483	0.598	0.652	0.996	65.796	21	16
8dquB	24	0.470	0.553	0.634	1.039	64.872	23	16
8dquB	25	1.033	0.594	0.701	1.261	64.831	25	16
8dtnE	1	1.296	2.661	3.619	5.189	60.265	1	8
8dtnE	2	1.320	2.711	3.674	5.272	58.656	6	8
8dtnE	3	1.314	2.684	3.673	5.380	57.310	11	8
8dtnE	4	1.321	2.741	3.688	5.289	58.866	5	8
8dtnE	5	1.317	3.325	3.960	5.438	59.039	4	8
8dtnE	6	1.407	2.860	3.729	5.435	58.219	7	8
8dtnE	7	1.323	2.724	3.672	5.292	59.660	2	8
8dtnE	8	1.364	2.748	3.644	5.367	54.495	20	8
8dtnE	9	1.330	3.607	4.076	5.636	58.098	8	8
8dtnE	10	1.402	2.839	3.723	5.430	58.098	8	8
8dtnE	11	1.345	2.701	3.578	5.236	55.661	15	8
8dtnE	12	1.364	2.729	3.666	5.304	52.461	23	8
8dtnE	13	1.371	2.735	3.645	5.260	51.450	24	8
8dtnE	14	1.341	3.513	4.058	5.501	59.524	3	8
8dtnE	15	1.320	3.432	4.002	5.471	57.956	9	8
8dtnE	16	1.356	3.558	4.017	5.580	56.131	14	8
8dtnE	17	1.369	2.742	3.683	5.310	52.860	22	8
8dtnE	18	1.409	2.835	3.728	5.303	54.504	19	8
8dtnE	19	1.342	2.732	3.725	5.368	57.489	10	8
8dtnE	20	1.371	2.730	3.649	5.241	51.172	25	8
8dtnE	21	1.349	2.748	3.634	5.445	55.261	17	8
8dtnE	22	1.368	2.730	3.729	5.344	56.701	13	8
8dtnE	23	1.352	2.748	3.668	5.477	55.516	16	8
8dtnE	24	1.338	2.747	3.648	5.448	55.008	18	8
8dtnE	25	1.330	2.741	3.674	5.453	54.134	21	8
8dtuA	1	1.753	2.805	3.264	5.917	54.700	1	10
8dtuA	2	1.891	3.408	3.681	6.227	53.100	3	10
8dtuA	3	1.802	2.831	3.281	5.082	45.980	25	10
8dtuA	4	1.812	2.987	3.381	5.054	48.860	19	10
8dtuA	5	1.746	3.098	3.386	5.612	50.936	9	10
8dtuA	6	1.796	2.863	3.318	5.683	51.459	6	10
8dtuA	7	1.792	3.016	3.395	4.670	49.001	16	10
8dtuA	8	1.839	2.991	3.363	4.904	48.083	23	10
8dtuA	9	1.719	3.041	3.385	5.740	50.687	10	10
8dtuA	10	1.744	2.994	3.360	5.776	50.687	10	10
8dtuA	11	1.785	2.837	3.306	6.070	51.013	7	10
8dtuA	12	1.804	3.037	3.411	4.605	48.915	18	10
8dtuA	13	1.745	2.927	3.347	5.606	51.879	5	10
8dtuA	14	1.714	2.364	3.096	5.470	54.480	2	10
8dtuA	15	1.621	2.934	3.317	5.747	50.564	11	10
8dtuA	16	1.759	2.895	3.321	5.453	52.449	4	10
8dtuA	17	1.760	3.130	3.400	5.668	49.760	14	10
8dtuA	18	1.601	2.921	3.320	5.742	50.353	12	10
8dtuA	19	1.785	3.161	3.450	5.643	50.083	13	10
8dtuA	20	1.713	3.088	3.371	6.036	48.983	17	10
8dtuA	21	1.836	2.953	3.389	4.496	48.243	22	10
8dtuA	22	1.737	3.094	3.382	5.910	48.019	24	10
8dtuA	23	1.757	2.955	3.316	5.785	49.382	15	10
8dtuA	24	1.773	2.977	3.398	4.089	48.769	21	10
8dtuA	25	1.729	2.848	3.350	4.090	48.834	20	10
8emzB	1	0.409	1.503	1.199	3.070	47.237	14	19
8emzB	2	0.413	1.520	1.194	2.843	46.459	16	19
8emzB	3	0.422	1.401	1.114	2.820	50.637	9	19
8emzB	4	0.411	1.522	1.218	2.972	51.258	5	19
8emzB	5	0.427	1.502	1.198	2.860	50.960	7	19
8emzB	6	0.407	1.487	1.194	2.967	51.108	6	19
8emzB	7	0.409	1.521	1.205	2.845	50.872	8	19
8emzB	8	0.433	1.678	1.327	3.018	47.999	12	19
8emzB	9	0.402	1.356	1.084	2.784	47.553	13	19
8emzB	10	0.448	1.628	1.286	2.964	47.553	13	19
8emzB	11	0.436	1.653	1.300	2.919	48.269	10	19
8emzB	12	0.381	1.626	1.267	5.623	43.189	19	19
8emzB	13	0.402	1.462	1.153	4.090	43.552	18	19
8emzB	14	0.423	1.605	1.256	2.969	53.322	4	19
8emzB	15	0.440	1.681	1.332	2.876	47.129	15	19
8emzB	16	0.430	1.570	1.231	2.974	53.971	2	19
8emzB	17	0.401	1.504	1.184	4.092	42.726	20	19
8emzB	18	0.422	1.665	1.294	2.988	54.761	1	19
8emzB	19	0.435	1.666	1.321	5.556	42.201	21	19
8emzB	20	0.430	1.489	1.164	3.000	53.367	3	19
8emzB	21	0.423	1.583	1.231	3.646	44.511	17	19
8emzB	22	0.384	1.602	1.279	5.379	42.164	22	19
8emzB	23	0.383	1.655	1.301	4.745	41.554	24	19
8emzB	24	0.386	1.640	1.268	4.930	41.693	23	19
8emzB	25	0.387	1.631	1.272	6.391	40.732	25	19
8en0D	1	1.629	4.821	3.930	3.555	50.456	1	8
8en0D	2	1.579	4.374	3.683	3.368	48.754	12	8
8en0D	3	1.602	4.386	3.690	3.358	48.689	13	8
8en0D	4	1.500	3.858	3.368	3.118	48.539	15	8
8en0D	5	1.508	4.276	3.600	3.205	47.823	19	8
8en0D	6	1.578	4.339	3.666	3.329	48.544	14	8
8en0D	7	1.554	4.432	3.679	3.368	49.724	3	8
8en0D	8	1.512	4.384	3.664	3.244	47.390	24	8
8en0D	9	1.542	4.112	3.532	3.236	48.538	16	8
8en0D	10	1.598	4.735	3.883	3.495	48.538	16	8
8en0D	11	1.546	4.669	3.852	3.385	47.301	25	8
8en0D	12	1.503	4.237	3.571	3.197	47.861	18	8
8en0D	13	1.594	4.716	3.876	3.522	49.648	5	8
8en0D	14	1.529	4.771	3.941	3.406	49.263	9	8
8en0D	15	1.530	4.622	3.827	3.344	47.665	22	8
8en0D	16	1.536	4.665	3.856	3.384	49.247	10	8
8en0D	17	1.530	4.812	3.981	3.476	49.305	8	8
8en0D	18	1.606	4.606	3.785	3.520	49.423	7	8
8en0D	19	1.518	4.518	3.781	3.348	49.469	6	8
8en0D	20	1.526	4.865	4.003	3.489	49.711	4	8
8en0D	21	1.336	3.324	3.017	2.791	47.822	20	8
8en0D	22	1.552	4.482	3.723	3.341	47.427	23	8
8en0D	23	1.335	3.217	2.935	2.753	47.870	17	8
8en0D	24	1.569	4.439	3.696	3.356	47.731	21	8
8en0D	25	1.360	3.352	3.014	2.923	48.920	11	8
8en2D	1	0.737	1.612	1.405	1.722	79.246	1	17
8en2D	2	0.842	1.739	2.030	2.406	76.458	3	17
8en2D	3	0.723	1.495	1.766	2.059	73.576	4	17
8en2D	4	0.683	1.180	1.051	1.171	77.258	2	17
8en2D	5	0.732	1.552	1.356	1.843	70.573	5	17
8en2D	6	0.721	1.408	1.160	1.745	69.447	6	17
8en2D	7	0.747	1.550	1.505	1.934	68.492	7	17
8en2D	8	0.742	1.439	1.306	1.929	63.869	10	17
8en2D	9	0.759	1.516	1.873	2.036	60.576	12	17
8en2D	10	0.767	1.420	1.426	2.026	60.576	12	17
8en2D	11	0.698	1.297	1.157	1.304	53.236	18	17
8en2D	12	0.758	1.405	1.255	1.578	53.147	19	17
8en2D	13	0.753	1.350	1.170	1.551	53.259	17	17
8en2D	14	0.753	1.582	1.757	2.225	67.979	8	17
8en2D	15	0.762	1.280	1.128	1.690	51.779	20	17
8en2D	16	0.757	1.214	1.065	1.530	50.407	21	17
8en2D	17	0.726	1.148	1.131	1.827	48.389	24	17
8en2D	18	0.818	1.193	1.611	1.903	47.820	25	17
8en2D	19	0.739	1.067	1.088	1.780	48.823	23	17
8en2D	20	0.865	1.668	2.225	2.502	65.311	9	17
8en2D	21	0.773	1.496	1.509	1.816	50.335	22	17
8en2D	22	0.777	1.464	1.620	2.354	59.642	13	17
8en2D	23	0.714	1.456	1.426	1.690	55.808	16	17
8en2D	24	0.751	1.477	2.041	2.389	56.768	15	17
8en2D	25	0.743	1.434	2.036	2.312	60.921	11	17
8en3C	1	0.833	2.218	1.887	2.695	60.677	5	15
8en3C	2	0.837	2.265	1.933	2.778	60.380	6	15
8en3C	3	0.833	2.002	1.763	2.719	59.261	14	15
8en3C	4	0.815	1.829	1.629	2.684	61.978	1	15
8en3C	5	0.790	1.563	1.437	2.797	58.875	16	15
8en3C	6	0.842	2.057	1.793	2.710	61.096	4	15
8en3C	7	0.822	1.836	1.632	2.687	61.369	2	15
8en3C	8	0.825	1.813	1.627	2.624	58.781	20	15
8en3C	9	0.792	1.557	1.455	2.797	58.834	18	15
8en3C	10	0.825	1.891	1.674	2.648	58.834	18	15
8en3C	11	0.796	1.594	1.480	2.784	59.332	13	15
8en3C	12	0.837	1.738	1.564	2.617	58.577	23	15
8en3C	13	0.845	2.570	2.127	2.772	59.862	9	15
8en3C	14	0.800	1.702	1.537	2.800	58.580	22	15
8en3C	15	0.852	2.398	2.007	2.689	58.416	24	15
8en3C	16	0.801	1.950	1.683	2.753	59.409	12	15
8en3C	17	0.821	1.933	1.721	2.701	58.832	19	15
8en3C	18	0.813	1.841	1.627	2.708	61.281	3	15
8en3C	19	0.794	1.994	1.687	2.745	60.344	7	15
8en3C	20	0.812	2.107	1.805	2.845	58.852	17	15
8en3C	21	0.800	1.997	1.713	2.842	59.475	11	15
8en3C	22	0.844	2.519	2.093	2.763	60.005	8	15
8en3C	23	0.860	2.304	1.993	5.222	43.967	25	15
8en3C	24	0.840	2.453	2.048	2.744	58.774	21	15
8en3C	25	0.798	2.020	1.724	2.805	59.736	10	15
8ew6V	1	0.451	0.689	0.713	3.031	76.165	1	15
8ew6V	2	0.423	0.732	0.667	3.187	75.859	2	15
8ew6V	3	0.422	0.762	0.706	3.087	74.404	4	15
8ew6V	4	0.424	0.791	0.685	3.310	75.401	3	15
8ew6V	5	0.437	0.768	0.682	3.193	74.329	5	15
8ew6V	6	0.442	0.723	0.704	2.910	68.369	9	15
8ew6V	7	0.451	0.776	0.659	2.996	63.355	17	15
8ew6V	8	0.451	0.782	0.659	3.033	62.367	18	15
8ew6V	9	0.441	0.680	0.731	1.983	60.837	19	15
8ew6V	10	0.384	0.508	0.483	1.383	60.837	19	15
8ew6V	11	0.421	0.607	0.675	1.909	59.087	22	15
8ew6V	12	0.413	0.605	0.633	1.864	59.924	21	15
8ew6V	13	0.384	0.510	0.496	1.414	68.621	6	15
8ew6V	14	0.456	0.719	0.668	2.987	68.529	8	15
8ew6V	15	0.401	0.544	0.648	1.571	67.808	12	15
8ew6V	16	0.418	1.094	0.932	1.679	68.091	11	15
8ew6V	17	0.431	0.617	0.713	2.089	58.670	23	15
8ew6V	18	0.481	0.700	0.645	3.022	66.362	15	15
8ew6V	19	0.374	0.454	0.506	1.596	65.658	16	15
8ew6V	20	0.427	0.653	0.683	2.020	60.201	20	15
8ew6V	21	0.457	1.336	1.108	1.710	68.115	10	15
8ew6V	22	0.424	0.643	0.646	2.067	57.646	24	15
8ew6V	23	0.418	0.641	0.649	2.023	56.699	25	15
8ew6V	24	0.414	0.555	0.618	1.564	67.662	13	15
8ew6V	25	0.425	0.557	0.624	1.600	66.803	14	15
8gz5B	1	1.118	3.914	2.948	2.624	64.849	3	11
8gz5B	2	1.259	3.603	2.713	2.067	64.231	7	11
8gz5B	3	1.233	1.433	1.143	1.020	67.425	1	11
8gz5B	4	1.336	4.799	3.572	3.049	64.665	4	11
8gz5B	5	1.320	5.032	3.729	3.077	63.949	9	11
8gz5B	6	1.337	4.864	3.610	2.992	64.381	5	11
8gz5B	7	1.357	4.862	3.608	3.001	63.746	10	11
8gz5B	8	1.231	3.885	2.912	2.597	64.145	8	11
8gz5B	9	1.328	3.760	2.819	2.141	60.663	18	11
8gz5B	10	1.363	3.839	2.888	2.618	60.663	18	11
8gz5B	11	1.217	1.310	1.082	0.961	63.545	11	11
8gz5B	12	1.389	4.942	3.666	2.759	64.344	6	11
8gz5B	13	1.292	3.880	2.902	2.209	65.500	2	11
8gz5B	14	1.295	3.721	2.793	2.117	60.716	17	11
8gz5B	15	1.268	1.397	1.179	1.040	62.550	15	11
8gz5B	16	0.901	1.281	1.078	0.953	63.097	13	11
8gz5B	17	1.286	3.874	2.926	2.408	56.330	25	11
8gz5B	18	1.263	3.593	2.707	2.515	56.653	24	11
8gz5B	19	1.310	4.437	3.317	2.512	61.829	16	11
8gz5B	20	1.270	3.777	2.835	2.152	58.495	21	11
8gz5B	21	1.436	4.607	3.429	2.579	63.221	12	11
8gz5B	22	1.297	3.932	2.965	2.644	57.115	23	11
8gz5B	23	1.420	4.541	3.372	2.534	60.126	19	11
8gz5B	24	1.439	4.581	3.401	2.910	58.254	22	11
8gz5B	25	1.422	4.977	3.688	3.095	58.867	20	11
8h3xA	1	0.666	0.851	0.674	4.494	44.545	3	13
8h3xA	2	0.664	0.887	0.694	4.588	43.847	6	13
8h3xA	3	1.599	1.344	1.067	4.036	44.092	5	13
8h3xA	4	1.529	1.075	0.908	2.468	46.358	1	13
8h3xA	5	0.651	0.770	0.611	2.780	45.395	2	13
8h3xA	6	0.706	0.757	0.597	4.135	43.529	7	13
8h3xA	7	0.660	0.852	0.672	3.525	44.287	4	13
8h3xA	8	1.525	1.023	0.856	2.858	43.521	8	13
8h3xA	9	1.425	1.226	0.983	3.698	37.980	18	13
8h3xA	10	0.660	0.808	0.630	3.778	37.980	18	13
8h3xA	11	0.650	0.583	0.506	2.874	42.050	9	13
8h3xA	12	0.708	0.712	0.573	4.227	37.204	20	13
8h3xA	13	0.665	0.605	0.495	3.566	40.335	11	13
8h3xA	14	0.694	0.539	0.503	3.600	39.772	13	13
8h3xA	15	0.708	0.596	0.487	5.107	37.951	19	13
8h3xA	16	0.777	0.755	0.627	3.365	40.011	12	13
8h3xA	17	0.729	0.653	0.546	4.613	36.463	23	13
8h3xA	18	0.746	0.748	0.606	3.404	40.667	10	13
8h3xA	19	0.701	0.535	0.466	3.665	36.138	24	13
8h3xA	20	0.815	0.653	0.552	3.864	35.762	25	13
8h3xA	21	1.538	0.964	0.831	3.687	38.982	14	13
8h3xA	22	0.693	0.528	0.503	3.981	36.521	22	13
8h3xA	23	0.743	0.722	0.597	3.464	38.862	15	13
8h3xA	24	0.741	0.507	0.479	4.356	36.591	21	13
8h3xA	25	0.755	0.503	0.502	3.638	38.145	17	13
8h3yE	1	0.497	0.748	0.592	0.565	71.295	1	12
8h3yE	2	0.531	1.657	1.325	1.707	54.405	5	12
8h3yE	3	0.517	1.657	1.284	1.840	54.022	7	12
8h3yE	4	0.532	1.711	1.332	1.829	56.210	3	12
8h3yE	5	0.524	1.643	1.316	1.567	52.304	14	12
8h3yE	6	0.514	1.679	1.321	1.850	51.527	20	12
8h3yE	7	0.504	1.673	1.303	1.863	52.055	16	12
8h3yE	8	0.507	1.727	1.343	1.780	52.099	15	12
8h3yE	9	0.514	1.672	1.288	1.031	56.330	2	12
8h3yE	10	0.551	1.707	1.334	1.825	56.330	2	12
8h3yE	11	0.559	1.378	1.090	1.815	54.368	6	12
8h3yE	12	0.508	1.703	1.323	1.834	52.333	13	12
8h3yE	13	0.525	1.661	1.311	1.682	50.898	21	12
8h3yE	14	0.551	1.266	1.025	1.740	51.596	19	12
8h3yE	15	0.509	1.716	1.326	1.827	52.349	12	12
8h3yE	16	0.498	1.684	1.300	1.808	52.620	11	12
8h3yE	17	0.540	1.253	1.001	1.746	53.607	8	12
8h3yE	18	0.498	1.688	1.293	1.825	50.525	22	12
8h3yE	19	0.495	1.711	1.321	1.797	51.723	17	12
8h3yE	20	0.528	0.982	0.808	0.834	49.207	24	12
8h3yE	21	0.525	1.713	1.318	1.871	55.052	4	12
8h3yE	22	0.516	1.691	1.323	1.690	49.937	23	12
8h3yE	23	0.541	1.226	0.972	1.683	51.659	18	12
8h3yE	24	0.533	1.672	1.286	1.906	53.360	10	12
8h3yE	25	0.574	1.317	1.053	1.010	48.648	25	12
