pdb	rank	FR_RMS	CDR1_RMS	CDR2_RMS	CDR3_RMS	mean_cdr3_plddt	h3_plddt_rank	h3_length
7b5gD	1	0.811	1.759	1.357	1.028	92.232	7	13
7b5gD	2	0.755	1.760	1.352	1.023	91.268	14	13
7b5gD	3	0.764	1.799	1.385	1.050	92.365	6	13
7b5gD	4	0.777	1.730	1.339	1.013	92.115	8	13
7b5gD	5	0.805	1.808	1.400	1.081	93.730	1	13
7b5gD	6	0.763	1.776	1.367	1.033	91.672	11	13
7b5gD	7	0.782	2.085	1.589	1.204	93.322	3	13
7b5gD	8	0.801	2.562	1.938	1.423	93.322	2	13
7b5gD	9	0.780	2.097	1.604	1.217	93.227	4	13
7b5gD	10	0.772	1.992	1.528	1.156	93.227	4	13
7b5gD	11	0.712	1.850	1.427	1.081	89.875	20	13
7b5gD	12	0.725	1.977	1.514	1.140	91.977	9	13
7b5gD	13	0.707	1.985	1.513	1.174	90.687	17	13
7b5gD	14	0.706	1.862	1.436	1.083	89.673	21	13
7b5gD	15	0.721	1.941	1.486	1.118	91.685	10	13
7b5gD	16	0.713	1.900	1.460	1.101	91.591	12	13
7b5gD	17	0.713	1.939	1.488	1.126	91.322	13	13
7b5gD	18	0.722	2.182	1.652	1.246	90.995	15	13
7b5gD	19	0.707	1.835	1.415	1.065	87.520	24	13
7b5gD	20	0.732	1.823	1.401	1.081	90.480	18	13
7b5gD	21	0.715	1.828	1.409	1.061	87.596	23	13
7b5gD	22	0.804	1.911	1.472	1.136	90.731	16	13
7b5gD	23	0.704	1.840	1.418	1.073	87.013	25	13
7b5gD	24	0.727	2.078	1.565	1.204	90.187	19	13
7b5gD	25	0.714	1.920	1.467	1.126	89.619	22	13
7nxxB	1	1.325	2.204	2.010	1.749	83.213	1	18
7nxxB	2	1.324	1.950	1.873	1.826	81.867	3	18
7nxxB	3	1.342	2.114	1.927	1.657	81.970	2	18
7nxxB	4	1.220	3.248	2.921	2.272	76.018	4	18
7nxxB	5	1.252	2.250	2.185	1.875	74.176	5	18
7nxxB	6	1.324	2.390	2.184	3.077	65.321	16	18
7nxxB	7	1.344	2.071	1.937	2.470	65.583	15	18
7nxxB	8	1.282	2.876	2.606	2.917	65.766	13	18
7nxxB	9	1.208	3.015	2.695	2.878	65.193	18	18
7nxxB	10	1.267	2.735	2.472	2.823	65.193	18	18
7nxxB	11	1.253	2.881	2.617	2.965	65.980	12	18
7nxxB	12	1.218	2.118	2.187	1.908	73.029	6	18
7nxxB	13	1.245	2.822	2.579	2.835	65.198	17	18
7nxxB	14	1.178	3.141	2.716	3.123	68.646	8	18
7nxxB	15	1.149	3.198	2.889	2.331	72.920	7	18
7nxxB	16	1.192	3.314	2.858	3.197	67.913	9	18
7nxxB	17	1.188	3.015	2.628	3.094	66.518	11	18
7nxxB	18	1.177	3.076	2.672	2.965	65.641	14	18
7nxxB	19	1.162	3.215	2.778	3.130	66.834	10	18
7nxxB	20	1.217	3.203	2.855	4.285	59.808	21	18
7nxxB	21	1.217	3.172	2.855	4.273	58.105	24	18
7nxxB	22	1.219	3.223	2.946	2.956	60.776	20	18
7nxxB	23	1.219	3.046	2.767	3.968	59.324	22	18
7nxxB	24	1.221	3.201	2.845	3.799	58.638	23	18
7nxxB	25	1.215	3.193	2.885	4.211	58.077	25	18
7q3qB	1	0.623	0.360	1.939	2.584	79.056	1	18
7q3qB	2	0.633	0.386	1.928	2.610	77.648	4	18
7q3qB	3	0.629	0.369	1.900	2.584	77.149	6	18
7q3qB	4	0.631	0.384	1.921	2.595	77.712	3	18
7q3qB	5	0.634	0.354	1.910	2.583	77.543	5	18
7q3qB	6	0.636	0.399	1.928	3.505	78.821	2	18
7q3qB	7	0.671	0.425	1.893	2.692	76.014	7	18
7q3qB	8	0.655	0.519	1.792	2.942	74.818	9	18
7q3qB	9	0.654	0.502	1.740	2.898	74.590	11	18
7q3qB	10	0.668	0.367	1.994	2.997	74.590	11	18
7q3qB	11	0.661	0.496	1.711	2.761	72.274	15	18
7q3qB	12	0.633	0.345	1.795	3.211	74.246	12	18
7q3qB	13	0.654	0.532	1.790	2.728	71.117	18	18
7q3qB	14	0.667	0.355	1.946	2.507	74.099	14	18
7q3qB	15	0.667	0.332	1.948	3.009	74.786	10	18
7q3qB	16	0.668	0.326	1.966	2.739	74.119	13	18
7q3qB	17	0.634	0.326	1.812	2.610	71.241	17	18
7q3qB	18	0.641	0.292	1.911	2.362	71.269	16	18
7q3qB	19	0.644	0.281	1.888	2.582	69.846	20	18
7q3qB	20	0.672	0.256	1.941	2.723	69.877	19	18
7q3qB	21	0.650	0.406	1.798	2.638	66.865	23	18
7q3qB	22	0.649	0.416	1.846	2.648	68.088	21	18
7q3qB	23	0.644	0.395	1.767	2.620	67.496	22	18
7q3qB	24	0.639	0.432	1.801	2.656	66.056	24	18
7q3qB	25	0.656	0.400	1.815	2.681	65.364	25	18
7qbgE	1	1.135	1.839	2.633	2.695	87.087	1	16
7qbgE	2	1.121	1.949	2.687	2.737	86.279	4	16
7qbgE	3	1.121	1.877	2.653	2.693	86.293	3	16
7qbgE	4	1.126	1.888	2.636	2.684	86.445	2	16
7qbgE	5	1.134	1.896	2.683	2.621	84.544	5	16
7qbgE	6	1.119	1.711	2.610	2.483	82.717	10	16
7qbgE	7	1.120	1.756	2.620	2.541	83.537	6	16
7qbgE	8	1.090	2.110	2.770	2.676	83.077	8	16
7qbgE	9	1.123	1.791	2.647	2.484	82.684	12	16
7qbgE	10	1.092	1.978	2.713	2.598	82.684	12	16
7qbgE	11	1.122	1.753	2.639	2.524	82.806	9	16
7qbgE	12	1.091	2.076	2.715	2.669	83.203	7	16
7qbgE	13	1.084	2.121	2.760	2.593	82.683	13	16
7qbgE	14	1.132	1.783	2.628	2.420	81.663	14	16
7qbgE	15	1.107	2.115	2.743	2.557	81.148	15	16
7qbgE	16	1.113	2.131	2.746	2.397	78.024	19	16
7qbgE	17	1.106	2.001	2.677	2.408	78.643	16	16
7qbgE	18	1.104	2.148	2.778	2.468	78.444	17	16
7qbgE	19	1.101	1.983	2.697	2.415	78.114	18	16
7qbgE	20	1.114	2.024	2.700	2.402	77.704	20	16
7qbgE	21	1.115	1.808	2.681	2.249	74.995	21	16
7qbgE	22	1.112	1.682	2.646	2.379	74.426	24	16
7qbgE	23	1.116	1.812	2.710	2.356	74.431	23	16
7qbgE	24	1.107	1.847	2.691	2.340	74.808	22	16
7qbgE	25	1.109	1.750	2.675	2.373	73.708	25	16
7qneG	1	0.871	2.537	1.998	2.036	78.251	1	15
7qneG	2	0.870	2.159	1.678	1.873	73.595	7	15
7qneG	3	0.870	2.124	1.649	1.925	72.471	10	15
7qneG	4	0.684	0.716	0.606	2.826	66.958	20	15
7qneG	5	0.887	2.476	2.020	2.039	76.659	4	15
7qneG	6	0.872	2.332	1.985	1.981	77.312	3	15
7qneG	7	0.855	2.139	1.678	1.969	71.607	12	15
7qneG	8	0.683	0.762	0.622	2.133	68.755	17	15
7qneG	9	0.868	2.160	1.727	1.902	73.177	9	15
7qneG	10	0.688	0.820	0.687	2.266	73.177	9	15
7qneG	11	0.789	2.380	1.867	1.963	69.892	16	15
7qneG	12	0.841	2.080	1.607	2.694	67.151	19	15
7qneG	13	0.885	2.354	1.904	2.066	73.461	8	15
7qneG	14	0.852	2.276	2.106	2.009	77.638	2	15
7qneG	15	0.925	2.077	2.018	2.157	70.233	14	15
7qneG	16	0.892	2.053	1.746	1.973	71.707	11	15
7qneG	17	0.829	2.282	2.123	2.053	74.924	6	15
7qneG	18	0.896	2.263	2.174	2.032	75.645	5	15
7qneG	19	0.790	2.396	1.872	2.169	66.225	22	15
7qneG	20	0.788	2.370	1.846	2.123	65.601	23	15
7qneG	21	0.730	1.913	1.479	2.968	66.429	21	15
7qneG	22	0.677	2.195	1.691	2.962	64.661	25	15
7qneG	23	0.687	2.304	1.774	2.583	65.101	24	15
7qneG	24	0.878	2.241	2.049	2.053	71.313	13	15
7qneG	25	0.845	2.313	2.002	2.429	70.172	15	15
7r24C	1	0.927	1.354	1.243	1.532	80.744	1	9
7r24C	2	0.934	1.368	1.207	1.460	80.653	3	9
7r24C	3	0.933	1.362	1.235	1.439	80.426	4	9
7r24C	4	0.935	1.361	1.224	1.499	80.714	2	9
7r24C	5	0.941	1.339	1.178	1.466	80.283	5	9
7r24C	6	0.925	1.272	1.163	1.407	76.444	7	9
7r24C	7	0.933	1.325	1.147	1.365	76.332	8	9
7r24C	8	0.935	1.236	1.086	1.401	76.769	6	9
7r24C	9	0.925	1.251	1.151	1.361	76.139	9	9
7r24C	10	0.930	1.266	1.149	1.398	76.139	9	9
7r24C	11	0.946	1.346	1.174	1.384	73.952	23	9
7r24C	12	0.943	1.410	1.236	1.420	73.904	24	9
7r24C	13	0.951	1.381	1.189	1.372	74.006	21	9
7r24C	14	0.952	1.381	1.185	1.374	74.070	20	9
7r24C	15	0.950	1.364	1.219	1.397	74.107	19	9
7r24C	16	0.887	2.466	2.060	2.177	74.763	15	9
7r24C	17	0.918	2.696	2.171	2.314	74.930	12	9
7r24C	18	0.884	2.565	2.106	2.250	74.826	14	9
7r24C	19	0.893	2.588	2.058	2.241	75.028	11	9
7r24C	20	0.925	2.679	2.118	2.285	74.604	17	9
7r24C	21	0.923	2.678	2.147	2.269	74.169	18	9
7r24C	22	0.887	2.477	2.025	2.135	73.981	22	9
7r24C	23	0.924	2.677	2.113	2.297	74.632	16	9
7r24C	24	0.892	2.568	2.061	2.263	74.889	13	9
7r24C	25	0.977	3.376	2.604	2.696	73.011	25	9
7r24E	1	0.611	1.526	1.150	2.380	88.890	1	17
7r24E	2	0.604	1.562	1.177	2.378	87.497	2	17
7r24E	3	0.602	1.166	0.898	2.362	85.448	4	17
7r24E	4	0.603	1.036	0.809	2.311	85.155	5	17
7r24E	5	0.613	1.512	1.139	2.293	84.928	6	17
7r24E	6	0.619	1.516	1.142	2.263	84.537	7	17
7r24E	7	0.625	1.612	1.209	2.278	85.845	3	17
7r24E	8	0.595	1.158	0.892	2.344	83.639	8	17
7r24E	9	0.620	1.241	0.951	2.304	80.892	10	17
7r24E	10	0.631	1.232	0.945	2.337	80.892	10	17
7r24E	11	0.656	1.784	1.343	2.573	83.623	9	17
7r24E	12	0.641	1.493	1.133	2.493	77.769	12	17
7r24E	13	0.721	2.088	1.567	1.864	76.724	14	17
7r24E	14	0.694	1.523	1.166	1.765	77.654	13	17
7r24E	15	0.658	1.955	1.466	2.080	74.371	19	17
7r24E	16	0.649	1.698	1.283	2.267	74.099	21	17
7r24E	17	0.669	1.880	1.414	2.062	73.380	24	17
7r24E	18	0.653	1.702	1.283	2.085	73.746	23	17
7r24E	19	0.639	1.686	1.275	2.191	74.607	18	17
7r24E	20	0.670	1.519	1.155	1.795	75.775	15	17
7r24E	21	0.684	1.493	1.139	2.212	75.132	16	17
7r24E	22	0.657	1.899	1.426	2.122	72.868	25	17
7r24E	23	0.696	1.606	1.226	1.840	74.791	17	17
7r24E	24	0.659	1.688	1.273	2.290	74.355	20	17
7r24E	25	0.678	1.823	1.378	2.128	74.089	22	17
7t5fF	1	0.586	1.726	1.545	1.309	93.452	1	9
7t5fF	2	0.590	2.031	1.754	1.432	90.737	7	9
7t5fF	3	0.690	5.131	4.095	3.166	90.770	6	9
7t5fF	4	0.606	2.012	1.756	1.440	90.180	12	9
7t5fF	5	0.698	5.157	4.120	3.190	90.264	10	9
7t5fF	6	0.694	5.170	4.117	3.187	90.487	9	9
7t5fF	7	0.676	5.117	4.078	3.155	90.264	11	9
7t5fF	8	0.652	5.399	4.234	3.275	91.027	2	9
7t5fF	9	0.647	5.342	4.188	3.241	90.848	4	9
7t5fF	10	0.700	5.090	4.065	3.151	90.848	4	9
7t5fF	11	0.637	5.312	4.158	3.209	90.951	3	9
7t5fF	12	0.662	5.390	4.238	3.277	90.834	5	9
7t5fF	13	0.631	5.206	4.076	3.161	90.646	8	9
7t5fF	14	0.649	4.890	3.871	2.982	86.359	18	9
7t5fF	15	0.658	5.008	3.959	3.059	85.721	20	9
7t5fF	16	0.612	2.446	2.138	1.682	86.488	16	9
7t5fF	17	0.656	4.981	3.936	3.039	86.481	17	9
7t5fF	18	0.647	5.021	3.966	3.079	86.078	19	9
7t5fF	19	0.683	4.609	3.648	2.851	87.439	15	9
7t5fF	20	0.652	4.872	3.857	3.008	85.487	21	9
7t5fF	21	0.691	4.266	3.451	2.708	87.647	14	9
7t5fF	22	0.615	2.826	2.534	2.897	75.290	23	9
7t5fF	23	0.618	2.908	2.566	2.936	75.682	22	9
7t5fF	24	0.619	2.942	2.603	2.965	75.277	24	9
7t5fF	25	0.624	2.955	2.630	2.974	73.618	25	9
7tgfB	1	1.143	0.855	1.003	3.760	74.685	1	16
7tgfB	2	1.343	1.056	1.064	3.510	70.030	4	16
7tgfB	3	1.294	1.084	1.091	3.501	69.803	6	16
7tgfB	4	1.315	1.022	1.040	3.509	70.560	2	16
7tgfB	5	1.141	0.906	1.001	3.499	70.142	3	16
7tgfB	6	1.323	1.044	1.048	3.474	69.819	5	16
7tgfB	7	1.281	0.988	1.020	3.603	69.497	8	16
7tgfB	8	1.154	0.787	0.931	3.444	69.681	7	16
7tgfB	9	1.127	0.853	0.987	3.444	69.217	9	16
7tgfB	10	1.122	0.801	0.936	3.472	69.217	9	16
7tgfB	11	3.454	1.848	1.649	2.766	66.846	13	16
7tgfB	12	1.216	0.707	0.927	3.570	66.956	12	16
7tgfB	13	1.239	0.687	0.927	3.595	66.992	11	16
7tgfB	14	1.218	0.859	0.941	3.200	65.108	16	16
7tgfB	15	1.227	0.686	0.938	3.603	66.725	14	16
7tgfB	16	3.464	1.817	1.637	2.755	63.921	19	16
7tgfB	17	1.218	0.619	0.877	3.459	66.261	15	16
7tgfB	18	1.242	0.858	0.953	3.455	63.732	20	16
7tgfB	19	3.414	1.859	1.673	3.844	64.421	17	16
7tgfB	20	1.239	0.641	0.880	3.277	64.264	18	16
7tgfB	21	1.231	1.245	1.238	3.446	62.344	21	16
7tgfB	22	1.215	1.177	1.240	3.118	61.228	22	16
7tgfB	23	1.198	1.127	1.193	3.272	61.176	23	16
7tgfB	24	1.211	1.206	1.205	3.208	60.628	25	16
7tgfB	25	1.182	1.194	1.195	3.428	61.032	24	16
7tgiB	1	2.141	1.402	1.589	5.862	67.777	1	15
7tgiB	2	2.141	1.355	1.542	5.691	66.493	5	15
7tgiB	3	2.154	1.481	1.640	5.767	67.289	2	15
7tgiB	4	2.147	1.362	1.528	5.569	66.121	7	15
7tgiB	5	2.152	1.486	1.662	5.981	66.771	4	15
7tgiB	6	2.152	1.561	1.672	5.841	66.892	3	15
7tgiB	7	2.152	1.489	1.625	5.768	65.759	10	15
7tgiB	8	2.152	1.542	1.653	5.909	66.087	8	15
7tgiB	9	2.139	1.390	1.558	5.587	66.007	9	15
7tgiB	10	2.133	1.403	1.553	5.710	66.007	9	15
7tgiB	11	2.165	1.500	1.671	5.400	63.677	14	15
7tgiB	12	2.181	1.526	1.721	5.726	65.041	11	15
7tgiB	13	2.167	1.512	1.675	5.677	64.077	13	15
7tgiB	14	2.166	1.495	1.665	4.970	63.241	18	15
7tgiB	15	2.164	1.525	1.672	4.832	63.641	15	15
7tgiB	16	2.176	1.507	1.702	5.671	64.452	12	15
7tgiB	17	2.167	1.498	1.646	5.477	62.723	20	15
7tgiB	18	2.183	1.515	1.693	5.558	63.165	19	15
7tgiB	19	2.176	1.543	1.690	5.499	63.285	17	15
7tgiB	20	2.178	1.558	1.688	5.413	63.331	16	15
7tgiB	21	2.147	1.743	1.916	4.472	60.499	21	15
7tgiB	22	2.151	1.644	1.848	4.774	59.151	25	15
7tgiB	23	2.147	1.639	1.857	4.655	59.867	22	15
7tgiB	24	2.150	1.717	1.913	5.008	59.609	24	15
7tgiB	25	2.150	1.576	1.816	4.844	59.766	23	15
7th2C	1	1.997	2.028	1.892	3.234	75.794	1	16
7th2C	2	2.030	1.992	1.855	3.261	74.343	3	16
7th2C	3	2.014	2.032	1.898	3.199	75.377	2	16
7th2C	4	2.013	1.987	1.877	3.180	74.225	4	16
7th2C	5	2.050	1.936	1.840	3.096	73.843	5	16
7th2C	6	2.083	1.923	1.881	3.370	70.807	13	16
7th2C	7	2.070	1.950	1.789	3.355	70.750	14	16
7th2C	8	2.052	1.931	1.746	3.076	70.726	15	16
7th2C	9	2.115	1.931	1.897	3.404	70.428	17	16
7th2C	10	2.039	1.936	1.838	3.377	70.428	17	16
7th2C	11	1.974	1.601	1.677	3.273	72.804	6	16
7th2C	12	2.115	1.902	1.835	3.442	70.165	18	16
7th2C	13	2.089	1.907	1.828	3.346	71.692	9	16
7th2C	14	2.018	1.636	1.392	3.264	71.818	8	16
7th2C	15	2.049	1.925	1.836	3.382	71.051	11	16
7th2C	16	2.053	1.925	1.836	3.387	69.642	19	16
7th2C	17	1.913	1.639	1.585	3.233	70.684	16	16
7th2C	18	2.020	1.570	1.621	3.261	71.462	10	16
7th2C	19	1.994	1.594	1.652	3.321	70.836	12	16
7th2C	20	0.767	2.530	2.147	3.348	69.218	20	16
7th2C	21	2.170	1.766	1.701	3.385	65.552	23	16
7th2C	22	2.148	1.754	1.699	3.388	66.026	21	16
7th2C	23	2.170	1.775	1.689	3.369	65.398	24	16
7th2C	24	2.162	1.775	1.704	3.307	65.793	22	16
7th2C	25	2.159	1.790	1.683	3.369	64.356	25	16
7tprE	1	1.690	3.998	3.304	12.075	75.301	2	19
7tprE	2	1.693	3.915	3.251	11.987	73.926	3	19
7tprE	3	2.547	3.919	3.305	11.770	72.594	7	19
7tprE	4	1.709	4.220	3.474	12.446	75.962	1	19
7tprE	5	1.690	3.910	3.288	12.248	72.315	8	19
7tprE	6	2.014	3.929	3.278	12.551	71.951	10	19
7tprE	7	2.094	4.033	3.348	12.415	72.916	6	19
7tprE	8	2.565	3.512	3.027	11.614	73.750	4	19
7tprE	9	2.577	2.418	2.316	11.485	73.672	5	19
7tprE	10	1.726	3.834	3.204	12.070	73.672	5	19
7tprE	11	2.233	4.022	3.320	11.831	71.455	11	19
7tprE	12	2.219	3.993	3.309	11.960	71.969	9	19
7tprE	13	2.073	3.542	3.000	11.509	69.937	12	19
7tprE	14	2.592	2.410	2.330	10.817	63.794	19	19
7tprE	15	2.039	3.749	3.178	12.723	64.660	16	19
7tprE	16	2.483	3.738	3.256	13.086	66.062	14	19
7tprE	17	2.036	3.695	3.158	12.501	64.553	17	19
7tprE	18	2.505	3.698	3.236	13.093	65.382	15	19
7tprE	19	2.596	2.373	2.268	9.988	59.621	24	19
7tprE	20	2.227	3.700	3.123	12.488	61.608	21	19
7tprE	21	2.096	3.705	3.128	12.474	61.597	22	19
7tprE	22	2.507	2.490	2.444	12.348	62.682	20	19
7tprE	23	2.515	3.348	2.989	12.808	64.063	18	19
7tprE	24	1.942	3.743	3.131	12.554	60.038	23	19
7tprE	25	2.490	2.398	2.387	12.478	57.720	25	19
7ubxC	1	0.768	0.387	0.421	3.921	73.687	2	13
7ubxC	2	0.749	0.370	0.416	4.029	73.674	3	13
7ubxC	3	0.763	0.381	0.399	3.930	73.527	4	13
7ubxC	4	0.765	0.370	0.398	4.005	72.496	5	13
7ubxC	5	0.753	0.367	0.416	3.954	72.087	6	13
7ubxC	6	0.785	0.322	0.447	3.807	68.745	9	13
7ubxC	7	0.776	0.339	0.389	3.903	69.460	8	13
7ubxC	8	0.759	1.308	1.133	1.595	75.698	1	13
7ubxC	9	0.699	0.411	0.652	1.378	70.727	7	13
7ubxC	10	0.768	0.323	0.468	3.874	70.727	7	13
7ubxC	11	0.778	0.324	0.428	3.836	66.292	16	13
7ubxC	12	0.772	0.324	0.403	3.828	66.033	19	13
7ubxC	13	0.707	0.300	0.409	3.659	67.025	10	13
7ubxC	14	0.703	0.368	0.518	3.768	66.271	17	13
7ubxC	15	0.691	0.300	0.456	3.789	66.573	11	13
7ubxC	16	0.672	0.296	0.475	3.725	66.211	18	13
7ubxC	17	0.717	0.363	0.542	3.698	66.557	12	13
7ubxC	18	0.721	0.374	0.514	3.762	66.547	13	13
7ubxC	19	0.721	0.367	0.455	3.771	66.508	14	13
7ubxC	20	0.669	0.301	0.512	3.704	64.946	20	13
7ubxC	21	0.711	0.287	0.314	3.697	63.944	21	13
7ubxC	22	0.695	0.271	0.380	3.795	61.386	24	13
7ubxC	23	0.703	0.279	0.341	3.661	61.528	22	13
7ubxC	24	0.708	0.293	0.368	3.752	61.401	23	13
7ubxC	25	0.701	0.283	0.407	4.231	55.473	25	13
7uiaB	1	0.951	1.197	1.736	5.585	71.470	3	20
7uiaB	2	0.928	1.525	1.858	5.706	70.136	4	20
7uiaB	3	0.926	1.594	1.909	5.643	68.592	7	20
7uiaB	4	0.928	0.860	1.520	5.480	72.498	1	20
7uiaB	5	0.930	0.942	1.556	5.574	72.263	2	20
7uiaB	6	0.927	1.511	1.852	5.639	68.737	5	20
7uiaB	7	0.946	1.432	1.833	5.502	68.612	6	20
7uiaB	8	0.940	1.314	1.762	5.468	67.606	10	20
7uiaB	9	0.932	1.300	1.783	5.588	68.394	8	20
7uiaB	10	0.939	1.440	1.842	5.505	68.394	8	20
7uiaB	11	0.924	1.044	1.604	5.474	67.648	9	20
7uiaB	12	0.942	0.840	1.516	5.309	66.503	12	20
7uiaB	13	0.957	0.470	1.555	6.268	62.144	14	20
7uiaB	14	0.957	0.582	1.549	6.182	61.259	16	20
7uiaB	15	0.955	0.505	1.548	6.077	60.666	17	20
7uiaB	16	0.927	1.331	1.742	5.724	65.022	13	20
7uiaB	17	0.954	0.576	1.575	6.212	61.560	15	20
7uiaB	18	0.957	0.506	1.564	5.861	60.379	18	20
7uiaB	19	0.938	1.240	1.728	6.007	56.245	20	20
7uiaB	20	0.928	0.858	1.513	6.203	57.619	19	20
7uiaB	21	0.945	1.660	1.912	6.117	55.650	21	20
7uiaB	22	0.951	1.377	1.785	5.860	55.237	22	20
7uiaB	23	0.945	1.762	1.939	6.075	54.891	24	20
7uiaB	24	0.937	1.642	1.910	6.098	54.424	25	20
7uiaB	25	0.937	1.616	1.867	5.742	55.011	23	20
7unzA	1	0.731	2.013	1.596	4.282	61.898	2	12
7unzA	2	0.722	2.011	1.594	4.383	62.095	1	12
7unzA	3	0.730	2.010	1.596	4.361	60.846	3	12
7unzA	4	0.729	2.038	1.615	4.465	60.793	4	12
7unzA	5	0.842	3.657	2.821	4.655	51.418	22	12
7unzA	6	0.727	2.022	1.606	4.507	59.213	5	12
7unzA	7	0.849	3.645	2.810	4.806	53.369	16	12
7unzA	8	0.842	3.625	2.794	4.584	50.080	25	12
7unzA	9	0.777	3.618	2.788	4.430	53.746	15	12
7unzA	10	0.730	2.021	1.585	4.373	53.746	15	12
7unzA	11	0.797	3.604	2.781	4.195	53.067	18	12
7unzA	12	0.730	2.223	1.740	3.241	54.629	9	12
7unzA	13	0.737	2.050	1.624	4.904	55.844	7	12
7unzA	14	0.827	3.540	2.736	4.247	50.965	24	12
7unzA	15	0.740	2.018	1.587	4.636	54.553	10	12
7unzA	16	0.709	2.199	1.723	2.962	54.766	8	12
7unzA	17	0.709	2.348	1.826	3.144	54.485	11	12
7unzA	18	0.794	2.239	1.757	4.237	53.772	14	12
7unzA	19	0.860	2.511	1.957	4.615	52.762	20	12
7unzA	20	0.730	2.024	1.600	4.145	53.950	13	12
7unzA	21	0.760	2.259	1.769	4.157	52.915	19	12
7unzA	22	0.778	2.323	1.814	3.838	51.426	21	12
7unzA	23	0.774	2.330	1.824	4.116	53.135	17	12
7unzA	24	0.724	2.042	1.602	4.163	53.969	12	12
7unzA	25	0.786	2.503	1.950	3.981	51.199	23	12
7voaA	1	0.675	1.418	1.112	4.163	78.085	2	19
7voaA	2	0.717	1.405	1.116	4.149	78.223	1	19
7voaA	3	0.696	1.373	1.092	4.298	71.994	3	19
7voaA	4	0.674	1.401	1.115	4.070	71.888	4	19
7voaA	5	0.667	1.421	1.119	4.337	71.658	5	19
7voaA	6	0.732	1.382	1.106	4.378	71.047	6	19
7voaA	7	0.697	1.329	1.076	3.698	63.619	7	19
7voaA	8	0.694	1.356	1.083	3.432	62.363	10	19
7voaA	9	0.690	1.316	1.054	3.467	63.082	8	19
7voaA	10	0.721	1.038	0.850	1.936	63.082	8	19
7voaA	11	0.693	1.216	0.972	3.650	61.860	11	19
7voaA	12	0.729	0.892	0.752	4.175	60.620	13	19
7voaA	13	0.711	1.089	0.878	1.712	60.678	12	19
7voaA	14	0.700	1.114	0.887	3.582	59.867	14	19
7voaA	15	0.712	1.456	1.121	3.668	58.309	17	19
7voaA	16	0.715	1.170	0.957	2.551	57.488	19	19
7voaA	17	0.720	1.089	0.877	1.718	58.696	15	19
7voaA	18	0.730	0.835	0.729	3.493	58.493	16	19
7voaA	19	0.723	0.851	0.733	3.465	57.853	18	19
7voaA	20	0.748	0.795	0.701	3.309	57.345	20	19
7voaA	21	0.722	1.403	1.089	3.273	57.287	21	19
7voaA	22	0.717	0.793	0.695	3.462	56.554	22	19
7voaA	23	0.709	1.422	1.097	3.521	55.619	24	19
7voaA	24	0.717	1.486	1.140	3.622	56.050	23	19
7voaA	25	0.713	1.525	1.166	3.492	55.081	25	19
7w1sB	1	0.944	1.964	1.607	1.475	91.365	1	6
7w1sB	2	0.863	1.911	1.531	1.384	90.582	2	6
7w1sB	3	0.889	1.813	1.473	1.419	89.283	7	6
7w1sB	4	0.884	1.794	1.461	1.393	88.583	10	6
7w1sB	5	0.940	1.959	1.600	1.465	90.573	3	6
7w1sB	6	0.823	1.811	1.447	1.340	89.908	5	6
7w1sB	7	0.851	1.875	1.499	1.373	89.012	8	6
7w1sB	8	0.947	2.004	1.652	1.515	90.093	4	6
7w1sB	9	0.921	1.929	1.577	1.475	88.062	11	6
7w1sB	10	0.866	1.825	1.467	1.287	88.062	11	6
7w1sB	11	0.934	1.949	1.661	1.521	87.708	12	6
7w1sB	12	0.865	1.824	1.459	1.297	88.937	9	6
7w1sB	13	0.881	1.777	1.432	1.354	83.522	14	6
7w1sB	14	0.891	1.854	1.488	1.320	87.158	13	6
7w1sB	15	0.874	1.805	1.485	1.321	82.522	15	6
7w1sB	16	0.886	1.822	1.463	1.298	78.980	18	6
7w1sB	17	0.906	1.782	1.431	1.306	79.855	17	6
7w1sB	18	0.793	1.814	1.450	1.983	72.562	20	6
7w1sB	19	0.897	1.747	1.411	1.271	80.030	16	6
7w1sB	20	0.810	1.787	1.430	1.531	72.402	21	6
7w1sB	21	0.846	1.766	1.412	2.015	68.828	25	6
7w1sB	22	0.867	1.817	1.467	1.952	70.073	24	6
7w1sB	23	0.877	1.861	1.515	1.532	72.907	19	6
7w1sB	24	0.860	1.786	1.435	1.948	70.603	22	6
7w1sB	25	0.862	1.883	1.561	2.051	70.495	23	6
7wd2D	1	0.578	1.329	1.223	4.290	73.617	1	19
7wd2D	2	0.614	1.611	1.412	4.287	71.069	6	19
7wd2D	3	0.578	1.260	1.175	4.091	71.558	5	19
7wd2D	4	0.573	1.286	1.191	4.199	71.859	4	19
7wd2D	5	0.576	1.235	1.169	4.000	72.181	3	19
7wd2D	6	0.587	1.557	1.372	4.351	70.533	8	19
7wd2D	7	0.578	1.283	1.176	4.059	72.231	2	19
7wd2D	8	0.615	1.598	1.400	4.316	70.541	7	19
7wd2D	9	0.613	1.547	1.381	4.311	70.364	9	19
7wd2D	10	0.605	1.513	1.339	4.428	70.364	9	19
7wd2D	11	0.616	1.123	1.079	4.311	67.264	12	19
7wd2D	12	0.656	1.027	1.076	4.009	67.401	11	19
7wd2D	13	0.627	1.072	1.049	4.423	66.996	13	19
7wd2D	14	0.657	1.003	1.067	4.033	66.709	16	19
7wd2D	15	0.670	0.989	1.081	3.992	66.777	15	19
7wd2D	16	0.668	1.003	1.075	4.080	66.692	17	19
7wd2D	17	0.618	1.035	1.015	4.403	66.785	14	19
7wd2D	18	0.627	1.046	1.041	4.442	66.427	19	19
7wd2D	19	0.646	0.962	1.040	4.031	66.068	20	19
7wd2D	20	0.895	1.219	1.113	4.287	66.522	18	19
7wd2D	21	0.603	1.448	1.396	3.766	64.713	21	19
7wd2D	22	0.594	1.357	1.329	3.645	64.013	24	19
7wd2D	23	0.589	1.327	1.295	3.671	64.231	23	19
7wd2D	24	0.595	1.404	1.353	3.666	63.926	25	19
7wd2D	25	0.592	1.431	1.371	3.572	64.357	22	19
7whiG	1	1.059	1.621	2.385	2.089	79.261	1	11
7whiG	2	1.058	1.603	2.369	2.042	78.835	3	11
7whiG	3	1.054	1.637	2.349	2.063	78.898	2	11
7whiG	4	1.055	1.604	2.359	2.031	77.596	4	11
7whiG	5	1.050	1.587	2.387	2.061	77.477	5	11
7whiG	6	1.063	1.556	2.443	2.178	72.653	13	11
7whiG	7	1.068	1.579	2.353	2.051	74.475	7	11
7whiG	8	1.060	1.562	2.430	2.207	74.071	9	11
7whiG	9	1.066	1.597	2.319	2.057	74.806	6	11
7whiG	10	1.062	1.557	2.426	2.161	74.806	6	11
7whiG	11	1.063	1.548	2.421	2.134	71.053	16	11
7whiG	12	1.068	1.600	2.310	2.031	73.782	11	11
7whiG	13	1.056	1.525	2.371	1.982	73.125	12	11
7whiG	14	1.062	1.558	2.417	2.140	70.475	18	11
7whiG	15	1.068	1.607	2.270	2.020	73.941	10	11
7whiG	16	1.067	1.610	1.597	1.683	74.452	8	11
7whiG	17	1.073	1.537	2.334	2.050	71.218	15	11
7whiG	18	1.075	1.533	2.377	2.021	69.686	20	11
7whiG	19	1.073	1.483	2.358	2.018	70.875	17	11
7whiG	20	1.075	1.525	2.367	2.031	69.959	19	11
7whiG	21	1.075	1.537	2.384	2.052	68.624	21	11
7whiG	22	1.072	1.443	2.270	2.170	67.568	22	11
7whiG	23	1.080	1.454	2.210	2.952	65.636	24	11
7whiG	24	1.070	1.430	2.236	2.107	65.780	23	11
7whiG	25	1.066	1.442	2.229	2.371	64.986	25	11
7wkiB	1	0.535	4.314	3.313	4.692	74.459	1	24
7wkiB	2	0.498	4.303	3.298	4.617	71.244	6	24
7wkiB	3	0.496	4.349	3.342	4.563	71.350	4	24
7wkiB	4	0.508	4.319	3.320	4.509	70.265	7	24
7wkiB	5	0.508	4.322	3.305	4.516	69.380	9	24
7wkiB	6	0.533	4.302	3.306	4.682	71.341	5	24
7wkiB	7	0.502	4.255	3.251	4.534	69.562	8	24
7wkiB	8	0.537	4.307	3.314	4.664	71.520	2	24
7wkiB	9	0.525	4.204	3.227	4.797	71.378	3	24
7wkiB	10	0.531	4.238	3.258	4.730	71.378	3	24
7wkiB	11	0.542	4.212	3.215	4.323	66.723	11	24
7wkiB	12	0.543	4.228	3.228	4.405	65.244	12	24
7wkiB	13	0.550	4.531	3.480	4.737	64.983	13	24
7wkiB	14	0.542	4.238	3.250	4.408	63.634	17	24
7wkiB	15	0.544	4.526	3.451	4.649	64.856	14	24
7wkiB	16	0.549	4.250	3.260	4.680	61.862	21	24
7wkiB	17	0.555	4.521	3.460	4.688	64.633	16	24
7wkiB	18	0.540	4.167	3.179	4.339	61.683	22	24
7wkiB	19	0.544	4.502	3.429	4.639	64.776	15	24
7wkiB	20	0.550	4.424	3.382	4.612	63.130	18	24
7wkiB	21	0.507	3.547	2.769	4.617	62.496	20	24
7wkiB	22	0.504	3.694	2.876	4.613	62.690	19	24
7wkiB	23	0.501	3.749	2.924	4.553	61.170	24	24
7wkiB	24	0.513	3.192	2.522	4.483	61.222	23	24
7wkiB	25	0.493	3.271	2.594	4.636	61.027	25	24
7x2jB	1	0.393	2.372	1.758	4.294	74.269	1	18
7x2jB	2	0.458	1.930	1.439	4.321	71.943	2	18
7x2jB	3	0.389	2.388	1.771	4.420	71.367	3	18
7x2jB	4	0.395	1.904	1.419	4.301	69.836	4	18
7x2jB	5	0.397	1.961	1.462	4.418	69.014	5	18
7x2jB	6	0.404	2.229	1.654	4.203	65.747	6	18
7x2jB	7	0.402	1.755	1.314	4.166	64.943	7	18
7x2jB	8	0.410	1.695	1.265	4.034	64.108	8	18
7x2jB	9	0.407	1.709	1.279	3.957	62.429	10	18
7x2jB	10	0.408	1.528	1.151	3.805	62.429	10	18
7x2jB	11	0.413	1.692	1.265	4.853	62.940	9	18
7x2jB	12	0.392	1.270	0.966	4.778	61.110	13	18
7x2jB	13	0.395	1.204	0.925	4.800	62.291	11	18
7x2jB	14	0.450	2.246	1.664	3.414	58.190	17	18
7x2jB	15	0.379	0.990	0.781	3.855	57.491	19	18
7x2jB	16	0.440	2.150	1.596	3.454	58.257	15	18
7x2jB	17	0.398	1.303	0.983	3.533	58.222	16	18
7x2jB	18	0.443	1.815	1.355	2.981	55.982	21	18
7x2jB	19	0.437	2.214	1.640	3.250	57.941	18	18
7x2jB	20	0.383	1.809	1.355	3.834	57.273	20	18
7x2jB	21	0.433	1.679	1.259	3.016	55.632	22	18
7x2jB	22	0.392	1.425	1.071	3.129	58.286	14	18
7x2jB	23	0.433	1.558	1.172	2.998	54.633	25	18
7x2jB	24	0.439	1.380	1.040	2.952	55.084	23	18
7x2jB	25	0.438	1.532	1.150	3.006	55.032	24	18
7x2lB	1	1.355	0.974	0.916	1.051	93.235	1	8
7x2lB	2	1.370	0.949	0.933	1.071	91.728	2	8
7x2lB	3	1.312	0.988	0.914	1.020	91.662	3	8
7x2lB	4	1.228	0.709	0.750	0.879	89.725	4	8
7x2lB	5	1.291	0.643	0.708	0.801	89.688	5	8
7x2lB	6	1.355	2.340	1.997	1.709	87.944	6	8
7x2lB	7	1.232	0.585	0.650	0.743	87.516	7	8
7x2lB	8	1.371	4.006	3.122	2.621	84.101	12	8
7x2lB	9	1.257	2.363	2.330	1.983	86.993	8	8
7x2lB	10	1.255	2.347	2.237	1.931	86.993	8	8
7x2lB	11	1.288	2.329	2.236	1.940	85.726	10	8
7x2lB	12	1.231	0.937	0.860	1.165	81.625	16	8
7x2lB	13	1.014	4.620	3.646	2.985	74.796	25	8
7x2lB	14	1.268	0.588	1.076	1.187	85.009	11	8
7x2lB	15	1.280	2.232	1.787	1.651	80.360	17	8
7x2lB	16	0.997	4.593	3.601	2.944	74.907	24	8
7x2lB	17	1.012	1.062	0.935	0.929	79.321	18	8
7x2lB	18	1.034	2.248	2.099	1.752	79.148	19	8
7x2lB	19	1.258	2.274	2.149	1.802	82.029	13	8
7x2lB	20	0.986	2.249	2.120	1.882	77.788	22	8
7x2lB	21	1.229	3.104	2.408	2.063	78.616	21	8
7x2lB	22	1.307	0.715	1.148	1.123	81.859	15	8
7x2lB	23	1.284	0.668	0.970	1.018	82.010	14	8
7x2lB	24	1.251	2.553	2.262	2.014	78.854	20	8
7x2lB	25	1.263	3.073	2.435	2.107	77.780	23	8
7x2mB	1	0.458	0.902	0.823	2.123	79.072	5	17
7x2mB	2	0.529	1.874	1.483	2.331	81.409	1	17
7x2mB	3	0.504	0.933	0.882	2.154	80.901	2	17
7x2mB	4	0.445	0.900	0.821	2.334	77.871	8	17
7x2mB	5	0.500	0.746	0.768	2.316	74.965	15	17
7x2mB	6	0.490	1.987	1.596	2.447	77.429	9	17
7x2mB	7	0.505	0.840	0.826	2.158	75.412	13	17
7x2mB	8	0.509	1.985	1.594	2.477	78.461	6	17
7x2mB	9	0.483	0.909	0.835	2.278	72.969	19	17
7x2mB	10	0.530	0.902	0.869	2.165	72.969	19	17
7x2mB	11	0.523	0.905	0.876	2.163	79.751	3	17
7x2mB	12	0.472	0.894	0.837	2.294	71.656	20	17
7x2mB	13	0.455	0.741	0.771	2.359	75.239	14	17
7x2mB	14	0.545	1.890	1.482	2.309	78.152	7	17
7x2mB	15	0.494	1.985	1.588	2.386	74.702	16	17
7x2mB	16	0.479	0.757	0.767	2.628	75.968	11	17
7x2mB	17	0.466	0.890	0.841	2.527	68.831	22	17
7x2mB	18	0.542	1.861	1.472	2.125	75.822	12	17
7x2mB	19	0.528	0.967	0.896	1.987	76.889	10	17
7x2mB	20	0.504	1.971	1.578	2.372	74.153	17	17
7x2mB	21	0.467	0.717	0.777	2.298	73.196	18	17
7x2mB	22	0.495	0.824	0.856	2.788	67.572	23	17
7x2mB	23	0.518	1.975	1.606	2.631	69.553	21	17
7x2mB	24	0.491	0.721	0.785	2.644	66.618	24	17
7x2mB	25	0.525	1.807	1.456	2.871	65.357	25	17
7x7eA	1	0.856	1.010	0.817	2.090	89.197	1	20
7x7eA	2	0.837	0.908	0.740	2.082	88.116	2	20
7x7eA	3	0.836	0.975	0.792	2.070	87.203	3	20
7x7eA	4	0.836	0.965	0.781	2.097	86.718	4	20
7x7eA	5	0.855	1.092	0.877	2.115	86.247	5	20
7x7eA	6	1.001	0.713	0.622	2.017	85.653	8	20
7x7eA	7	1.011	0.729	0.643	2.000	85.688	7	20
7x7eA	8	1.048	0.803	0.700	2.039	85.974	6	20
7x7eA	9	0.933	0.710	0.625	1.985	85.194	9	20
7x7eA	10	0.985	0.752	0.656	2.012	85.194	9	20
7x7eA	11	0.911	0.842	0.686	2.352	79.504	11	20
7x7eA	12	1.012	0.661	0.554	2.358	79.282	12	20
7x7eA	13	0.943	0.741	0.613	2.351	78.566	13	20
7x7eA	14	0.904	0.695	0.572	2.274	78.256	15	20
7x7eA	15	0.873	1.059	0.854	2.231	78.321	14	20
7x7eA	16	0.985	0.837	0.691	3.173	74.389	18	20
7x7eA	17	0.968	0.967	0.795	3.169	75.136	16	20
7x7eA	18	0.985	0.885	0.736	3.188	74.305	19	20
7x7eA	19	0.999	0.918	0.756	3.156	74.711	17	20
7x7eA	20	0.903	0.755	0.610	2.495	73.467	20	20
7x7eA	21	0.855	0.943	0.798	3.037	72.570	21	20
7x7eA	22	0.881	0.930	0.782	3.041	72.237	22	20
7x7eA	23	0.873	0.961	0.809	3.069	71.782	23	20
7x7eA	24	0.850	0.971	0.827	3.094	70.689	25	20
7x7eA	25	0.831	0.891	0.754	2.950	70.971	24	20
7xqvB	1	1.175	5.479	4.203	6.532	72.457	5	12
7xqvB	2	1.509	4.893	4.981	6.975	73.093	4	12
7xqvB	3	1.231	4.906	4.259	6.680	73.141	3	12
7xqvB	4	1.237	4.833	4.346	6.721	73.359	2	12
7xqvB	5	1.253	4.880	4.491	7.045	73.381	1	12
7xqvB	6	1.594	5.450	4.528	5.612	68.168	7	12
7xqvB	7	1.642	5.375	4.645	4.197	67.554	11	12
7xqvB	8	1.581	5.492	4.573	5.515	68.082	8	12
7xqvB	9	1.228	4.798	3.881	5.715	64.563	21	12
7xqvB	10	1.534	5.411	4.515	5.641	64.563	21	12
7xqvB	11	1.492	5.331	4.570	4.256	67.017	12	12
7xqvB	12	1.574	5.893	4.838	4.523	65.398	13	12
7xqvB	13	1.281	4.958	4.424	5.827	68.788	6	12
7xqvB	14	1.484	5.966	4.829	5.138	64.932	16	12
7xqvB	15	1.234	4.654	4.280	5.846	64.689	19	12
7xqvB	16	1.145	5.167	4.723	5.424	64.856	18	12
7xqvB	17	1.407	5.735	4.662	5.404	64.367	23	12
7xqvB	18	1.218	4.711	4.345	5.877	65.138	14	12
7xqvB	19	1.233	4.556	4.465	5.775	65.086	15	12
7xqvB	20	1.232	4.596	4.494	5.925	64.889	17	12
7xqvB	21	1.398	5.504	4.556	5.412	63.797	25	12
7xqvB	22	1.151	5.360	4.659	5.540	64.296	24	12
7xqvB	23	1.499	5.219	4.502	5.860	67.623	10	12
7xqvB	24	1.430	5.555	4.702	4.801	64.584	20	12
7xqvB	25	1.303	5.077	4.693	5.268	64.439	22	12
7yz9B	1	1.028	0.514	0.687	4.867	70.662	1	8
7yz9B	2	1.039	0.493	0.648	4.787	67.750	3	8
7yz9B	3	1.033	0.481	0.649	4.957	68.793	2	8
7yz9B	4	1.077	0.433	0.612	3.994	64.525	5	8
7yz9B	5	0.991	0.523	0.664	4.599	65.214	4	8
7yz9B	6	1.122	3.221	2.595	5.142	61.645	10	8
7yz9B	7	1.262	4.945	3.920	5.650	61.059	12	8
7yz9B	8	1.251	5.019	3.971	5.332	60.879	14	8
7yz9B	9	1.091	4.807	3.840	5.494	60.863	15	8
7yz9B	10	1.130	4.486	3.594	4.834	60.863	15	8
7yz9B	11	1.087	4.695	3.759	5.436	59.909	21	8
7yz9B	12	1.084	4.447	3.582	5.364	60.036	20	8
7yz9B	13	1.084	4.587	3.669	5.361	59.890	22	8
7yz9B	14	1.261	4.775	3.794	5.529	61.030	13	8
7yz9B	15	1.061	4.785	3.828	5.337	60.511	17	8
7yz9B	16	1.165	4.744	3.772	5.517	60.316	18	8
7yz9B	17	1.096	3.285	2.618	5.134	61.589	11	8
7yz9B	18	1.071	4.690	3.745	5.286	60.193	19	8
7yz9B	19	1.256	4.524	3.594	5.357	60.681	16	8
7yz9B	20	1.094	3.969	3.217	5.483	62.495	7	8
7yz9B	21	1.094	4.005	3.240	5.480	61.934	9	8
7yz9B	22	1.092	3.921	3.183	5.513	62.194	8	8
7yz9B	23	1.041	4.585	3.664	5.255	58.715	24	8
7yz9B	24	1.043	3.496	2.750	4.876	58.766	23	8
7yz9B	25	1.026	3.416	2.814	4.971	58.235	25	8
7zmvG	1	0.525	2.234	1.855	5.455	72.685	3	17
7zmvG	2	0.589	2.351	1.919	6.095	75.077	1	17
7zmvG	3	0.518	2.145	1.787	5.315	72.771	2	17
7zmvG	4	0.526	2.187	1.821	5.432	72.338	5	17
7zmvG	5	0.524	2.342	1.919	6.460	72.631	4	17
7zmvG	6	0.547	2.387	1.956	6.601	71.970	6	17
7zmvG	7	0.530	2.171	1.813	5.414	71.208	11	17
7zmvG	8	0.533	2.368	1.940	6.759	71.964	7	17
7zmvG	9	0.525	2.133	1.777	5.214	71.400	9	17
7zmvG	10	0.491	2.039	1.708	5.305	71.400	9	17
7zmvG	11	0.564	2.160	1.781	6.780	71.786	8	17
7zmvG	12	0.491	2.028	1.702	5.212	69.964	12	17
7zmvG	13	0.605	3.189	2.490	8.551	68.051	13	17
7zmvG	14	0.557	3.068	2.399	8.498	67.505	14	17
7zmvG	15	0.495	1.801	1.545	5.765	67.320	16	17
7zmvG	16	0.558	3.705	2.888	9.388	65.225	17	17
7zmvG	17	0.594	3.110	2.431	8.783	67.448	15	17
7zmvG	18	0.541	3.843	2.994	5.836	60.471	24	17
7zmvG	19	0.548	3.804	2.957	8.708	61.356	23	17
7zmvG	20	0.540	3.547	2.766	9.505	64.377	18	17
7zmvG	21	0.545	3.867	3.007	8.907	60.359	25	17
7zmvG	22	0.510	3.072	2.417	7.992	62.166	21	17
7zmvG	23	0.467	2.636	2.118	8.189	62.728	19	17
7zmvG	24	0.494	2.915	2.297	7.919	61.785	22	17
7zmvG	25	0.466	2.292	1.868	7.808	62.265	20	17
8bb7D	1	0.804	0.907	0.777	0.938	86.907	1	15
8bb7D	2	0.782	0.804	0.666	0.889	85.481	3	15
8bb7D	3	0.778	0.807	0.663	0.884	85.874	2	15
8bb7D	4	0.788	0.827	0.700	0.921	83.417	4	15
8bb7D	5	0.776	0.842	0.705	0.930	81.926	5	15
8bb7D	6	0.851	1.216	1.092	1.343	81.281	6	15
8bb7D	7	0.823	0.919	0.814	1.333	80.683	9	15
8bb7D	8	0.783	0.883	0.786	1.293	81.003	7	15
8bb7D	9	0.819	1.076	1.033	1.440	80.370	11	15
8bb7D	10	0.842	0.918	0.799	1.308	80.370	11	15
8bb7D	11	0.846	1.116	0.953	1.346	79.421	12	15
8bb7D	12	0.818	0.938	0.813	1.135	80.791	8	15
8bb7D	13	0.800	0.864	0.759	1.288	79.251	14	15
8bb7D	14	0.857	1.260	1.133	1.443	79.292	13	15
8bb7D	15	0.819	1.056	0.939	1.384	77.931	17	15
8bb7D	16	0.809	1.086	1.026	1.416	77.896	18	15
8bb7D	17	0.827	1.053	1.011	1.422	78.397	16	15
8bb7D	18	0.625	1.213	1.077	1.428	78.597	15	15
8bb7D	19	0.820	1.062	0.960	1.406	76.923	19	15
8bb7D	20	0.836	1.079	0.925	1.344	75.689	20	15
8bb7D	21	0.807	0.887	0.786	2.412	71.059	21	15
8bb7D	22	0.805	0.887	0.788	2.364	70.106	23	15
8bb7D	23	0.816	0.952	0.824	2.473	70.663	22	15
8bb7D	24	0.794	0.896	0.789	2.993	67.312	25	15
8bb7D	25	0.819	0.924	0.804	2.439	69.491	24	15
8cwuB	1	3.656	4.194	3.518	3.340	82.894	5	13
8cwuB	2	3.943	4.152	3.428	2.655	83.638	1	13
8cwuB	3	3.997	4.155	3.515	3.041	82.261	7	13
8cwuB	4	3.994	4.170	3.507	3.074	82.133	8	13
8cwuB	5	3.933	4.110	3.341	2.571	83.236	3	13
8cwuB	6	4.080	4.226	3.339	2.832	80.475	10	13
8cwuB	7	3.989	4.129	3.401	2.666	83.274	2	13
8cwuB	8	3.989	4.158	3.421	2.678	82.985	4	13
8cwuB	9	4.038	4.175	3.487	3.022	80.945	9	13
8cwuB	10	3.630	4.111	3.441	3.213	80.945	9	13
8cwuB	11	4.036	4.242	3.390	2.848	80.145	12	13
8cwuB	12	4.057	4.267	3.398	2.845	79.543	16	13
8cwuB	13	3.638	4.196	3.461	3.262	80.038	14	13
8cwuB	14	3.602	4.157	3.499	3.320	80.105	13	13
8cwuB	15	3.884	4.163	3.423	2.663	82.571	6	13
8cwuB	16	4.004	4.152	3.464	3.014	79.582	15	13
8cwuB	17	4.030	4.225	3.390	2.835	78.292	18	13
8cwuB	18	4.023	4.220	3.438	2.874	77.712	19	13
8cwuB	19	3.672	4.172	3.330	2.973	77.482	20	13
8cwuB	20	3.988	4.042	3.227	2.680	78.676	17	13
8cwuB	21	3.820	3.889	3.310	3.037	71.938	21	13
8cwuB	22	3.879	3.990	3.321	2.896	68.879	22	13
8cwuB	23	3.834	3.983	3.307	2.891	68.875	23	13
8cwuB	24	3.799	3.895	3.249	2.833	68.172	24	13
8cwuB	25	3.813	3.911	3.297	2.825	63.375	25	13
8dquB	1	0.508	0.716	0.752	1.301	85.129	1	16
8dquB	2	0.502	0.704	0.795	1.463	79.988	2	16
8dquB	3	0.502	0.716	0.789	2.972	74.927	8	16
8dquB	4	0.466	0.654	0.690	1.394	78.258	3	16
8dquB	5	0.468	0.783	0.847	3.029	74.516	10	16
8dquB	6	0.506	0.708	0.786	3.017	74.876	9	16
8dquB	7	0.507	0.738	0.798	2.959	74.365	11	16
8dquB	8	0.500	0.710	0.799	2.957	73.203	13	16
8dquB	9	0.467	0.750	0.814	2.999	73.624	12	16
8dquB	10	0.505	0.745	0.818	2.901	73.624	12	16
8dquB	11	0.499	0.705	0.792	2.566	70.174	16	16
8dquB	12	0.477	0.664	0.720	1.425	75.250	7	16
8dquB	13	0.476	0.669	0.719	1.410	75.509	6	16
8dquB	14	0.478	0.747	0.782	1.431	75.644	5	16
8dquB	15	0.508	0.750	0.780	3.120	71.437	15	16
8dquB	16	0.504	1.823	1.458	1.611	75.992	4	16
8dquB	17	0.515	0.754	0.794	3.250	70.043	18	16
8dquB	18	0.520	0.757	0.801	1.720	70.066	17	16
8dquB	19	0.522	0.776	0.830	3.290	69.532	19	16
8dquB	20	0.536	0.723	0.736	3.223	66.645	21	16
8dquB	21	0.517	0.812	0.829	3.149	68.699	20	16
8dquB	22	0.536	1.880	1.484	3.214	66.069	22	16
8dquB	23	0.552	1.890	1.489	3.212	65.537	23	16
8dquB	24	0.548	1.845	1.454	3.112	65.492	24	16
8dquB	25	0.554	1.915	1.502	3.168	64.004	25	16
8dtnE	1	1.173	2.877	4.572	5.827	72.166	7	8
8dtnE	2	1.212	3.087	4.608	5.900	69.557	13	8
8dtnE	3	1.226	3.081	4.623	5.892	69.809	11	8
8dtnE	4	1.173	2.900	4.588	5.810	72.863	3	8
8dtnE	5	1.302	2.516	4.380	6.202	72.239	6	8
8dtnE	6	1.288	2.504	4.435	6.244	74.509	2	8
8dtnE	7	1.178	2.586	4.389	6.199	70.376	10	8
8dtnE	8	1.199	3.057	4.571	6.148	68.129	22	8
8dtnE	9	1.242	2.969	4.587	5.886	68.658	18	8
8dtnE	10	1.137	2.643	4.465	5.806	68.658	18	8
8dtnE	11	1.230	2.985	4.584	5.893	68.705	17	8
8dtnE	12	1.237	2.969	4.591	5.873	68.248	21	8
8dtnE	13	1.250	2.978	4.588	5.893	69.332	14	8
8dtnE	14	1.156	2.881	4.552	5.913	72.735	4	8
8dtnE	15	1.415	2.779	3.765	5.944	72.239	5	8
8dtnE	16	1.250	2.986	4.581	5.892	68.279	20	8
8dtnE	17	1.271	2.680	4.361	5.768	69.603	12	8
8dtnE	18	1.258	2.599	4.357	5.972	68.840	16	8
8dtnE	19	1.318	2.894	4.648	6.274	74.789	1	8
8dtnE	20	1.276	2.898	4.600	6.227	68.563	19	8
8dtnE	21	1.263	2.699	4.364	5.792	67.445	23	8
8dtnE	22	1.289	2.954	4.590	5.872	65.699	25	8
8dtnE	23	1.139	2.860	4.465	5.828	71.937	8	8
8dtnE	24	1.293	2.864	4.610	6.123	69.039	15	8
8dtnE	25	1.299	2.923	4.581	5.980	66.013	24	8
8dtuA	1	1.939	2.831	3.298	5.774	67.015	8	10
8dtuA	2	1.939	2.845	3.275	5.749	66.857	9	10
8dtuA	3	1.943	2.874	3.355	5.703	67.110	7	10
8dtuA	4	1.926	2.882	3.323	5.725	67.129	6	10
8dtuA	5	1.937	2.794	3.236	5.696	68.657	2	10
8dtuA	6	1.746	2.857	3.293	5.836	72.581	1	10
8dtuA	7	1.949	2.659	3.300	5.908	61.876	16	10
8dtuA	8	1.790	2.847	3.328	5.749	68.211	3	10
8dtuA	9	1.976	2.760	3.324	6.193	60.637	21	10
8dtuA	10	1.969	2.759	3.303	6.122	60.637	21	10
8dtuA	11	1.774	2.841	3.395	5.760	67.350	5	10
8dtuA	12	1.972	2.837	3.379	6.089	59.990	25	10
8dtuA	13	1.790	2.849	3.402	5.744	66.587	10	10
8dtuA	14	1.934	2.279	3.151	5.634	61.124	20	10
8dtuA	15	1.762	2.861	3.359	5.850	67.634	4	10
8dtuA	16	1.966	2.761	3.321	5.987	61.914	14	10
8dtuA	17	1.940	2.613	3.280	5.718	61.541	18	10
8dtuA	18	1.920	2.271	3.135	5.590	60.357	22	10
8dtuA	19	1.957	2.786	3.349	6.148	60.073	24	10
8dtuA	20	1.911	2.663	3.303	5.675	62.138	13	10
8dtuA	21	1.921	2.798	3.316	5.472	62.318	12	10
8dtuA	22	1.922	2.822	3.308	5.486	61.331	19	10
8dtuA	23	1.913	2.772	3.350	5.691	61.758	17	10
8dtuA	24	1.880	2.825	3.303	5.626	62.578	11	10
8dtuA	25	1.769	2.784	3.347	5.625	61.910	15	10
8emzB	1	0.401	2.286	1.706	2.816	70.931	1	19
8emzB	2	0.455	1.917	1.433	2.927	70.273	2	19
8emzB	3	0.455	2.019	1.509	2.800	69.724	3	19
8emzB	4	0.458	1.997	1.490	2.807	67.837	10	19
8emzB	5	0.407	2.625	1.951	2.994	67.762	12	19
8emzB	6	0.437	2.137	1.590	2.812	66.525	16	19
8emzB	7	0.528	1.788	1.352	3.342	69.411	4	19
8emzB	8	0.481	1.666	1.260	2.956	68.223	7	19
8emzB	9	0.487	1.550	1.174	2.956	68.016	9	19
8emzB	10	0.506	1.777	1.342	3.135	68.016	9	19
8emzB	11	0.515	1.731	1.309	3.141	68.090	8	19
8emzB	12	0.537	1.702	1.282	3.262	67.764	11	19
8emzB	13	0.498	1.485	1.116	2.883	67.710	13	19
8emzB	14	0.493	1.585	1.195	3.003	68.332	5	19
8emzB	15	0.420	2.388	1.775	2.926	63.175	17	19
8emzB	16	0.513	1.785	1.347	3.403	66.641	15	19
8emzB	17	0.433	2.245	1.671	4.073	61.314	22	19
8emzB	18	0.505	1.475	1.107	2.915	67.387	14	19
8emzB	19	0.415	1.807	1.365	2.755	62.708	18	19
8emzB	20	0.451	1.978	1.469	4.196	59.977	24	19
8emzB	21	0.433	1.751	1.320	2.710	62.078	19	19
8emzB	22	0.433	1.719	1.297	2.688	61.588	20	19
8emzB	23	0.432	2.236	1.663	4.209	59.631	25	19
8emzB	24	0.434	1.696	1.279	2.772	61.554	21	19
8emzB	25	0.419	1.759	1.330	2.764	60.263	23	19
8en0D	1	1.717	4.441	3.787	3.643	87.756	1	8
8en0D	2	1.736	4.425	3.776	3.650	87.720	2	8
8en0D	3	1.724	4.446	3.771	3.635	87.632	3	8
8en0D	4	1.707	4.367	3.713	3.575	87.266	5	8
8en0D	5	1.714	4.381	3.734	3.598	87.313	4	8
8en0D	6	1.646	4.403	3.656	3.387	86.570	7	8
8en0D	7	1.638	4.389	3.649	3.403	86.656	6	8
8en0D	8	1.623	4.398	3.635	3.387	86.274	8	8
8en0D	9	1.602	4.374	3.627	3.360	86.212	9	8
8en0D	10	1.681	4.715	3.895	3.630	86.212	9	8
8en0D	11	1.578	4.585	3.770	3.497	83.719	20	8
8en0D	12	1.681	4.762	3.911	3.614	84.983	12	8
8en0D	13	1.669	4.736	3.897	3.589	84.912	13	8
8en0D	14	1.578	4.195	3.505	3.269	85.571	10	8
8en0D	15	1.671	4.697	3.845	3.535	84.460	15	8
8en0D	16	1.568	4.636	3.787	3.520	83.970	17	8
8en0D	17	1.669	4.759	3.922	3.611	84.421	16	8
8en0D	18	1.678	4.732	3.904	3.584	84.476	14	8
8en0D	19	1.574	4.622	3.777	3.496	83.389	23	8
8en0D	20	1.595	4.546	3.735	3.455	83.493	21	8
8en0D	21	1.563	4.561	3.736	3.448	83.470	22	8
8en0D	22	1.627	4.607	3.789	3.476	83.780	19	8
8en0D	23	1.641	4.675	3.825	3.488	83.967	18	8
8en0D	24	1.632	4.503	3.726	3.430	82.999	25	8
8en0D	25	1.657	4.636	3.803	3.472	83.289	24	8
8en2D	1	0.656	1.875	1.914	1.363	80.585	2	17
8en2D	2	0.675	1.691	1.747	1.942	82.194	1	17
8en2D	3	0.676	1.758	1.821	1.901	78.790	4	17
8en2D	4	0.664	1.739	1.811	1.872	78.142	6	17
8en2D	5	0.652	1.848	1.977	1.919	72.109	13	17
8en2D	6	0.679	1.826	1.974	1.904	71.220	16	17
8en2D	7	0.643	1.858	1.964	1.940	71.606	14	17
8en2D	8	0.646	1.946	2.031	1.862	76.742	8	17
8en2D	9	0.643	1.853	1.990	1.888	71.313	15	17
8en2D	10	0.670	1.850	1.956	1.915	71.313	15	17
8en2D	11	0.699	1.736	1.869	1.895	75.169	10	17
8en2D	12	0.705	1.701	1.908	1.984	73.124	12	17
8en2D	13	0.651	1.898	1.655	1.200	75.640	9	17
8en2D	14	0.664	1.362	1.608	1.837	78.352	5	17
8en2D	15	0.656	1.474	1.699	1.850	77.965	7	17
8en2D	16	0.679	1.198	1.592	1.857	79.321	3	17
8en2D	17	0.664	1.947	1.989	1.856	74.004	11	17
8en2D	18	0.658	1.845	1.943	1.902	67.684	21	17
8en2D	19	0.651	1.867	1.934	1.921	67.714	20	17
8en2D	20	0.707	1.688	1.877	2.010	69.644	18	17
8en2D	21	0.664	1.904	1.919	2.141	66.723	22	17
8en2D	22	0.671	1.887	2.092	1.969	65.826	23	17
8en2D	23	0.706	1.688	1.899	1.856	69.226	19	17
8en2D	24	0.668	1.910	2.104	1.958	65.254	24	17
8en2D	25	0.670	1.917	2.097	1.943	65.058	25	17
8en3C	1	0.860	1.426	1.541	2.650	84.158	1	15
8en3C	2	0.861	1.379	1.517	2.675	82.495	2	15
8en3C	3	0.862	1.474	1.589	2.641	81.693	3	15
8en3C	4	0.861	1.444	1.568	2.608	80.888	7	15
8en3C	5	0.860	1.417	1.541	2.629	80.974	6	15
8en3C	6	0.878	1.313	1.427	2.509	81.041	5	15
8en3C	7	0.871	1.364	1.470	2.451	79.621	8	15
8en3C	8	0.875	1.313	1.417	2.381	78.591	9	15
8en3C	9	0.850	1.521	1.604	2.697	81.225	4	15
8en3C	10	0.880	1.338	1.478	2.388	81.225	4	15
8en3C	11	0.874	1.401	1.468	2.358	77.437	11	15
8en3C	12	0.864	1.627	1.646	2.537	74.519	12	15
8en3C	13	0.873	1.668	1.725	2.018	67.329	13	15
8en3C	14	0.872	1.641	1.716	1.903	67.267	14	15
8en3C	15	0.867	1.654	1.703	1.987	67.115	15	15
8en3C	16	0.882	1.851	1.817	5.175	60.704	18	15
8en3C	17	0.884	1.775	1.808	4.395	61.291	17	15
8en3C	18	0.880	1.850	1.817	5.478	60.608	20	15
8en3C	19	0.888	1.802	1.799	5.494	59.932	21	15
8en3C	20	0.880	1.859	1.840	4.795	60.687	19	15
8en3C	21	0.910	1.619	1.904	2.247	65.897	16	15
8en3C	22	0.919	1.753	1.955	2.705	59.340	22	15
8en3C	23	0.909	1.626	1.882	4.368	57.127	25	15
8en3C	24	0.918	1.672	1.894	3.197	57.429	23	15
8en3C	25	0.918	1.659	1.930	3.725	57.175	24	15
8ew6V	1	0.352	0.581	0.590	2.262	83.602	2	15
8ew6V	2	0.351	0.594	0.600	2.209	82.968	4	15
8ew6V	3	0.355	0.610	0.620	2.237	83.091	3	15
8ew6V	4	0.348	0.594	0.582	2.228	82.169	7	15
8ew6V	5	0.345	0.574	0.588	2.196	82.366	6	15
8ew6V	6	0.413	0.423	0.712	1.350	84.747	1	15
8ew6V	7	0.335	0.496	0.506	2.296	81.023	8	15
8ew6V	8	0.337	0.481	0.505	2.319	81.002	9	15
8ew6V	9	0.403	0.475	0.600	2.819	82.462	5	15
8ew6V	10	0.405	0.486	0.563	2.214	82.462	5	15
8ew6V	11	0.408	0.481	0.583	2.254	80.523	11	15
8ew6V	12	0.337	0.475	0.525	2.302	79.935	12	15
8ew6V	13	0.336	0.490	0.517	2.322	79.890	14	15
8ew6V	14	0.409	0.483	0.610	2.175	79.929	13	15
8ew6V	15	0.332	0.482	0.514	2.290	79.690	16	15
8ew6V	16	0.357	0.572	0.671	2.228	77.647	20	15
8ew6V	17	0.366	0.536	0.707	2.175	77.086	21	15
8ew6V	18	0.454	1.430	1.329	2.409	79.705	15	15
8ew6V	19	0.370	0.629	0.853	2.236	76.415	23	15
8ew6V	20	0.465	1.489	1.384	2.396	78.725	18	15
8ew6V	21	0.458	1.465	1.372	2.415	78.811	17	15
8ew6V	22	0.469	1.542	1.457	2.423	78.531	19	15
8ew6V	23	0.470	1.480	1.362	2.268	76.929	22	15
8ew6V	24	0.385	0.920	1.196	2.262	75.228	24	15
8ew6V	25	0.393	1.105	1.340	2.254	74.194	25	15
8gz5B	1	1.472	3.564	2.670	4.011	79.784	1	11
8gz5B	2	1.546	2.912	2.147	4.565	75.174	7	11
8gz5B	3	1.425	2.869	2.126	4.632	75.143	8	11
8gz5B	4	1.513	2.857	2.135	3.820	75.774	5	11
8gz5B	5	1.509	2.908	2.179	3.855	75.715	6	11
8gz5B	6	1.556	2.659	1.994	3.809	79.294	2	11
8gz5B	7	1.507	2.829	2.115	3.712	76.975	4	11
8gz5B	8	1.504	2.768	2.069	3.878	75.031	9	11
8gz5B	9	1.568	1.438	1.137	3.613	77.903	3	11
8gz5B	10	1.600	2.998	2.224	3.374	77.903	3	11
8gz5B	11	1.520	2.502	1.885	3.936	74.154	10	11
8gz5B	12	1.613	3.536	2.624	3.474	72.777	12	11
8gz5B	13	1.615	3.290	2.440	3.414	72.751	13	11
8gz5B	14	1.662	3.894	2.892	4.156	70.534	17	11
8gz5B	15	1.622	3.237	2.402	3.377	72.639	15	11
8gz5B	16	1.604	3.425	2.539	3.393	72.713	14	11
8gz5B	17	1.690	3.470	2.582	4.066	69.815	23	11
8gz5B	18	1.619	2.621	1.962	4.016	70.352	18	11
8gz5B	19	1.656	1.332	1.036	3.779	69.838	22	11
8gz5B	20	1.250	2.655	1.961	5.063	68.886	24	11
8gz5B	21	1.019	2.752	2.057	4.017	70.290	19	11
8gz5B	22	0.883	3.555	2.652	4.086	71.019	16	11
8gz5B	23	0.842	2.537	1.914	3.882	70.231	21	11
8gz5B	24	1.628	3.798	2.816	4.143	70.278	20	11
8gz5B	25	1.082	1.462	1.130	4.140	68.412	25	11
8h3xA	1	1.698	0.822	0.705	2.592	65.536	2	13
8h3xA	2	1.671	0.861	0.759	2.337	66.091	1	13
8h3xA	3	1.683	0.838	0.709	2.506	65.135	3	13
8h3xA	4	1.684	0.836	0.751	2.276	64.501	5	13
8h3xA	5	1.686	0.810	0.726	2.319	64.660	4	13
8h3xA	6	1.692	0.818	0.704	2.668	62.852	8	13
8h3xA	7	1.685	0.829	0.741	2.398	63.458	7	13
8h3xA	8	1.685	0.841	0.760	2.326	63.999	6	13
8h3xA	9	1.698	0.887	0.761	2.594	58.487	11	13
8h3xA	10	1.711	0.861	0.759	2.571	58.487	11	13
8h3xA	11	1.704	0.890	0.771	2.679	58.073	13	13
8h3xA	12	1.692	0.807	0.706	3.524	57.628	18	13
8h3xA	13	1.704	0.870	0.755	2.612	57.189	22	13
8h3xA	14	1.667	0.884	0.771	2.480	58.688	9	13
8h3xA	15	1.696	0.852	0.757	2.678	56.732	23	13
8h3xA	16	1.696	0.803	0.693	3.384	57.332	21	13
8h3xA	17	1.662	0.867	0.745	2.669	57.965	16	13
8h3xA	18	1.659	0.849	0.731	2.887	57.501	19	13
8h3xA	19	1.658	0.860	0.748	2.614	57.978	15	13
8h3xA	20	1.634	0.870	0.746	2.336	58.060	14	13
8h3xA	21	1.662	0.918	0.770	2.304	58.501	10	13
8h3xA	22	1.667	0.890	0.764	2.639	57.647	17	13
8h3xA	23	1.639	0.879	0.752	2.549	57.358	20	13
8h3xA	24	1.644	0.870	0.751	2.739	55.755	24	13
8h3xA	25	1.635	0.892	0.757	2.805	55.450	25	13
8h3yE	1	0.515	1.767	1.384	1.957	79.553	1	12
8h3yE	2	0.517	1.741	1.355	1.890	77.822	4	12
8h3yE	3	0.521	1.766	1.392	1.924	78.027	2	12
8h3yE	4	0.518	1.766	1.390	1.915	77.937	3	12
8h3yE	5	0.519	1.767	1.403	1.872	77.224	5	12
8h3yE	6	0.518	1.763	1.392	1.904	76.722	6	12
8h3yE	7	0.513	1.719	1.345	1.855	76.367	7	12
8h3yE	8	0.509	1.715	1.346	1.702	74.808	9	12
8h3yE	9	0.511	1.725	1.352	1.766	74.857	8	12
8h3yE	10	0.515	1.732	1.353	1.721	74.857	8	12
8h3yE	11	0.538	1.620	1.284	1.803	73.220	12	12
8h3yE	12	0.544	1.618	1.285	1.826	73.320	11	12
8h3yE	13	0.545	1.621	1.286	1.804	72.680	14	12
8h3yE	14	0.545	1.607	1.276	1.814	72.790	13	12
8h3yE	15	0.506	1.622	1.280	1.702	72.202	16	12
8h3yE	16	0.547	1.610	1.285	1.773	72.437	15	12
8h3yE	17	0.525	1.751	1.367	1.864	71.231	21	12
8h3yE	18	0.521	1.749	1.363	1.848	71.047	23	12
8h3yE	19	0.519	1.757	1.377	1.826	70.325	25	12
8h3yE	20	0.518	1.741	1.360	1.836	71.233	20	12
8h3yE	21	0.525	1.751	1.366	1.915	70.603	24	12
8h3yE	22	0.521	1.522	1.210	1.751	72.099	17	12
8h3yE	23	0.519	1.272	1.050	1.709	72.060	18	12
8h3yE	24	0.516	0.931	0.836	1.532	71.528	19	12
8h3yE	25	0.524	1.611	1.275	1.756	71.133	22	12
