pdb	rank	FR_RMS	CDR1_RMS	CDR2_RMS	CDR3_RMS
7b5gD	1	0.691	1.713	1.324	1.121
7b5gD	2	0.745	1.914	1.464	1.118
7b5gD	3	0.713	3.133	2.353	1.699
7b5gD	4	0.723	1.905	1.467	1.116
7b5gD	5	0.709	1.772	1.367	1.212
7b5gD	6	0.727	1.853	1.432	1.112
7b5gD	7	0.728	1.612	1.241	1.04
7b5gD	8	0.697	0.654	0.647	0.683
7b5gD	9	0.717	3.321	2.484	1.802
7b5gD	10	0.714	0.656	0.659	0.637
7b5gD	11	0.717	1.949	1.503	1.281
7b5gD	12	0.685	1.668	1.306	1.005
7b5gD	13	0.711	0.715	0.655	0.586
7b5gD	14	0.697	2.256	1.707	1.312
7b5gD	15	0.667	2.447	1.844	1.385
7b5gD	16	0.698	0.759	0.673	0.807
7b5gD	17	0.706	1.75	1.374	1.1
7b5gD	18	0.721	0.788	0.719	0.834
7b5gD	19	0.709	1.687	1.305	1.064
7b5gD	20	0.723	1.954	1.493	1.134
7b5gD	21	0.7	0.651	0.753	0.662
7b5gD	22	0.703	1.928	1.464	1.15
7b5gD	23	0.657	0.783	0.767	0.712
7b5gD	24	0.68	1.88	1.473	1.143
7b5gD	25	0.725	0.734	0.695	0.614
7nxxB	1	1.219	1.719	1.385	2.124
7nxxB	2	1.319	1.827	1.477	1.709
7nxxB	3	1.299	1.4	1.181	1.551
7nxxB	4	1.16	1.646	1.345	1.694
7nxxB	5	1.252	1.332	1.123	1.438
7nxxB	6	1.289	1.854	1.531	2.172
7nxxB	7	1.31	1.511	1.233	1.801
7nxxB	8	1.31	1.435	1.205	1.669
7nxxB	9	1.206	1.372	1.13	1.412
7nxxB	10	1.302	1.416	1.177	1.454
7nxxB	11	1.292	1.873	1.503	1.621
7nxxB	12	1.259	1.615	1.313	2.225
7nxxB	13	1.286	1.522	1.25	1.614
7nxxB	14	1.286	1.443	1.204	1.67
7nxxB	15	1.231	1.977	1.591	1.776
7nxxB	16	1.382	1.399	1.145	2.007
7nxxB	17	1.353	1.466	1.195	1.974
7nxxB	18	1.242	1.495	1.224	1.549
7nxxB	19	1.223	1.734	1.403	1.723
7nxxB	20	1.16	1.575	1.279	2.205
7nxxB	21	1.308	1.45	1.18	1.32
7nxxB	22	1.239	1.588	1.328	1.541
7nxxB	23	1.284	1.344	1.1	1.433
7nxxB	24	1.291	1.525	1.246	1.443
7nxxB	25	1.261	1.313	1.114	1.438
7q3qB	1	0.561	0.269	0.759	0.578
7q3qB	2	0.546	0.235	0.679	0.498
7q3qB	3	0.709	3.699	3.271	3.312
7q3qB	4	0.58	0.365	0.777	0.593
7q3qB	5	0.612	0.423	0.984	0.807
7q3qB	6	0.564	0.263	0.766	0.575
7q3qB	7	0.661	2.346	2.457	2.861
7q3qB	8	0.507	0.252	0.683	0.497
7q3qB	9	0.534	0.281	0.78	0.561
7q3qB	10	0.601	0.255	0.702	0.561
7q3qB	11	0.672	2.669	2.67	2.853
7q3qB	12	0.475	0.281	0.678	0.522
7q3qB	13	0.678	2.554	2.579	2.834
7q3qB	14	0.596	0.276	0.718	0.532
7q3qB	15	0.605	0.311	0.712	0.572
7q3qB	16	0.641	2.559	2.588	3.008
7q3qB	17	0.587	0.329	0.586	0.467
7q3qB	18	0.662	2.295	2.425	2.854
7q3qB	19	0.676	2.237	2.456	3.042
7q3qB	20	0.631	0.326	0.965	0.7
7q3qB	21	0.541	0.26	0.744	0.553
7q3qB	22	0.642	2.261	2.489	2.864
7q3qB	23	0.616	0.312	0.711	0.557
7q3qB	24	0.673	2.825	2.805	3.236
7q3qB	25	0.71	2.382	2.344	2.912
7qbgE	1	1.112	1.768	2.479	2.022
7qbgE	2	1.143	1.967	2.612	2.171
7qbgE	3	1.135	2.157	2.572	2.172
7qbgE	4	1.181	2.121	2.726	2.266
7qbgE	5	1.175	1.956	2.762	2.318
7qbgE	6	1.145	1.643	2.472	2.297
7qbgE	7	1.126	2.079	2.471	2.104
7qbgE	8	1.14	1.683	2.467	1.988
7qbgE	9	1.168	1.719	2.507	2.08
7qbgE	10	1.164	1.996	2.784	2.163
7qbgE	11	1.144	2.143	2.586	2.008
7qbgE	12	1.126	1.992	2.617	2.126
7qbgE	13	1.156	1.838	2.593	2.206
7qbgE	14	1.15	2.015	2.55	2.113
7qbgE	15	1.169	1.928	2.564	2.116
7qbgE	16	1.13	1.913	2.547	2.025
7qbgE	17	1.134	1.943	2.6	1.999
7qbgE	18	1.16	1.905	2.63	2.087
7qbgE	19	1.151	2.011	2.658	2.189
7qbgE	20	1.174	2.204	2.588	2.154
7qbgE	21	1.132	1.976	2.595	2.06
7qbgE	22	1.186	2.009	2.662	2.228
7qbgE	23	1.162	1.987	2.633	2.385
7qbgE	24	1.171	2.374	2.723	2.141
7qbgE	25	1.144	2.06	2.723	2.216
7qneG	1	0.698	1.693	1.334	1.07
7qneG	2	0.689	1.669	1.314	1.057
7qneG	3	0.674	1.136	0.949	0.884
7qneG	4	0.647	1.214	0.989	0.897
7qneG	5	0.664	1.259	1.025	0.909
7qneG	6	0.675	1.241	1.014	0.909
7qneG	7	0.651	1.173	0.947	0.856
7qneG	8	0.681	1.349	1.109	0.967
7qneG	9	0.685	1.328	1.082	0.949
7qneG	10	0.68	1.087	0.905	0.867
7qneG	11	0.674	1.261	1.04	0.939
7qneG	12	0.642	1.134	0.935	0.89
7qneG	13	0.68	1.29	1.044	0.938
7qneG	14	0.672	1.294	1.045	0.912
7qneG	15	0.627	1.231	1.0	0.9
7qneG	16	0.633	1.125	0.908	0.858
7qneG	17	0.656	1.169	0.981	0.896
7qneG	18	0.632	1.214	0.976	0.857
7qneG	19	0.651	1.068	0.909	0.847
7qneG	20	0.64	1.367	1.104	0.932
7qneG	21	0.644	1.217	0.988	0.884
7qneG	22	0.675	1.205	0.969	0.866
7qneG	23	0.656	1.099	0.892	0.835
7qneG	24	0.653	1.273	1.069	1.003
7qneG	25	0.657	1.408	1.112	0.93
7r24C	1	0.952	5.248	3.926	3.649
7r24C	2	0.912	3.153	2.675	3.317
7r24C	3	0.87	1.011	1.646	1.935
7r24C	4	0.877	3.573	3.076	3.073
7r24C	5	0.847	0.879	1.295	1.787
7r24C	6	0.886	2.939	2.221	2.399
7r24C	7	0.868	2.649	2.488	2.589
7r24C	8	0.904	3.255	2.784	2.728
7r24C	9	0.886	2.215	1.865	1.927
7r24C	10	0.849	2.241	2.02	2.083
7r24C	11	0.872	2.171	1.943	2.438
7r24C	12	0.882	2.568	1.947	2.048
7r24C	13	0.909	2.661	2.355	3.209
7r24C	14	0.861	2.118	2.035	2.527
7r24C	15	0.868	1.446	1.685	1.832
7r24C	16	0.871	2.429	2.24	2.172
7r24C	17	0.857	2.627	2.155	2.214
7r24C	18	0.904	3.15	2.355	2.647
7r24C	19	0.939	3.754	2.836	3.449
7r24C	20	0.869	2.277	1.973	2.157
7r24C	21	0.86	2.153	1.772	2.109
7r24C	22	0.881	3.015	2.303	2.278
7r24C	23	0.879	2.426	2.066	2.39
7r24C	24	0.883	3.25	2.477	2.747
7r24C	25	0.847	2.878	2.212	2.619
7r24E	1	0.509	2.012	1.52	1.245
7r24E	2	0.461	1.777	1.342	1.111
7r24E	3	0.462	1.871	1.398	1.158
7r24E	4	0.466	1.971	1.481	1.191
7r24E	5	0.49	0.753	0.608	0.859
7r24E	6	0.478	1.663	1.257	1.111
7r24E	7	0.456	1.566	1.182	1.019
7r24E	8	0.457	0.835	0.683	0.833
7r24E	9	0.47	0.837	0.662	0.845
7r24E	10	0.479	1.685	1.274	1.108
7r24E	11	0.496	1.662	1.26	1.095
7r24E	12	0.47	1.505	1.125	1.039
7r24E	13	0.47	1.736	1.306	1.118
7r24E	14	0.487	1.489	1.143	1.053
7r24E	15	0.477	1.967	1.472	1.211
7r24E	16	0.48	1.55	1.174	1.04
7r24E	17	0.489	0.347	0.378	0.714
7r24E	18	0.475	0.446	0.423	0.725
7r24E	19	0.493	1.673	1.259	1.077
7r24E	20	0.481	1.472	1.105	1.007
7r24E	21	0.487	1.432	1.078	0.978
7r24E	22	0.471	1.62	1.216	1.05
7r24E	23	0.461	1.797	1.341	1.098
7r24E	24	0.485	1.585	1.194	1.054
7r24E	25	0.522	1.577	1.192	1.065
7t5fF	1	0.522	1.631	1.454	1.399
7t5fF	2	0.53	1.659	1.522	1.213
7t5fF	3	0.544	1.423	1.312	1.051
7t5fF	4	0.558	1.719	1.563	1.238
7t5fF	5	0.535	1.595	1.396	1.131
7t5fF	6	0.579	1.738	1.508	1.21
7t5fF	7	0.54	1.626	1.384	1.166
7t5fF	8	0.572	1.689	1.508	1.271
7t5fF	9	0.53	1.944	1.621	1.305
7t5fF	10	0.521	1.573	1.401	1.247
7t5fF	11	0.512	1.631	1.428	1.13
7t5fF	12	0.538	1.757	1.556	1.241
7t5fF	13	0.539	1.267	1.133	0.96
7t5fF	14	0.531	1.649	1.433	1.152
7t5fF	15	0.547	1.673	1.486	1.19
7t5fF	16	0.522	1.913	1.641	1.346
7t5fF	17	0.515	1.634	1.423	1.161
7t5fF	18	0.494	1.713	1.538	1.267
7t5fF	19	0.534	1.694	1.485	1.26
7t5fF	20	0.526	1.663	1.542	1.208
7t5fF	21	0.517	1.562	1.34	1.133
7t5fF	22	0.52	1.632	1.448	1.156
7t5fF	23	0.542	1.466	1.333	1.078
7t5fF	24	0.56	1.715	1.533	1.264
7t5fF	25	0.534	1.341	1.219	1.074
7tgfB	1	1.441	0.778	0.908	0.932
7tgfB	2	1.349	2.133	1.817	1.441
7tgfB	3	1.488	0.908	0.997	1.006
7tgfB	4	2.665	1.958	1.604	1.367
7tgfB	5	1.463	1.032	1.037	1.06
7tgfB	6	1.267	0.775	0.934	0.969
7tgfB	7	1.568	1.954	1.642	1.342
7tgfB	8	1.439	0.899	1.0	0.989
7tgfB	9	1.662	1.313	1.226	1.128
7tgfB	10	1.365	0.976	1.05	1.024
7tgfB	11	1.334	1.947	1.648	1.331
7tgfB	12	1.22	0.925	1.025	0.993
7tgfB	13	1.658	1.268	1.191	1.134
7tgfB	14	1.36	0.993	1.073	1.1
7tgfB	15	1.323	0.911	1.04	1.014
7tgfB	16	1.362	0.829	0.924	0.884
7tgfB	17	1.384	1.244	1.173	1.119
7tgfB	18	1.736	2.011	1.68	1.43
7tgfB	19	1.492	0.968	1.005	1.042
7tgfB	20	1.628	1.118	1.095	1.142
7tgfB	21	1.436	1.069	1.088	1.112
7tgfB	22	1.416	2.065	1.755	1.418
7tgfB	23	1.35	0.872	0.965	0.974
7tgfB	24	1.412	1.15	1.121	1.049
7tgfB	25	1.14	0.892	0.982	0.962
7tgiB	1	2.063	1.375	1.219	0.877
7tgiB	2	2.071	1.288	1.167	0.849
7tgiB	3	2.088	1.518	1.342	0.958
7tgiB	4	2.084	1.344	1.326	2.04
7tgiB	5	2.12	1.339	1.221	0.879
7tgiB	6	2.09	1.422	1.269	0.907
7tgiB	7	2.093	1.39	1.25	0.905
7tgiB	8	2.079	1.378	1.298	2.075
7tgiB	9	2.076	1.4	1.288	0.923
7tgiB	10	2.075	1.319	1.218	0.872
7tgiB	11	2.09	1.31	1.178	0.859
7tgiB	12	2.094	1.37	1.27	5.704
7tgiB	13	2.056	1.506	1.309	0.932
7tgiB	14	2.077	1.408	1.239	0.884
7tgiB	15	2.094	1.439	1.293	0.93
7tgiB	16	2.089	1.454	1.414	2.156
7tgiB	17	2.063	1.319	1.231	0.921
7tgiB	18	2.067	1.505	1.36	1.048
7tgiB	19	2.093	1.429	1.34	0.991
7tgiB	20	2.079	1.685	1.441	1.032
7tgiB	21	2.075	1.307	1.257	0.914
7tgiB	22	2.087	1.311	1.188	0.89
7tgiB	23	2.067	1.431	1.254	0.894
7tgiB	24	2.067	1.453	1.272	0.925
7tgiB	25	2.102	1.381	1.362	2.254
7th2C	1	2.223	1.944	1.643	3.131
7th2C	2	2.01	2.022	1.776	2.704
7th2C	3	1.799	1.94	1.589	1.849
7th2C	4	1.796	1.89	1.548	2.441
7th2C	5	2.034	2.088	1.73	2.844
7th2C	6	1.931	1.942	1.507	2.666
7th2C	7	2.023	1.984	1.734	2.769
7th2C	8	2.015	1.903	1.88	2.797
7th2C	9	1.964	1.927	1.535	2.622
7th2C	10	1.998	1.879	1.647	3.094
7th2C	11	1.916	1.917	1.526	3.592
7th2C	12	1.87	1.638	1.435	3.095
7th2C	13	1.97	1.789	1.397	3.116
7th2C	14	1.914	2.116	1.723	3.17
7th2C	15	1.928	1.843	1.45	2.31
7th2C	16	2.019	1.871	1.772	2.232
7th2C	17	1.768	2.005	1.826	2.921
7th2C	18	2.107	1.854	1.56	3.183
7th2C	19	1.899	1.965	1.678	2.843
7th2C	20	2.029	1.851	1.547	2.248
7th2C	21	2.031	1.891	1.512	2.228
7th2C	22	1.986	1.968	1.572	2.778
7th2C	23	1.801	1.98	1.519	2.421
7th2C	24	1.908	1.903	1.44	2.355
7th2C	25	2.019	1.849	1.539	2.543
7tprE	1	2.29	3.678	3.189	12.412
7tprE	2	2.171	4.025	3.425	13.983
7tprE	3	2.391	3.864	3.283	13.495
7tprE	4	2.365	4.209	3.47	13.088
7tprE	5	1.981	3.888	3.24	13.406
7tprE	6	2.604	4.061	3.426	13.031
7tprE	7	1.818	3.874	3.236	13.46
7tprE	8	2.187	3.683	3.136	13.538
7tprE	9	1.61	3.979	3.285	14.13
7tprE	10	1.78	4.126	3.376	14.069
7tprE	11	2.269	4.054	3.335	12.467
7tprE	12	2.505	3.851	3.343	13.991
7tprE	13	2.378	3.868	3.376	13.195
7tprE	14	1.932	3.627	3.12	13.514
7tprE	15	1.936	4.071	3.397	13.693
7tprE	16	2.179	4.132	3.417	13.136
7tprE	17	1.869	3.884	3.244	14.022
7tprE	18	1.867	4.07	3.384	13.181
7tprE	19	1.668	4.091	3.374	13.077
7tprE	20	2.413	3.961	3.335	13.509
7tprE	21	1.806	4.128	3.398	13.009
7tprE	22	2.134	3.645	3.054	12.487
7tprE	23	2.746	4.073	3.417	13.633
7tprE	24	2.453	4.033	3.417	13.053
7tprE	25	1.797	3.998	3.353	13.068
7ubxC	1	0.659	0.378	0.392	0.756
7ubxC	2	0.649	0.354	0.326	4.235
7ubxC	3	0.701	0.46	0.524	0.749
7ubxC	4	0.753	0.32	0.497	0.757
7ubxC	5	0.662	0.448	0.493	0.763
7ubxC	6	0.638	0.291	0.461	0.813
7ubxC	7	0.639	0.524	0.643	0.804
7ubxC	8	0.77	0.296	0.501	0.719
7ubxC	9	0.675	0.306	0.309	0.623
7ubxC	10	0.679	0.438	0.437	0.79
7ubxC	11	0.628	0.305	0.318	0.624
7ubxC	12	0.73	0.36	0.557	0.868
7ubxC	13	0.758	0.294	0.425	0.686
7ubxC	14	0.7	0.357	0.42	0.795
7ubxC	15	0.698	0.352	0.354	0.79
7ubxC	16	0.71	0.492	0.438	0.882
7ubxC	17	0.683	0.344	0.406	0.792
7ubxC	18	0.65	0.392	0.414	0.667
7ubxC	19	0.722	0.353	0.412	0.775
7ubxC	20	0.757	0.384	0.39	0.747
7ubxC	21	0.737	0.352	0.507	0.682
7ubxC	22	0.68	0.353	0.391	0.834
7ubxC	23	0.677	0.349	0.438	0.66
7ubxC	24	0.628	0.303	0.344	0.787
7ubxC	25	0.741	0.347	0.509	0.713
7uiaB	1	0.894	0.511	1.97	2.667
7uiaB	2	0.887	1.373	1.466	1.375
7uiaB	3	0.882	1.194	1.329	1.354
7uiaB	4	0.913	0.615	1.109	1.205
7uiaB	5	0.906	0.754	1.736	5.309
7uiaB	6	0.863	1.326	1.406	1.291
7uiaB	7	0.854	1.236	1.35	1.27
7uiaB	8	0.914	0.912	1.208	1.295
7uiaB	9	0.915	0.435	1.849	2.664
7uiaB	10	0.921	0.822	1.19	1.168
7uiaB	11	0.876	1.875	1.776	1.424
7uiaB	12	0.909	0.7	1.146	1.245
7uiaB	13	0.974	0.907	2.027	2.703
7uiaB	14	0.886	1.062	1.275	1.193
7uiaB	15	0.887	1.268	1.369	1.396
7uiaB	16	0.912	0.63	1.059	1.103
7uiaB	17	0.889	1.492	1.532	5.7
7uiaB	18	0.891	1.785	1.642	3.369
7uiaB	19	0.941	1.533	1.568	5.969
7uiaB	20	0.888	0.891	0.989	5.495
7uiaB	21	0.89	1.458	1.387	7.192
7uiaB	22	0.883	1.301	2.077	2.845
7uiaB	23	0.902	1.179	1.311	1.242
7uiaB	24	0.858	1.214	1.373	1.269
7uiaB	25	0.908	0.579	0.968	1.11
7unzA	1	0.747	4.545	3.501	5.679
7unzA	2	0.76	4.57	3.573	5.578
7unzA	3	0.718	4.96	3.901	5.553
7unzA	4	0.826	4.594	3.582	6.217
7unzA	5	0.753	2.432	1.933	3.972
7unzA	6	0.757	4.567	3.559	5.942
7unzA	7	0.756	5.203	4.083	5.66
7unzA	8	0.737	4.569	3.57	5.487
7unzA	9	0.666	1.624	1.278	3.635
7unzA	10	0.746	4.454	3.449	6.339
7unzA	11	0.727	4.916	3.866	5.581
7unzA	12	0.699	4.293	3.329	2.981
7unzA	13	0.699	4.885	3.76	7.014
7unzA	14	0.734	4.645	3.634	5.6
7unzA	15	0.772	4.946	3.884	5.637
7unzA	16	0.73	4.706	3.653	5.808
7unzA	17	0.72	4.553	3.566	5.345
7unzA	18	0.755	4.672	3.683	5.29
7unzA	19	0.725	4.278	3.31	5.857
7unzA	20	0.752	4.408	3.443	5.923
7unzA	21	0.739	4.924	3.874	5.52
7unzA	22	0.762	4.865	3.815	5.751
7unzA	23	0.746	4.445	3.505	5.264
7unzA	24	0.786	2.372	1.892	4.87
7unzA	25	0.763	4.556	3.578	5.238
7voaA	1	0.896	1.117	0.893	2.329
7voaA	2	0.626	1.021	0.81	2.395
7voaA	3	1.032	1.252	1.005	2.279
7voaA	4	0.561	0.738	0.575	2.269
7voaA	5	0.848	1.322	1.023	2.298
7voaA	6	0.743	1.049	0.826	2.286
7voaA	7	0.66	0.688	0.586	2.31
7voaA	8	0.691	1.033	0.825	2.2
7voaA	9	0.704	0.774	0.591	5.016
7voaA	10	0.627	0.836	0.705	2.406
7voaA	11	0.64	0.763	0.659	2.454
7voaA	12	0.627	0.902	0.698	2.22
7voaA	13	0.666	0.935	0.747	2.7
7voaA	14	0.975	1.173	0.9	2.423
7voaA	15	0.702	0.773	0.639	2.238
7voaA	16	0.642	0.964	0.729	1.969
7voaA	17	0.781	0.906	0.76	3.318
7voaA	18	0.681	1.094	0.877	3.222
7voaA	19	0.681	0.903	0.749	2.529
7voaA	20	0.694	0.867	0.695	2.261
7voaA	21	0.626	1.074	0.831	2.217
7voaA	22	0.793	1.153	0.926	2.348
7voaA	23	0.626	0.863	0.691	1.996
7voaA	24	0.658	0.828	0.726	2.636
7voaA	25	0.677	0.831	0.644	2.073
7w1sB	1	0.813	1.826	1.53	1.379
7w1sB	2	0.814	1.738	1.625	1.395
7w1sB	3	0.638	1.655	1.38	1.312
7w1sB	4	0.858	2.089	1.768	1.598
7w1sB	5	0.835	1.9	1.536	1.407
7w1sB	6	0.808	1.572	1.336	1.223
7w1sB	7	0.87	1.814	1.812	1.57
7w1sB	8	0.839	1.649	1.586	1.683
7w1sB	9	0.797	1.716	1.405	1.257
7w1sB	10	0.613	1.672	1.511	1.433
7w1sB	11	0.881	2.149	1.735	1.485
7w1sB	12	1.023	2.124	1.96	1.755
7w1sB	13	0.835	1.793	1.448	1.319
7w1sB	14	0.899	1.99	1.714	1.578
7w1sB	15	0.638	1.644	1.637	1.517
7w1sB	16	0.866	1.983	1.763	1.566
7w1sB	17	0.872	2.15	1.795	1.659
7w1sB	18	0.822	1.803	1.675	1.506
7w1sB	19	0.826	1.992	1.658	1.544
7w1sB	20	0.864	1.922	1.56	1.631
7w1sB	21	0.813	1.881	1.502	1.438
7w1sB	22	0.805	1.936	1.724	1.641
7w1sB	23	0.789	1.587	1.305	1.197
7w1sB	24	0.802	1.818	1.549	1.457
7w1sB	25	0.811	1.82	1.631	1.513
7wd2D	1	0.405	0.385	0.542	0.791
7wd2D	2	0.511	0.554	0.684	6.482
7wd2D	3	0.419	0.273	0.404	0.737
7wd2D	4	0.507	0.828	1.017	6.577
7wd2D	5	0.462	0.695	0.589	0.698
7wd2D	6	0.512	0.838	0.905	6.054
7wd2D	7	0.462	0.439	0.623	1.049
7wd2D	8	0.518	1.054	0.912	5.472
7wd2D	9	0.531	0.702	0.638	4.753
7wd2D	10	0.52	1.251	1.024	6.939
7wd2D	11	0.51	0.937	0.911	6.176
7wd2D	12	0.571	1.667	1.35	5.974
7wd2D	13	0.485	0.846	0.758	4.339
7wd2D	14	0.429	0.506	0.556	0.763
7wd2D	15	0.551	0.631	0.766	6.228
7wd2D	16	0.357	0.33	0.499	0.778
7wd2D	17	0.479	0.883	0.956	6.125
7wd2D	18	0.405	0.321	0.418	0.721
7wd2D	19	0.498	0.734	0.802	6.255
7wd2D	20	0.39	0.357	0.538	0.84
7wd2D	21	0.518	1.16	1.009	6.165
7wd2D	22	0.398	0.414	0.473	0.711
7wd2D	23	0.54	0.757	0.773	6.707
7wd2D	24	0.408	0.429	0.539	0.763
7wd2D	25	0.55	0.773	0.997	6.499
7whiG	1	1.059	1.775	2.666	3.783
7whiG	2	1.082	1.728	2.751	2.957
7whiG	3	1.048	1.823	2.603	2.729
7whiG	4	1.065	1.749	2.714	2.972
7whiG	5	1.103	1.691	2.601	3.517
7whiG	6	1.06	1.732	2.695	2.828
7whiG	7	1.067	1.84	2.7	2.887
7whiG	8	1.044	1.816	2.665	3.034
7whiG	9	1.058	1.798	2.663	3.598
7whiG	10	1.06	1.751	2.689	3.403
7whiG	11	1.064	1.684	2.677	2.604
7whiG	12	1.075	1.893	2.727	2.893
7whiG	13	1.067	1.909	2.777	2.857
7whiG	14	1.074	1.687	2.773	3.514
7whiG	15	1.077	1.695	2.663	3.63
7whiG	16	1.062	1.776	2.626	2.943
7whiG	17	1.054	1.784	2.711	2.817
7whiG	18	1.08	1.765	2.71	2.548
7whiG	19	1.092	1.718	2.721	2.872
7whiG	20	1.054	1.802	2.635	2.539
7whiG	21	1.069	1.661	2.598	2.635
7whiG	22	1.194	1.708	2.786	2.281
7whiG	23	1.095	1.783	2.687	2.757
7whiG	24	1.055	1.699	2.703	2.149
7whiG	25	1.069	1.661	2.613	2.722
7wkiB	1	0.872	0.789	1.022	4.927
7wkiB	2	0.409	0.62	0.788	4.046
7wkiB	3	0.413	0.654	0.831	4.455
7wkiB	4	0.442	0.905	0.957	4.623
7wkiB	5	0.402	0.899	0.833	2.222
7wkiB	6	0.408	0.827	0.828	4.878
7wkiB	7	0.441	0.947	0.857	4.112
7wkiB	8	0.426	0.733	0.802	4.711
7wkiB	9	0.402	0.736	0.854	5.058
7wkiB	10	0.446	0.751	0.748	3.777
7wkiB	11	0.398	1.072	0.918	3.9
7wkiB	12	0.45	1.228	1.304	3.324
7wkiB	13	0.422	1.021	1.035	4.761
7wkiB	14	0.444	0.918	0.836	4.145
7wkiB	15	0.494	1.109	1.385	3.533
7wkiB	16	0.434	1.1	1.034	3.807
7wkiB	17	0.393	0.664	0.701	3.371
7wkiB	18	0.466	0.705	0.736	4.267
7wkiB	19	0.442	0.897	0.98	3.758
7wkiB	20	0.46	1.001	0.861	4.321
7wkiB	21	0.428	3.825	2.841	4.212
7wkiB	22	0.438	2.535	2.109	4.14
7wkiB	23	0.422	0.89	0.797	4.041
7wkiB	24	0.436	0.986	0.935	3.723
7wkiB	25	0.413	0.875	0.81	3.551
7x2jB	1	0.446	0.296	0.322	0.46
7x2jB	2	0.699	0.516	0.42	0.382
7x2jB	3	0.362	0.397	0.359	0.403
7x2jB	4	0.292	0.332	0.292	0.4
7x2jB	5	0.305	0.339	0.343	0.405
7x2jB	6	0.474	0.694	0.55	0.851
7x2jB	7	0.388	0.872	0.689	0.782
7x2jB	8	0.363	0.355	0.346	0.387
7x2jB	9	0.406	1.012	0.774	1.271
7x2jB	10	0.357	0.943	0.721	0.794
7x2jB	11	0.379	1.826	1.363	2.307
7x2jB	12	0.328	0.409	0.391	0.401
7x2jB	13	0.379	0.993	0.804	2.393
7x2jB	14	0.45	1.428	1.11	1.764
7x2jB	15	0.405	1.117	0.844	0.931
7x2jB	16	0.322	0.423	0.381	0.44
7x2jB	17	0.4	2.098	1.598	4.11
7x2jB	18	0.386	0.482	0.433	0.82
7x2jB	19	0.341	0.792	0.631	0.742
7x2jB	20	0.352	0.419	0.347	0.43
7x2jB	21	0.377	0.974	0.803	5.188
7x2jB	22	0.357	0.757	0.618	0.912
7x2jB	23	0.361	0.937	0.725	1.857
7x2jB	24	0.312	0.358	0.33	0.423
7x2jB	25	0.346	0.815	0.706	2.348
7x2lB	1	0.953	0.906	0.771	0.888
7x2lB	2	1.179	1.021	0.843	0.918
7x2lB	3	0.876	1.066	0.86	0.992
7x2lB	4	1.343	1.178	0.983	0.932
7x2lB	5	1.272	1.392	1.16	1.164
7x2lB	6	1.184	2.693	2.288	2.591
7x2lB	7	1.355	2.713	2.332	2.394
7x2lB	8	0.897	1.416	1.192	2.007
7x2lB	9	1.301	0.831	0.806	1.009
7x2lB	10	1.22	0.82	0.761	0.901
7x2lB	11	0.858	2.695	2.207	2.338
7x2lB	12	1.329	2.776	2.19	2.582
7x2lB	13	1.276	1.249	1.128	1.667
7x2lB	14	1.397	0.968	0.887	1.033
7x2lB	15	1.334	2.517	2.504	2.481
7x2lB	16	1.23	2.641	2.071	2.765
7x2lB	17	1.403	2.666	2.072	1.953
7x2lB	18	1.604	0.888	0.854	0.887
7x2lB	19	1.222	2.834	2.385	2.464
7x2lB	20	1.15	2.471	2.084	2.634
7x2lB	21	1.235	2.218	1.826	1.897
7x2lB	22	1.441	0.884	0.861	0.963
7x2lB	23	0.915	3.004	2.527	2.686
7x2lB	24	1.081	2.477	1.928	2.472
7x2lB	25	0.604	1.263	1.049	1.807
7x2mB	1	0.291	0.918	0.772	0.601
7x2mB	2	0.307	0.709	0.59	0.501
7x2mB	3	0.343	0.721	0.611	0.59
7x2mB	4	0.389	0.584	0.535	0.457
7x2mB	5	0.373	0.637	0.572	0.615
7x2mB	6	0.272	0.658	0.574	0.485
7x2mB	7	0.286	0.827	0.69	0.571
7x2mB	8	0.322	0.753	0.642	0.552
7x2mB	9	0.338	0.631	0.562	0.494
7x2mB	10	0.331	0.704	0.576	0.492
7x2mB	11	0.262	0.696	0.571	0.533
7x2mB	12	0.297	0.789	0.687	0.604
7x2mB	13	0.337	0.706	0.636	0.579
7x2mB	14	0.358	0.696	0.587	0.486
7x2mB	15	0.315	0.733	0.62	0.511
7x2mB	16	0.317	0.671	0.596	0.542
7x2mB	17	0.39	0.628	0.568	0.601
7x2mB	18	0.326	0.689	0.6	0.537
7x2mB	19	0.265	0.621	0.557	0.558
7x2mB	20	0.408	0.792	0.68	0.577
7x2mB	21	0.319	0.651	0.56	0.474
7x2mB	22	0.411	0.677	0.612	0.591
7x2mB	23	0.292	0.694	0.624	0.529
7x2mB	24	0.335	0.702	0.589	0.474
7x2mB	25	0.313	0.768	0.639	0.567
7x7eA	1	1.649	1.395	1.175	3.294
7x7eA	2	1.583	1.426	1.232	3.232
7x7eA	3	1.648	1.408	1.21	2.892
7x7eA	4	1.54	1.29	1.124	2.958
7x7eA	5	1.677	1.352	1.177	3.283
7x7eA	6	1.59	1.491	1.331	3.15
7x7eA	7	1.542	1.433	1.256	3.077
7x7eA	8	1.738	1.561	1.304	2.847
7x7eA	9	1.162	0.826	0.686	2.726
7x7eA	10	1.526	1.377	1.195	3.044
7x7eA	11	1.599	1.18	1.154	3.228
7x7eA	12	1.576	1.248	1.143	3.102
7x7eA	13	1.573	1.284	1.168	3.084
7x7eA	14	1.505	1.283	1.106	3.114
7x7eA	15	1.244	0.902	0.714	3.54
7x7eA	16	1.518	1.36	1.169	2.881
7x7eA	17	1.584	1.514	1.28	2.869
7x7eA	18	1.534	1.399	1.204	3.113
7x7eA	19	1.509	1.365	1.173	3.178
7x7eA	20	1.489	1.364	1.187	3.106
7x7eA	21	1.567	1.401	1.205	3.204
7x7eA	22	1.593	1.18	1.093	2.775
7x7eA	23	1.551	1.3	1.132	2.761
7x7eA	24	1.569	1.389	1.191	2.85
7x7eA	25	1.639	1.67	1.387	3.109
7xqvB	1	0.856	8.162	5.866	5.932
7xqvB	2	0.918	8.832	6.302	6.821
7xqvB	3	0.938	6.916	4.964	5.686
7xqvB	4	0.908	8.577	6.151	6.373
7xqvB	5	1.127	3.572	2.747	5.93
7xqvB	6	1.145	8.634	6.176	6.966
7xqvB	7	1.019	5.003	3.629	3.903
7xqvB	8	0.945	8.067	5.781	6.877
7xqvB	9	1.039	6.286	4.54	5.542
7xqvB	10	1.178	8.152	5.848	6.762
7xqvB	11	1.073	7.69	5.519	6.865
7xqvB	12	1.116	9.368	6.715	6.967
7xqvB	13	1.219	4.41	3.324	5.49
7xqvB	14	0.952	8.695	6.233	7.088
7xqvB	15	1.083	6.874	4.932	6.559
7xqvB	16	1.086	5.919	4.283	4.545
7xqvB	17	1.076	9.187	6.56	7.127
7xqvB	18	1.114	8.721	6.228	7.623
7xqvB	19	0.881	8.649	6.166	7.543
7xqvB	20	0.972	5.018	3.815	5.215
7xqvB	21	0.891	9.28	6.666	7.401
7xqvB	22	1.043	5.956	4.311	5.341
7xqvB	23	1.165	6.188	4.505	5.895
7xqvB	24	1.057	6.145	4.44	5.805
7xqvB	25	1.06	7.452	5.333	6.537
7yz9B	1	1.032	0.479	0.593	0.575
7yz9B	2	1.027	0.476	0.788	3.516
7yz9B	3	1.101	0.483	0.817	3.701
7yz9B	4	1.069	0.551	0.659	3.2
7yz9B	5	1.037	0.552	0.621	0.594
7yz9B	6	1.064	0.501	0.69	3.132
7yz9B	7	1.089	0.488	0.751	3.085
7yz9B	8	1.062	0.476	0.546	3.29
7yz9B	9	1.038	0.395	0.528	0.584
7yz9B	10	1.098	0.606	0.792	4.619
7yz9B	11	1.005	0.594	0.82	3.208
7yz9B	12	1.095	0.702	0.674	3.321
7yz9B	13	1.26	0.497	0.814	3.319
7yz9B	14	1.067	0.551	0.719	3.386
7yz9B	15	1.033	0.599	0.768	3.266
7yz9B	16	1.062	0.578	0.717	3.327
7yz9B	17	1.05	0.567	0.719	3.366
7yz9B	18	1.057	0.501	0.568	0.567
7yz9B	19	1.067	0.53	0.687	3.249
7yz9B	20	1.055	0.601	0.78	3.076
7yz9B	21	1.068	0.636	0.733	3.391
7yz9B	22	1.103	0.538	0.6	0.668
7yz9B	23	1.074	0.659	0.787	3.253
7yz9B	24	1.067	0.557	0.737	3.094
7yz9B	25	1.055	0.459	0.502	3.521
7zmvG	1	0.481	0.675	0.799	0.842
7zmvG	2	0.51	0.734	0.793	1.011
7zmvG	3	0.507	0.791	0.837	1.047
7zmvG	4	0.507	0.804	0.818	1.093
7zmvG	5	0.507	0.768	0.822	1.054
7zmvG	6	0.46	1.027	0.94	1.534
7zmvG	7	0.502	0.898	0.889	1.263
7zmvG	8	0.478	0.752	0.811	1.068
7zmvG	9	0.5	0.786	0.819	1.112
7zmvG	10	0.468	0.602	0.692	0.822
7zmvG	11	0.487	0.773	0.823	0.873
7zmvG	12	0.453	0.982	0.916	1.488
7zmvG	13	0.495	0.769	0.817	0.898
7zmvG	14	0.479	0.752	0.805	1.095
7zmvG	15	0.497	0.803	0.852	1.083
7zmvG	16	0.46	0.864	0.836	1.153
7zmvG	17	0.503	0.721	0.819	0.926
7zmvG	18	0.454	0.692	0.764	1.023
7zmvG	19	0.477	0.739	0.802	0.751
7zmvG	20	0.475	0.875	0.853	1.188
7zmvG	21	0.52	0.884	0.895	1.217
7zmvG	22	0.494	0.783	0.804	1.177
7zmvG	23	0.474	0.689	0.792	0.941
7zmvG	24	0.445	0.852	0.836	1.281
7zmvG	25	0.485	0.733	0.799	0.941
8bb7D	1	0.774	0.871	0.699	0.86
8bb7D	2	0.823	0.813	0.71	0.994
8bb7D	3	0.79	1.177	0.912	0.946
8bb7D	4	0.879	1.247	1.137	1.562
8bb7D	5	0.852	0.939	0.771	0.999
8bb7D	6	0.801	0.907	0.732	0.895
8bb7D	7	0.819	1.314	1.023	1.054
8bb7D	8	1.077	1.387	1.702	1.985
8bb7D	9	0.817	0.838	0.666	0.978
8bb7D	10	0.744	0.743	0.583	0.849
8bb7D	11	0.796	0.844	0.674	1.049
8bb7D	12	0.876	1.311	1.067	1.685
8bb7D	13	0.798	0.914	0.73	0.906
8bb7D	14	0.801	1.011	0.789	0.911
8bb7D	15	0.765	1.125	0.886	1.821
8bb7D	16	0.74	0.833	0.663	0.944
8bb7D	17	0.875	1.425	1.169	1.68
8bb7D	18	0.794	0.872	0.694	0.946
8bb7D	19	0.83	0.936	0.79	0.998
8bb7D	20	0.783	0.998	0.83	0.964
8bb7D	21	0.914	1.664	1.369	1.755
8bb7D	22	0.809	0.953	0.757	0.995
8bb7D	23	0.795	0.949	0.752	0.952
8bb7D	24	0.755	1.024	0.811	1.007
8bb7D	25	0.784	0.916	0.742	0.899
8cwuB	1	3.642	4.821	3.741	4.322
8cwuB	2	1.737	3.288	2.71	2.013
8cwuB	3	3.539	4.105	3.197	2.65
8cwuB	4	3.148	4.327	3.38	4.124
8cwuB	5	2.88	3.532	2.929	3.876
8cwuB	6	4.354	5.317	4.123	3.266
8cwuB	7	4.03	4.795	3.758	2.966
8cwuB	8	2.24	3.617	2.909	3.82
8cwuB	9	4.115	4.384	3.536	4.894
8cwuB	10	3.244	3.816	3.026	2.379
8cwuB	11	3.676	4.225	3.339	2.576
8cwuB	12	4.349	4.279	3.405	4.654
8cwuB	13	4.064	4.522	3.535	2.79
8cwuB	14	1.915	3.499	2.838	2.046
8cwuB	15	4.159	4.39	3.446	2.824
8cwuB	16	4.323	4.985	3.868	3.061
8cwuB	17	4.05	4.417	3.472	2.798
8cwuB	18	1.798	3.337	2.621	3.859
8cwuB	19	1.653	3.557	2.837	2.123
8cwuB	20	3.795	4.316	3.379	2.771
8cwuB	21	3.815	3.97	3.085	4.151
8cwuB	22	1.692	3.746	2.985	3.976
8cwuB	23	4.097	4.719	3.688	3.005
8cwuB	24	3.837	4.615	3.587	2.887
8cwuB	25	1.601	3.064	2.479	3.91
8dquB	1	0.5	0.405	0.382	0.765
8dquB	2	0.435	0.414	0.371	0.717
8dquB	3	0.816	0.497	0.451	1.018
8dquB	4	0.798	0.425	0.38	0.671
8dquB	5	0.426	0.493	0.428	0.48
8dquB	6	0.531	0.46	0.399	0.684
8dquB	7	0.521	0.559	0.467	0.975
8dquB	8	0.489	0.355	0.346	0.712
8dquB	9	0.526	0.522	0.448	0.65
8dquB	10	0.503	0.485	0.427	0.453
8dquB	11	0.588	0.561	0.473	0.965
8dquB	12	0.493	0.396	0.379	0.668
8dquB	13	0.481	0.467	0.433	1.028
8dquB	14	0.603	0.507	0.438	1.005
8dquB	15	0.472	0.454	0.407	0.7
8dquB	16	0.497	0.431	0.391	0.761
8dquB	17	0.555	0.583	0.492	0.837
8dquB	18	0.486	0.423	0.376	0.585
8dquB	19	0.593	0.497	0.422	0.895
8dquB	20	0.417	0.487	0.445	0.981
8dquB	21	0.516	0.449	0.402	0.723
8dquB	22	0.471	0.411	0.374	0.704
8dquB	23	0.484	0.507	0.437	1.0
8dquB	24	0.509	0.381	0.361	0.659
8dquB	25	0.497	0.543	0.458	0.962
8dtnE	1	1.371	2.785	4.511	6.481
8dtnE	2	1.252	2.767	4.534	6.109
8dtnE	3	1.257	4.185	4.97	6.412
8dtnE	4	1.211	2.95	4.601	6.901
8dtnE	5	1.212	2.831	4.537	6.25
8dtnE	6	1.271	3.119	4.565	6.578
8dtnE	7	1.268	2.996	4.553	6.4
8dtnE	8	1.477	2.806	4.429	6.668
8dtnE	9	1.231	2.676	4.509	6.496
8dtnE	10	1.207	2.921	4.555	6.205
8dtnE	11	1.34	2.639	4.405	6.311
8dtnE	12	1.203	2.868	4.507	6.27
8dtnE	13	1.274	2.838	4.453	6.447
8dtnE	14	1.172	2.858	4.508	5.817
8dtnE	15	1.179	3.839	4.689	6.152
8dtnE	16	1.263	4.249	4.954	6.402
8dtnE	17	1.226	2.96	4.502	6.154
8dtnE	18	1.179	2.93	4.606	6.011
8dtnE	19	1.271	3.073	4.634	6.192
8dtnE	20	1.342	2.719	4.48	6.393
8dtnE	21	1.157	2.916	4.602	5.711
8dtnE	22	1.205	2.728	4.513	5.919
8dtnE	23	1.237	2.927	4.578	5.93
8dtnE	24	1.192	2.791	4.485	6.256
8dtnE	25	1.194	2.809	4.483	6.059
8dtuA	1	2.299	3.076	3.449	4.28
8dtuA	2	2.127	3.256	3.557	4.361
8dtuA	3	2.175	3.425	3.679	4.333
8dtuA	4	1.65	3.52	3.829	4.157
8dtuA	5	2.44	3.512	3.773	5.27
8dtuA	6	2.07	2.745	3.177	3.973
8dtuA	7	2.352	2.971	3.424	4.509
8dtuA	8	2.29	3.183	3.558	4.144
8dtuA	9	2.429	2.769	3.34	4.146
8dtuA	10	2.192	3.669	3.783	4.168
8dtuA	11	2.147	2.7	3.269	3.711
8dtuA	12	1.728	3.529	3.738	4.511
8dtuA	13	2.163	3.886	3.894	4.42
8dtuA	14	2.112	2.719	3.311	4.508
8dtuA	15	1.959	2.98	3.299	3.856
8dtuA	16	1.916	2.764	3.365	4.134
8dtuA	17	2.043	3.069	3.438	4.308
8dtuA	18	1.863	2.672	3.153	3.745
8dtuA	19	2.479	2.806	3.367	4.396
8dtuA	20	2.184	2.287	3.024	3.712
8dtuA	21	2.02	2.997	3.379	4.309
8dtuA	22	2.121	2.223	3.101	4.145
8dtuA	23	2.353	3.201	3.468	4.274
8dtuA	24	2.172	3.242	3.534	4.175
8dtuA	25	2.141	2.941	3.415	4.07
8emzB	1	0.395	2.397	1.848	2.979
8emzB	2	0.441	2.315	1.801	3.044
8emzB	3	0.378	2.182	1.658	2.993
8emzB	4	0.396	2.309	1.742	3.571
8emzB	5	0.38	1.84	1.408	2.994
8emzB	6	0.433	1.656	1.289	2.827
8emzB	7	0.378	2.259	1.68	3.279
8emzB	8	0.393	2.336	1.758	4.974
8emzB	9	0.402	2.14	1.611	6.695
8emzB	10	0.428	2.29	1.744	3.121
8emzB	11	0.424	2.222	1.682	2.806
8emzB	12	0.374	2.252	1.69	3.297
8emzB	13	0.443	1.491	1.192	2.782
8emzB	14	0.394	2.278	1.727	3.444
8emzB	15	0.412	1.91	1.454	3.152
8emzB	16	0.412	1.624	1.233	3.011
8emzB	17	0.42	1.688	1.328	3.07
8emzB	18	0.398	1.898	1.427	3.522
8emzB	19	0.423	2.264	1.721	2.754
8emzB	20	0.427	1.921	1.482	3.268
8emzB	21	0.406	2.267	1.696	3.64
8emzB	22	0.368	1.84	1.408	3.214
8emzB	23	0.435	2.267	1.702	3.275
8emzB	24	0.394	2.32	1.773	3.342
8emzB	25	0.464	1.763	1.372	2.758
8en0D	1	1.443	4.482	3.775	3.68
8en0D	2	1.571	4.489	3.809	3.898
8en0D	3	1.711	4.68	3.893	3.902
8en0D	4	1.281	3.92	3.335	3.201
8en0D	5	1.656	4.486	3.756	3.698
8en0D	6	1.644	4.606	3.868	3.817
8en0D	7	1.693	4.652	3.884	3.822
8en0D	8	1.699	4.631	3.915	3.762
8en0D	9	1.303	3.899	3.451	3.509
8en0D	10	1.717	4.515	3.815	3.789
8en0D	11	1.412	3.971	3.411	3.525
8en0D	12	1.775	4.617	3.873	3.794
8en0D	13	1.738	4.637	3.871	4.027
8en0D	14	1.597	4.508	3.835	4.18
8en0D	15	1.693	4.789	3.942	4.038
8en0D	16	1.646	4.785	4.632	4.005
8en0D	17	1.843	4.889	4.053	3.54
8en0D	18	1.652	4.61	3.89	4.201
8en0D	19	1.651	4.696	3.873	3.879
8en0D	20	1.635	4.581	3.879	4.194
8en0D	21	1.581	4.479	4.257	4.4
8en0D	22	1.604	4.503	3.728	3.712
8en0D	23	1.728	4.668	3.901	3.691
8en0D	24	1.642	4.837	3.918	3.851
8en0D	25	1.7	4.531	3.783	3.624
8en2D	1	0.578	1.1	0.916	0.737
8en2D	2	0.569	0.905	0.74	0.591
8en2D	3	0.592	0.894	0.724	0.617
8en2D	4	0.628	1.129	0.897	0.743
8en2D	5	0.687	1.688	1.423	1.081
8en2D	6	0.577	0.765	0.881	0.793
8en2D	7	0.658	1.368	1.047	0.806
8en2D	8	0.559	0.456	0.634	0.547
8en2D	9	0.617	1.367	1.082	0.836
8en2D	10	0.656	1.707	1.381	1.101
8en2D	11	0.538	0.569	0.596	0.546
8en2D	12	0.597	1.366	1.051	0.819
8en2D	13	0.538	0.64	0.706	0.615
8en2D	14	0.687	1.8	1.444	1.117
8en2D	15	0.577	0.623	0.577	0.583
8en2D	16	0.61	1.391	1.086	0.837
8en2D	17	0.521	0.632	0.638	0.585
8en2D	18	0.697	1.74	1.462	1.17
8en2D	19	0.45	0.457	0.608	0.595
8en2D	20	0.618	1.247	0.979	0.776
8en2D	21	0.518	0.47	0.5	0.483
8en2D	22	0.66	1.726	1.402	1.063
8en2D	23	0.597	0.899	0.791	0.681
8en2D	24	0.666	1.457	1.137	0.866
8en2D	25	0.568	0.638	0.646	0.532
8en3C	1	0.767	2.363	1.863	2.703
8en3C	2	0.814	1.637	1.519	2.513
8en3C	3	0.83	2.272	2.041	2.729
8en3C	4	0.787	2.371	1.876	2.699
8en3C	5	0.819	1.879	1.662	2.525
8en3C	6	0.816	1.412	1.311	2.611
8en3C	7	0.787	2.259	1.751	2.926
8en3C	8	0.813	1.717	1.586	2.741
8en3C	9	0.761	2.64	2.141	2.998
8en3C	10	0.798	1.652	1.361	2.559
8en3C	11	0.796	1.567	1.4	2.729
8en3C	12	0.765	1.373	1.266	2.825
8en3C	13	0.805	1.684	1.564	2.433
8en3C	14	0.797	2.191	1.757	2.596
8en3C	15	0.779	1.341	1.311	2.591
8en3C	16	0.777	2.023	1.754	2.687
8en3C	17	0.837	1.6	1.533	2.499
8en3C	18	0.785	2.519	2.025	2.488
8en3C	19	0.837	1.43	1.485	2.781
8en3C	20	0.817	1.781	1.666	2.559
8en3C	21	0.794	1.304	1.259	2.637
8en3C	22	0.826	2.569	2.143	2.839
8en3C	23	0.8	1.219	1.306	2.67
8en3C	24	0.792	1.627	1.54	2.563
8en3C	25	0.828	2.021	1.845	2.687
8ew6V	1	0.331	0.353	0.343	2.401
8ew6V	2	0.333	0.379	0.388	2.36
8ew6V	3	0.36	2.294	1.7	2.566
8ew6V	4	0.316	0.484	0.445	2.303
8ew6V	5	0.419	0.634	0.622	2.423
8ew6V	6	0.324	0.599	0.546	2.444
8ew6V	7	0.327	0.453	0.432	2.361
8ew6V	8	0.329	0.508	0.464	2.452
8ew6V	9	0.303	0.433	0.474	2.546
8ew6V	10	0.322	0.41	0.402	2.372
8ew6V	11	0.356	0.586	0.555	2.332
8ew6V	12	0.306	0.401	0.464	2.304
8ew6V	13	0.331	0.373	0.376	2.225
8ew6V	14	0.364	0.503	0.552	2.403
8ew6V	15	0.374	0.573	0.505	2.305
8ew6V	16	0.328	0.506	0.487	2.481
8ew6V	17	0.322	0.383	0.432	2.248
8ew6V	18	0.335	0.491	0.46	2.23
8ew6V	19	0.337	0.428	0.529	2.311
8ew6V	20	0.323	0.463	0.446	2.342
8ew6V	21	0.38	0.662	0.637	2.381
8ew6V	22	0.354	0.57	0.524	2.375
8ew6V	23	0.381	0.478	0.461	2.381
8ew6V	24	0.391	0.72	0.579	2.428
8ew6V	25	0.334	0.517	0.458	2.392
8gz5B	1	0.784	0.933	0.697	0.594
8gz5B	2	0.796	1.016	0.757	0.632
8gz5B	3	0.737	0.92	0.69	0.595
8gz5B	4	0.782	1.062	0.789	0.672
8gz5B	5	0.975	1.296	0.96	0.821
8gz5B	6	0.773	1.008	0.776	0.866
8gz5B	7	1.592	1.466	1.088	1.017
8gz5B	8	1.457	1.313	0.98	0.954
8gz5B	9	0.867	3.073	2.291	1.814
8gz5B	10	0.819	1.109	0.835	0.884
8gz5B	11	0.841	0.949	0.734	0.772
8gz5B	12	0.695	0.937	0.793	0.83
8gz5B	13	1.358	2.768	2.069	1.661
8gz5B	14	0.729	1.194	0.9	0.922
8gz5B	15	0.818	0.958	0.723	0.815
8gz5B	16	0.769	0.935	0.741	0.807
8gz5B	17	0.712	2.936	2.167	1.696
8gz5B	18	0.748	1.048	0.802	0.852
8gz5B	19	1.411	1.18	0.883	0.888
8gz5B	20	0.736	1.015	0.803	0.839
8gz5B	21	0.931	3.073	2.301	1.789
8gz5B	22	0.812	1.011	0.768	0.807
8gz5B	23	0.771	0.967	0.759	0.799
8gz5B	24	1.42	1.252	0.938	0.902
8gz5B	25	0.783	2.945	2.176	1.719
8h3xA	1	1.614	0.912	0.791	0.882
8h3xA	2	1.63	0.99	0.831	0.958
8h3xA	3	1.552	0.854	0.744	0.817
8h3xA	4	1.619	0.871	0.758	0.82
8h3xA	5	1.583	1.017	0.864	0.999
8h3xA	6	1.666	0.932	0.811	0.893
8h3xA	7	1.643	0.935	0.797	0.875
8h3xA	8	1.634	1.034	0.857	0.939
8h3xA	9	1.653	0.88	0.772	0.83
8h3xA	10	1.573	0.846	0.748	0.831
8h3xA	11	1.606	0.884	0.763	0.827
8h3xA	12	1.613	0.818	0.754	0.796
8h3xA	13	1.613	0.914	0.78	0.794
8h3xA	14	1.526	0.896	0.784	0.841
8h3xA	15	1.589	0.96	0.818	0.876
8h3xA	16	1.649	1.015	0.87	0.952
8h3xA	17	1.624	0.928	0.804	0.893
8h3xA	18	1.644	1.066	0.922	1.039
8h3xA	19	1.62	0.889	0.78	0.843
8h3xA	20	1.601	0.904	0.784	0.877
8h3xA	21	1.625	0.909	0.788	0.804
8h3xA	22	1.641	0.939	0.816	0.86
8h3xA	23	1.634	0.898	0.761	0.845
8h3xA	24	1.611	0.936	0.796	0.861
8h3xA	25	1.66	0.96	0.816	0.922
8h3yE	1	0.469	4.401	3.263	2.873
8h3yE	2	0.42	3.388	2.555	2.604
8h3yE	3	0.422	1.825	1.37	1.91
8h3yE	4	0.46	3.122	2.328	1.812
8h3yE	5	0.514	3.524	2.602	1.963
8h3yE	6	0.584	4.598	3.391	2.547
8h3yE	7	0.397	4.559	3.361	2.468
8h3yE	8	0.474	2.512	1.892	1.468
8h3yE	9	0.451	1.648	1.287	1.205
8h3yE	10	0.513	1.937	1.474	2.884
8h3yE	11	0.505	4.879	3.607	2.823
8h3yE	12	0.463	5.215	3.843	2.833
8h3yE	13	0.473	4.599	3.4	3.118
8h3yE	14	0.433	3.268	2.435	2.4
8h3yE	15	0.425	4.945	3.656	3.205
8h3yE	16	0.452	4.401	3.238	2.383
8h3yE	17	0.481	3.469	2.578	1.941
8h3yE	18	0.555	2.041	1.57	1.598
8h3yE	19	0.462	1.967	1.494	1.693
8h3yE	20	0.485	4.87	3.595	3.17
8h3yE	21	0.473	3.057	2.276	1.721
8h3yE	22	0.527	3.441	2.575	2.341
8h3yE	23	0.43	2.982	2.214	1.935
8h3yE	24	0.471	4.243	3.161	2.632
8h3yE	25	0.493	4.971	3.662	2.702
