pdb	rank	FR_RMS	CDR1_RMS	CDR2_RMS	CDR3_RMS	paratope_RMS
7tgfB	26	0.548	0.781	1.01	3.448	2.838
7tgfB	0	1.143	0.855	1.003	3.76	3.256
7tgfB	10	3.454	1.848	1.649	2.766	1.656
7tgfB	28	0.54	0.937	1.232	3.383	2.438
7tgfB	27	0.544	0.945	1.339	4.436	3.603
8emzB	26	0.517	2.302	1.715	2.192	2.012
8emzB	6	0.528	1.788	1.352	3.342	1.977
8emzB	0	0.401	2.286	1.706	2.816	1.755
8emzB	16	0.433	2.245	1.671	4.073	2.409
8h3xA	26	0.683	0.689	0.571	2.42	1.269
8h3xA	1	1.671	0.861	0.759	2.337	1.038
8h3xA	27	0.65	0.542	0.63	2.429	1.636
8h3xA	11	1.692	0.807	0.706	3.524	2.149
8gz5B	27	1.188	2.375	1.778	2.943	1.612
8gz5B	3	1.513	2.857	2.135	3.82	2.27
8gz5B	26	1.216	3.098	2.357	3.368	2.077
8gz5B	1	1.546	2.912	2.147	4.565	2.545
8cwuB	25	0.969	4.586	3.675	3.228	2.079
8cwuB	1	3.943	4.152	3.428	2.655	3.273
8cwuB	27	1.049	4.921	3.876	3.768	2.931
8cwuB	0	3.656	4.194	3.518	3.34	3.785
7x2mB	28	0.611	2.169	1.809	2.249	2.185
7x2mB	16	0.466	0.89	0.841	2.527	2.617
7x2mB	3	0.445	0.9	0.821	2.334	2.715
7x2mB	1	0.529	1.874	1.483	2.331	2.51
7voaA	9	0.721	1.038	0.85	1.936	1.697
7voaA	5	0.732	1.382	1.106	4.378	3.971
7voaA	13	0.7	1.114	0.887	3.582	2.74
7voaA	28	1.218	1.035	0.941	4.331	3.761
7voaA	1	0.717	1.405	1.116	4.149	4.016
7voaA	25	1.028	0.834	0.786	4.221	4.021
7voaA	27	0.832	0.992	0.871	3.955	3.348
7voaA	26	0.92	1.076	0.974	4.338	3.643
7voaA	11	0.729	0.892	0.752	4.175	3.774
7ubxC	0	0.768	0.387	0.421	3.921	2.917
7ubxC	28	0.886	0.742	0.775	5.918	3.904
7ubxC	7	0.759	1.308	1.133	1.595	1.011
7ubxC	26	0.879	0.568	0.726	6.955	4.657
7ubxC	19	0.669	0.301	0.512	3.704	2.236
7ubxC	27	0.951	0.905	1.178	5.071	3.684
7ubxC	25	0.843	0.466	0.695	5.164	3.624
7th2C	28	0.879	3.474	2.536	3.288	2.741
7th2C	0	1.997	2.028	1.892	3.234	3.025
7th2C	25	0.768	3.533	2.57	2.693	2.247
8en2D	1	0.675	1.691	1.747	1.942	1.643
8en2D	11	0.705	1.701	1.908	1.984	1.717
8en2D	26	0.806	2.342	1.982	1.929	1.733
8en2D	28	0.779	3.375	3.025	3.508	3.016
8ew6V	27	0.552	1.065	1.079	3.186	2.85
8ew6V	0	0.352	0.581	0.59	2.262	1.507
8ew6V	5	0.413	0.423	0.712	1.35	0.796
8ew6V	28	0.601	1.349	1.238	2.945	2.654
8ew6V	8	0.403	0.475	0.6	2.819	1.625
7yz9B	0	1.028	0.514	0.687	4.867	3.838
7yz9B	3	1.077	0.433	0.612	3.994	2.879
7yz9B	26	1.101	3.973	3.118	4.215	3.222
7yz9B	28	1.04	1.735	1.45	4.853	3.467
7yz9B	27	1.237	3.125	2.913	4.951	3.54
7w1sB	0	0.944	1.964	1.607	1.475	1.053
7w1sB	27	0.952	2.205	2.896	2.772	2.298
7w1sB	17	0.793	1.814	1.45	1.983	1.513
7zmvG	1	0.589	2.351	1.919	6.095	2.375
7zmvG	2	0.518	2.145	1.787	5.315	2.387
7zmvG	12	0.605	3.189	2.49	8.551	2.826
7zmvG	28	0.49	0.267	0.375	1.066	0.542
7zmvG	15	0.558	3.705	2.888	9.388	3.108
7unzA	12	0.737	2.05	1.624	4.904	3.935
7unzA	25	0.724	2.292	1.872	5.053	4.095
7unzA	8	0.777	3.618	2.788	4.43	3.435
7unzA	15	0.709	2.199	1.723	2.962	2.583
7unzA	1	0.722	2.011	1.594	4.383	3.161
7unzA	28	0.739	2.196	1.737	4.627	3.85
7unzA	27	0.835	2.993	2.377	5.74	4.756
7unzA	9	0.73	2.021	1.585	4.373	3.231
7unzA	22	0.774	2.33	1.824	4.116	3.501
7unzA	17	0.794	2.239	1.757	4.237	3.343
7unzA	20	0.76	2.259	1.769	4.157	3.364
8en3C	0	0.86	1.426	1.541	2.65	2.15
8en3C	16	0.884	1.775	1.808	4.395	4.139
8en3C	21	0.919	1.753	1.955	2.705	2.45
8en3C	28	1.06	2.817	3.069	2.821	1.778
7tgiB	0	2.141	1.402	1.589	5.862	5.075
7tgiB	14	2.164	1.525	1.672	4.832	4.022
7tgiB	27	2.125	2.391	2.017	2.596	2.226
7tgiB	26	2.244	2.867	2.663	2.665	2.081
7nxxB	26	0.493	2.67	2.362	2.865	2.549
7nxxB	13	1.178	3.141	2.716	3.123	2.216
7nxxB	19	1.217	3.203	2.855	4.285	2.627
7nxxB	28	0.566	2.721	2.311	6.206	3.499
7nxxB	0	1.325	2.204	2.01	1.749	1.62
7nxxB	27	0.557	3.271	2.697	2.793	2.69
7nxxB	6	1.344	2.071	1.937	2.47	1.828
8dtnE	18	1.318	2.894	4.648	6.274	6.173
8dtnE	25	0.894	1.602	4.127	5.619	5.769
8dtnE	3	1.173	2.9	4.588	5.81	5.915
8dtnE	26	0.928	2.899	4.52	5.508	5.667
8dtnE	28	0.96	1.433	4.108	5.956	5.811
8h3yE	28	0.575	2.051	2.567	2.811	1.796
8h3yE	25	0.599	1.35	1.096	2.117	1.74
7q6cH	12	1.25	1.675	1.772	2.438	1.663
7q6cH	3	2.496	4.16	3.887	4.273	1.729
7q6cH	28	0.655	0.513	1.064	3.081	2.664
7q6cH	27	0.684	0.451	0.834	2.088	2.054
7q6cH	22	2.097	3.401	3.192	4.15	2.52
7q3qB	28	0.573	3.935	3.474	3.216	2.362
7q3qB	27	0.637	0.919	2.373	3.149	2.218
7q3qB	0	0.623	0.36	1.939	2.584	2.783
7q3qB	25	0.65	0.807	1.998	2.716	2.324
7tprE	14	2.039	3.749	3.178	12.723	6.829
7tprE	25	0.842	0.699	0.953	2.411	1.905
7tprE	3	1.709	4.22	3.474	12.446	6.924
7tprE	0	1.69	3.998	3.304	12.075	5.969
7tprE	7	2.565	3.512	3.027	11.614	5.778
7tprE	21	2.507	2.49	2.444	12.348	7.167
7tprE	13	2.592	2.41	2.33	10.817	6.453
7tprE	18	2.596	2.373	2.268	9.988	6.263
7tprE	8	2.577	2.418	2.316	11.485	6.88
7tprE	26	0.869	1.11	1.325	2.374	1.721
7tprE	28	0.797	1.524	1.672	6.204	4.258
7x2jB	21	0.392	1.425	1.071	3.129	1.51
7x2jB	25	0.844	1.83	1.684	2.455	2.125
7x2jB	5	0.404	2.229	1.654	4.203	2.583
7x2jB	27	0.753	1.144	1.854	3.223	2.828
7x2jB	0	0.393	2.372	1.758	4.294	2.738
7x2jB	10	0.413	1.692	1.265	4.853	2.717
7b5gD	4	0.805	1.808	1.4	1.081	0.501
7b5gD	27	0.831	2.32	1.783	9.693	6.235
7b5gD	28	0.691	1.702	1.319	5.441	3.145
7b5gD	26	0.649	2.177	1.691	8.862	5.102
7b5gD	25	0.701	2.558	2.082	7.724	5.073
7x2lB	0	1.355	0.974	0.916	1.051	0.783
7x2lB	27	0.719	2.801	2.897	2.81	2.416
7x2lB	25	0.613	2.835	2.884	2.779	2.454
8dtuA	26	1.91	2.544	3.267	5.66	4.672
8dtuA	8	1.976	2.76	3.324	6.193	4.82
8dtuA	5	1.746	2.857	3.293	5.836	4.772
8dtuA	28	1.777	2.308	3.259	5.804	4.668
8dtuA	27	2.059	2.479	3.221	5.3	4.629
8dquB	25	0.582	0.774	1.006	2.834	2.525
8dquB	2	0.502	0.716	0.789	2.972	2.4
8dquB	0	0.508	0.716	0.752	1.301	1.091
8dquB	27	0.498	0.663	0.733	3.127	2.626
7uiaB	1	0.928	1.525	1.858	5.706	2.644
7uiaB	19	0.928	0.858	1.513	6.203	2.52
7uiaB	3	0.928	0.86	1.52	5.48	3.042
7uiaB	0	0.951	1.197	1.736	5.585	2.715
7uiaB	28	0.925	1.785	1.705	5.379	3.269
7uiaB	27	0.964	1.856	1.933	3.485	2.973
7uiaB	25	0.936	1.858	1.975	4.859	3.146
7uiaB	26	0.992	1.853	2.02	4.648	3.211
7t5fF	0	0.586	1.726	1.545	1.309	0.663
7t5fF	22	0.618	2.908	2.566	2.936	1.338
8f8xD	27	0.775	3.331	2.583	8.757	5.014
8f8xD	28	0.685	3.083	2.529	7.502	4.541
8f8xD	1	0.473	2.281	1.757	7.214	3.999
8f8xD	6	0.698	3.346	2.579	7.452	4.23
7wkiB	10	0.542	4.212	3.215	4.323	3.975
7wkiB	2	0.496	4.349	3.342	4.563	4.073
7wkiB	11	0.543	4.228	3.228	4.405	3.631
7wkiB	0	0.535	4.314	3.313	4.692	4.095
7wkiB	26	0.75	4.133	3.177	4.492	3.771
7wkiB	27	0.571	2.97	2.378	3.221	3.116
7wkiB	25	0.612	3.454	2.705	4.15	3.6
7wkiB	28	0.608	3.784	2.881	5.883	4.289
7x7eA	0	0.856	1.01	0.817	2.09	1.793
7x7eA	16	0.968	0.967	0.795	3.169	2.01
7x7eA	28	0.563	0.936	0.772	4.553	2.07
7x7eA	27	0.399	0.381	0.386	1.283	0.469
7x7eA	25	0.515	0.712	0.792	3.33	1.424
7qbgE	28	0.784	1.052	2.104	1.75	1.215
7qbgE	0	1.135	1.839	2.633	2.695	1.702
7wd2D	25	0.726	1.565	1.32	3.932	3.053
7wd2D	1	0.614	1.611	1.412	4.287	3.184
7wd2D	0	0.578	1.329	1.223	4.29	3.759
7wd2D	26	0.695	1.114	1.011	2.606	2.481
7wd2D	28	0.839	1.869	1.827	2.781	2.777
7qneG	23	0.878	2.241	2.049	2.053	1.905
7qneG	0	0.871	2.537	1.998	2.036	1.921
7qneG	28	0.723	0.591	0.557	0.85	0.921
7qneG	11	0.841	2.08	1.607	2.694	2.295
7r24E	27	0.534	1.507	1.181	1.157	0.986
7r24E	0	0.611	1.526	1.15	2.38	1.933
7r24C	27	0.982	2.312	1.987	2.996	2.719
7r24C	0	0.927	1.354	1.243	1.532	0.937
7r24C	25	1.027	1.266	1.443	4.216	2.942
7xqvB	27	1.58	4.147	4.724	9.663	5.213
7xqvB	25	1.673	4.988	4.941	9.477	5.31
7xqvB	6	1.642	5.375	4.645	4.197	2.08
7xqvB	4	1.253	4.88	4.491	7.045	3.413
7xqvB	12	1.281	4.958	4.424	5.827	2.84
7xqvB	13	1.484	5.966	4.829	5.138	2.522
7wpfU	27	1.229	2.559	2.04	3.484	3.072
7wpfU	14	2.228	2.618	2.458	3.705	2.93
7wpfU	16	3.021	4.997	4.824	5.948	3.856
7wpfU	17	3.208	6.738	6.153	7.592	3.811
7wpfU	26	1.02	2.139	1.775	2.795	2.138
7wpfU	8	3.334	6.387	5.975	5.884	2.556
7wpfU	28	1.18	2.127	1.732	2.847	2.464
7wpfU	2	3.055	5.321	5.028	6.367	3.585
7whiG	21	1.072	1.443	2.27	2.17	1.492
7whiG	26	0.984	0.866	0.919	0.946	0.788
8bb7D	25	0.845	0.843	0.921	2.279	2.277
8bb7D	20	0.807	0.887	0.786	2.412	2.112
8bb7D	0	0.804	0.907	0.777	0.938	0.85
8bb7D	26	0.694	0.638	0.562	3.198	2.773
8bb7D	27	0.81	1.103	1.131	3.162	2.558
8en0D	0	1.717	4.441	3.787	3.643	3.051
8en0D	27	1.497	3.774	3.413	4.048	3.281
8en0D	26	1.791	4.321	3.696	4.55	3.59
