pdb	seed	seed_model	rank	irmsd	fnat	lrmsd	ilrmsd	dockq	sr	capri	capri_cum
7b5gD	1	0	1	8.9	0.1	16.319	16.453	0.114	0	incorrect	0
7b5gD	2	0	8	15.224	0.043	30.053	30.34	0.042	0	incorrect	0
7b5gD	3	0	9	17.458	0.0	32.285	34.061	0.024	0	incorrect	0
7b5gD	4	0	10	12.008	0.057	23.462	22.81	0.063	0	incorrect	0
7b5gD	5	0	11	9.311	0.1	17.169	17.446	0.107	0	incorrect	0
7b5gD	1	1	2	17.61	0.0	33.49	35.502	0.023	0	incorrect	0
7b5gD	2	1	4	18.327	0.0	31.237	33.687	0.025	0	incorrect	0
7b5gD	3	1	5	17.24	0.0	31.959	33.793	0.025	0	incorrect	0
7b5gD	4	1	6	12.069	0.057	20.86	22.248	0.072	0	incorrect	0
7b5gD	5	1	7	16.47	0.029	31.226	32.498	0.035	0	incorrect	0
7b5gD	1	2	3	17.527	0.0	31.513	33.562	0.025	0	incorrect	0
7b5gD	2	2	12	5.044	0.2	9.6	10.528	0.24	1	acceptable	1
7b5gD	3	2	13	12.229	0.014	27.593	22.936	0.039	1	incorrect	1
7b5gD	4	2	14	17.991	0.0	35.07	37.083	0.021	1	incorrect	1
7b5gD	5	2	15	17.451	0.0	33.851	35.591	0.022	1	incorrect	1
7b5gD	1	3	16	13.893	0.0	31.431	31.288	0.027	1	incorrect	1
7b5gD	2	3	18	12.851	0.0	30.672	28.166	0.028	1	incorrect	1
7b5gD	3	3	19	1.178	0.743	3.385	2.86	0.742	1	medium	2
7b5gD	4	3	20	10.342	0.086	22.471	23.2	0.077	1	incorrect	2
7b5gD	5	3	21	13.683	0.043	37.456	35.816	0.035	1	incorrect	2
7b5gD	1	4	17	13.988	0.0	29.777	27.892	0.029	1	incorrect	1
7b5gD	2	4	22	15.304	0.0	27.561	28.621	0.032	1	incorrect	2
7b5gD	3	4	23	8.312	0.0	30.772	25.882	0.034	1	incorrect	2
7b5gD	4	4	24	18.113	0.0	25.854	27.211	0.035	1	incorrect	2
7b5gD	5	4	25	14.36	0.0	33.547	33.498	0.024	1	incorrect	2
7nxxB	2	0	1	6.59	0.109	14.074	12.962	0.142	0	incorrect	0
7nxxB	3	0	2	10.075	0.0	23.322	18.082	0.046	0	incorrect	0
7nxxB	4	0	3	12.786	0.043	23.029	19.509	0.059	0	incorrect	0
7nxxB	5	0	4	7.92	0.043	18.852	14.407	0.082	0	incorrect	0
7nxxB	1	0	5	6.813	0.065	15.101	13.39	0.117	0	incorrect	0
7nxxB	1	1	11	9.967	0.0	26.61	17.285	0.038	0	incorrect	0
7nxxB	2	1	12	9.968	0.0	23.889	17.923	0.045	0	incorrect	0
7nxxB	3	1	13	9.706	0.022	26.177	16.253	0.047	0	incorrect	0
7nxxB	4	1	14	12.775	0.043	23.437	19.531	0.058	0	incorrect	0
7nxxB	5	1	15	7.352	0.022	15.373	14.256	0.099	0	incorrect	0
7nxxB	1	2	10	10.104	0.087	23.545	18.698	0.075	0	incorrect	0
7nxxB	2	2	16	10.03	0.022	24.689	17.915	0.05	0	incorrect	0
7nxxB	3	2	17	9.865	0.0	20.272	19.259	0.057	0	incorrect	0
7nxxB	4	2	18	8.601	0.0	22.568	16.566	0.051	0	incorrect	0
7nxxB	5	2	19	9.922	0.0	26.476	18.165	0.039	0	incorrect	0
7nxxB	2	3	20	11.021	0.043	21.995	17.931	0.064	0	incorrect	0
7nxxB	3	3	21	10.175	0.087	22.181	15.385	0.079	0	incorrect	0
7nxxB	4	3	22	5.842	0.0	18.057	9.485	0.081	0	incorrect	0
7nxxB	5	3	23	8.456	0.087	19.681	16.654	0.092	0	incorrect	0
7nxxB	1	3	24	6.191	0.0	18.699	11.09	0.076	0	incorrect	0
7nxxB	2	4	6	9.672	0.0	26.168	17.648	0.04	0	incorrect	0
7nxxB	3	4	7	12.785	0.043	23.21	19.629	0.058	0	incorrect	0
7nxxB	4	4	8	11.561	0.065	23.535	18.146	0.066	0	incorrect	0
7nxxB	5	4	9	13.405	0.0	25.11	22.408	0.038	0	incorrect	0
7nxxB	1	4	25	12.927	0.0	24.451	25.37	0.04	0	incorrect	0
7q3qB	2	0	5	0.613	0.948	2.45	1.0	0.91	1	high	3
7q3qB	3	0	6	0.465	0.931	1.881	0.692	0.932	1	high	3
7q3qB	4	0	7	5.654	0.138	13.411	11.966	0.163	1	incorrect	3
7q3qB	5	0	8	0.482	0.948	1.64	0.717	0.94	1	high	3
7q3qB	1	0	13	19.439	0.0	32.252	36.94	0.024	1	incorrect	3
7q3qB	2	1	9	0.564	0.948	1.927	0.881	0.925	1	high	3
7q3qB	3	1	10	0.541	0.914	2.069	0.884	0.914	1	high	3
7q3qB	4	1	11	9.63	0.138	33.004	19.315	0.075	1	incorrect	3
7q3qB	5	1	12	0.563	0.914	2.297	0.931	0.907	1	high	3
7q3qB	1	1	18	20.599	0.0	30.27	40.276	0.026	1	incorrect	3
7q3qB	2	2	14	0.525	0.948	1.229	0.778	0.94	1	high	3
7q3qB	3	2	15	0.458	0.914	2.24	0.674	0.921	1	high	3
7q3qB	4	2	16	18.085	0.0	35.159	38.299	0.021	1	incorrect	3
7q3qB	5	2	17	0.601	0.948	1.678	0.953	0.924	1	high	3
7q3qB	1	2	19	16.536	0.0	29.908	32.008	0.028	1	incorrect	3
7q3qB	2	3	20	0.64	0.931	2.679	1.074	0.896	1	high	3
7q3qB	3	3	21	0.546	0.931	2.033	0.898	0.92	1	high	3
7q3qB	4	3	22	6.523	0.207	23.944	14.582	0.123	1	incorrect	3
7q3qB	5	3	23	0.475	0.931	1.691	0.678	0.934	1	high	3
7q3qB	1	3	24	2.98	0.466	20.059	7.033	0.273	1	acceptable	3
7q3qB	2	4	1	0.522	0.931	1.581	0.82	0.93	1	high	3
7q3qB	3	4	2	0.509	0.931	1.968	0.817	0.926	1	high	3
7q3qB	4	4	3	11.228	0.017	31.384	19.934	0.034	1	incorrect	3
7q3qB	5	4	4	0.451	0.966	1.706	0.651	0.948	1	high	3
7q3qB	1	4	25	10.362	0.052	39.933	20.937	0.039	1	incorrect	3
7qbgE	2	0	5	13.217	0.315	41.805	32.739	0.122	0	incorrect	0
7qbgE	3	0	6	13.555	0.276	39.189	32.203	0.111	0	incorrect	0
7qbgE	4	0	7	23.017	0.307	40.392	34.567	0.118	0	incorrect	0
7qbgE	5	0	8	6.629	0.409	19.589	15.123	0.206	0	incorrect	0
7qbgE	1	0	13	12.955	0.299	40.57	36.332	0.118	0	incorrect	0
7qbgE	2	1	9	6.673	0.402	21.416	14.482	0.195	0	incorrect	0
7qbgE	3	1	10	14.871	0.307	40.989	36.785	0.119	0	incorrect	0
7qbgE	4	1	11	23.212	0.307	41.479	35.25	0.117	0	incorrect	0
7qbgE	5	1	12	6.316	0.409	17.142	13.858	0.22	0	incorrect	0
7qbgE	1	1	14	23.356	0.283	42.778	33.685	0.109	0	incorrect	0
7qbgE	2	2	1	24.052	0.291	48.085	39.008	0.109	0	incorrect	0
7qbgE	3	2	2	7.96	0.354	23.423	18.193	0.168	0	incorrect	0
7qbgE	4	2	3	22.958	0.307	40.097	34.398	0.118	0	incorrect	0
7qbgE	5	2	4	22.42	0.307	44.229	34.156	0.116	0	incorrect	0
7qbgE	1	2	15	23.762	0.307	40.222	52.067	0.118	0	incorrect	0
7qbgE	1	3	16	23.029	0.283	42.628	34.182	0.109	0	incorrect	0
7qbgE	2	3	18	24.603	0.283	49.386	39.618	0.105	0	incorrect	0
7qbgE	3	3	19	8.752	0.425	22.69	18.081	0.192	0	incorrect	0
7qbgE	4	3	20	23.03	0.315	40.093	34.193	0.121	0	incorrect	0
7qbgE	5	3	21	7.463	0.378	23.227	17.942	0.178	0	incorrect	0
7qbgE	1	4	17	22.667	0.307	43.251	34.24	0.116	0	incorrect	0
7qbgE	2	4	22	19.117	0.307	41.351	36.661	0.118	0	incorrect	0
7qbgE	3	4	23	16.149	0.299	51.104	42.142	0.112	0	incorrect	0
7qbgE	4	4	24	23.077	0.315	40.651	34.558	0.12	0	incorrect	0
7qbgE	5	4	25	9.573	0.362	24.92	21.711	0.163	0	incorrect	0
7qneG	1	0	1	0.945	0.831	2.272	2.003	0.827	1	high	3
7qneG	2	0	2	0.817	0.852	2.288	1.96	0.852	1	high	3
7qneG	3	0	3	0.915	0.856	2.906	2.286	0.827	1	high	3
7qneG	4	0	4	0.85	0.852	2.862	2.381	0.836	1	high	3
7qneG	5	0	5	0.873	0.848	2.355	1.908	0.841	1	high	3
7qneG	2	1	6	0.814	0.84	2.805	2.52	0.838	1	high	3
7qneG	3	1	7	0.869	0.819	2.65	2.294	0.826	1	high	3
7qneG	4	1	8	0.928	0.844	2.247	1.726	0.834	1	high	3
7qneG	5	1	9	0.997	0.86	2.462	2.028	0.825	1	high	3
7qneG	1	1	17	0.834	0.852	3.223	2.584	0.83	1	high	3
7qneG	2	2	10	0.918	0.868	2.709	1.924	0.835	1	high	3
7qneG	3	2	11	1.31	0.848	4.547	3.389	0.731	1	medium	3
7qneG	4	2	12	0.87	0.848	3.201	2.581	0.824	1	high	3
7qneG	5	2	13	0.793	0.848	3.149	2.553	0.836	1	high	3
7qneG	1	2	15	0.821	0.86	3.329	2.65	0.832	1	high	3
7qneG	1	3	14	0.781	0.848	3.567	2.714	0.828	1	high	3
7qneG	2	3	18	0.881	0.86	2.589	2.25	0.84	1	high	3
7qneG	3	3	19	0.946	0.835	3.318	2.794	0.806	1	high	3
7qneG	4	3	20	0.976	0.852	3.847	3.381	0.795	1	high	3
7qneG	5	3	21	0.926	0.881	2.781	2.277	0.836	1	high	3
7qneG	1	4	16	0.877	0.848	2.687	2.167	0.834	1	high	3
7qneG	2	4	22	0.958	0.856	2.311	1.999	0.832	1	high	3
7qneG	3	4	23	0.799	0.864	2.233	1.758	0.859	1	high	3
7qneG	4	4	24	13.63	0.617	29.322	27.496	0.236	1	incorrect	3
7qneG	5	4	25	1.076	0.831	2.073	2.054	0.812	1	medium	3
7r24C	2	0	1	8.468	0.189	22.354	18.53	0.115	0	incorrect	0
7r24C	3	0	2	12.224	0.0	26.969	22.664	0.035	0	incorrect	0
7r24C	4	0	3	9.729	0.132	35.406	20.364	0.07	0	incorrect	0
7r24C	5	0	4	10.946	0.075	23.515	20.554	0.07	0	incorrect	0
7r24C	1	0	9	9.753	0.057	29.699	19.405	0.052	0	incorrect	0
7r24C	2	1	5	10.727	0.075	39.529	23.779	0.046	0	incorrect	0
7r24C	3	1	6	14.608	0.0	46.38	26.893	0.014	0	incorrect	0
7r24C	4	1	7	9.952	0.038	35.627	20.84	0.038	0	incorrect	0
7r24C	5	1	8	10.159	0.019	22.619	19.11	0.055	0	incorrect	0
7r24C	1	1	10	14.758	0.094	47.87	25.731	0.045	0	incorrect	0
7r24C	1	2	11	9.697	0.113	23.98	21.172	0.083	0	incorrect	0
7r24C	2	2	13	15.339	0.0	34.003	31.928	0.023	0	incorrect	0
7r24C	3	2	14	16.501	0.0	39.664	38.478	0.017	0	incorrect	0
7r24C	4	2	15	9.623	0.038	34.568	20.502	0.039	0	incorrect	0
7r24C	5	2	16	8.448	0.094	23.451	19.0	0.08	0	incorrect	0
7r24C	1	3	12	14.422	0.038	46.234	26.703	0.027	0	incorrect	0
7r24C	2	3	18	13.925	0.0	38.54	33.319	0.019	0	incorrect	0
7r24C	3	3	19	13.541	0.0	32.644	25.137	0.025	0	incorrect	0
7r24C	4	3	20	8.833	0.132	34.052	20.061	0.073	0	incorrect	0
7r24C	5	3	21	14.995	0.0	35.27	27.232	0.022	0	incorrect	0
7r24C	1	4	17	16.027	0.0	48.309	24.744	0.013	0	incorrect	0
7r24C	2	4	22	24.759	0.0	43.774	45.987	0.013	0	incorrect	0
7r24C	3	4	23	18.411	0.0	42.755	41.992	0.015	0	incorrect	0
7r24C	4	4	24	25.128	0.0	43.378	47.099	0.014	0	incorrect	0
7r24C	5	4	25	19.127	0.0	40.714	39.439	0.016	0	incorrect	0
7r24E	2	0	1	1.33	0.847	21.5	1.779	0.514	1	medium	2
7r24E	3	0	2	0.827	0.861	5.282	0.964	0.783	1	high	3
7r24E	4	0	3	0.943	0.847	5.385	1.255	0.759	1	high	3
7r24E	5	0	4	2.032	0.819	20.681	3.022	0.439	1	acceptable	3
7r24E	1	0	5	0.742	0.875	6.501	0.927	0.77	1	high	3
7r24E	2	1	10	0.867	0.875	5.19	1.135	0.784	1	high	3
7r24E	3	1	11	1.954	0.806	20.087	3.146	0.443	1	medium	3
7r24E	4	1	12	1.574	0.792	24.506	2.214	0.458	1	medium	3
7r24E	5	1	13	0.883	0.833	5.742	1.325	0.754	1	high	3
7r24E	1	1	24	0.817	0.847	4.814	1.052	0.792	1	high	3
7r24E	2	2	6	0.867	0.806	6.949	1.101	0.718	1	high	3
7r24E	3	2	7	0.895	0.833	4.641	1.176	0.78	1	high	3
7r24E	4	2	8	0.838	0.847	8.781	1.227	0.698	1	high	3
7r24E	5	2	9	1.754	0.847	21.074	2.601	0.47	1	medium	3
7r24E	1	2	23	0.878	0.861	5.276	1.08	0.776	1	high	3
7r24E	2	3	14	0.761	0.875	2.863	0.954	0.856	1	high	3
7r24E	3	3	15	0.89	0.875	4.365	1.197	0.802	1	high	3
7r24E	4	3	16	0.789	0.875	4.836	0.939	0.805	1	high	3
7r24E	5	3	17	0.689	0.875	7.371	0.841	0.757	1	high	3
7r24E	1	3	18	0.741	0.875	3.587	1.029	0.843	1	high	3
7r24E	2	4	19	0.794	0.861	3.091	1.006	0.842	1	high	3
7r24E	3	4	20	1.711	0.806	22.125	2.378	0.456	1	medium	3
7r24E	4	4	21	0.735	0.861	3.768	0.811	0.834	1	high	3
7r24E	5	4	22	0.861	0.861	4.169	1.248	0.807	1	high	3
7r24E	1	4	25	0.799	0.861	4.862	0.993	0.798	1	high	3
7t5fF	1	0	1	21.431	0.0	34.704	42.983	0.02	0	incorrect	0
7t5fF	2	0	7	22.178	0.0	35.31	44.817	0.02	0	incorrect	0
7t5fF	3	0	8	16.344	0.0	38.281	34.053	0.018	0	incorrect	0
7t5fF	4	0	9	23.708	0.0	35.847	48.909	0.019	0	incorrect	0
7t5fF	5	0	10	16.534	0.0	34.689	32.894	0.022	0	incorrect	0
7t5fF	1	1	2	5.708	0.26	21.422	10.703	0.154	0	incorrect	0
7t5fF	2	1	3	14.646	0.0	35.004	31.384	0.022	0	incorrect	0
7t5fF	3	1	4	6.296	0.16	16.308	11.401	0.142	0	incorrect	0
7t5fF	4	1	5	7.081	0.16	33.213	13.195	0.088	0	incorrect	0
7t5fF	5	1	6	26.689	0.0	40.358	52.553	0.015	0	incorrect	0
7t5fF	1	2	16	11.15	0.02	29.227	21.582	0.039	0	incorrect	0
7t5fF	2	2	17	17.957	0.0	41.878	37.525	0.015	0	incorrect	0
7t5fF	3	2	18	11.83	0.06	32.588	21.225	0.047	0	incorrect	0
7t5fF	4	2	19	8.199	0.18	29.911	15.415	0.096	0	incorrect	0
7t5fF	5	2	20	21.989	0.0	39.265	42.922	0.016	0	incorrect	0
7t5fF	2	3	11	8.388	0.06	24.27	16.543	0.067	0	incorrect	0
7t5fF	3	3	12	23.713	0.0	42.522	47.108	0.014	0	incorrect	0
7t5fF	4	3	13	14.967	0.0	41.713	28.165	0.017	0	incorrect	0
7t5fF	5	3	14	18.086	0.0	32.952	39.895	0.023	0	incorrect	0
7t5fF	1	3	15	10.705	0.12	34.124	19.432	0.066	0	incorrect	0
7t5fF	1	4	21	19.218	0.0	54.8	50.474	0.01	0	incorrect	0
7t5fF	2	4	22	23.969	0.0	36.093	48.423	0.019	0	incorrect	0
7t5fF	3	4	23	14.098	0.0	45.901	25.352	0.015	0	incorrect	0
7t5fF	4	4	24	13.283	0.0	30.914	33.269	0.028	0	incorrect	0
7t5fF	5	4	25	17.786	0.0	68.24	49.405	0.007	0	incorrect	0
7tgfB	1	0	1	1.325	0.789	4.808	3.141	0.703	1	medium	2
7tgfB	2	0	18	1.504	0.772	5.076	3.48	0.669	1	medium	2
7tgfB	3	0	19	1.381	0.772	4.843	3.279	0.689	1	medium	2
7tgfB	4	0	20	1.351	0.789	4.36	3.084	0.711	1	medium	2
7tgfB	5	0	21	1.428	0.737	5.05	3.399	0.667	1	medium	2
7tgfB	1	1	6	1.322	0.772	4.76	3.118	0.699	1	medium	2
7tgfB	2	1	7	1.369	0.772	4.383	3.138	0.703	1	medium	2
7tgfB	3	1	8	1.25	0.789	4.3	2.95	0.725	1	medium	2
7tgfB	4	1	9	1.388	0.789	5.104	3.222	0.688	1	medium	2
7tgfB	5	1	10	1.403	0.754	5.207	3.403	0.672	1	medium	2
7tgfB	2	2	11	1.496	0.754	5.274	3.45	0.659	1	medium	2
7tgfB	3	2	12	1.225	0.772	4.502	2.834	0.718	1	medium	2
7tgfB	4	2	13	1.39	0.807	4.883	3.336	0.699	1	medium	2
7tgfB	5	2	14	1.39	0.772	4.917	3.301	0.686	1	medium	2
7tgfB	1	2	15	1.408	0.772	5.382	3.288	0.672	1	medium	2
7tgfB	2	3	2	1.501	0.807	5.022	3.32	0.683	1	medium	2
7tgfB	3	3	3	1.286	0.754	4.602	2.956	0.701	1	medium	2
7tgfB	4	3	4	1.407	0.772	4.63	3.418	0.692	1	medium	2
7tgfB	5	3	5	1.387	0.737	4.828	3.274	0.677	1	medium	2
7tgfB	1	3	17	1.425	0.772	4.959	3.377	0.681	1	medium	2
7tgfB	1	4	16	1.229	0.772	4.568	2.798	0.715	1	medium	2
7tgfB	2	4	22	1.503	0.789	5.319	3.351	0.669	1	medium	2
7tgfB	3	4	23	1.267	0.789	4.329	2.87	0.722	1	medium	2
7tgfB	4	4	24	1.399	0.772	4.779	3.218	0.689	1	medium	2
7tgfB	5	4	25	1.238	0.825	4.41	2.895	0.736	1	medium	2
7tgiB	2	0	1	0.94	0.875	4.162	2.245	0.8	1	high	3
7tgiB	3	0	2	1.012	0.857	4.39	2.374	0.778	1	medium	3
7tgiB	4	0	3	0.808	0.893	3.102	1.755	0.85	1	high	3
7tgiB	5	0	4	1.429	0.625	3.75	2.53	0.662	1	medium	3
7tgiB	1	0	17	0.892	0.857	3.371	1.932	0.82	1	high	3
7tgiB	2	1	5	1.067	0.875	4.502	2.483	0.773	1	medium	3
7tgiB	3	1	6	0.949	0.875	3.925	2.188	0.805	1	high	3
7tgiB	4	1	7	0.99	0.821	4.272	2.303	0.772	1	high	3
7tgiB	5	1	8	1.829	0.589	6.033	3.796	0.552	1	medium	3
7tgiB	1	1	19	0.751	0.857	2.911	1.622	0.851	1	high	3
7tgiB	2	2	13	0.936	0.875	3.47	2.154	0.817	1	high	3
7tgiB	3	2	14	1.019	0.893	4.101	2.343	0.796	1	medium	3
7tgiB	4	2	15	0.918	0.857	3.972	2.191	0.802	1	high	3
7tgiB	5	2	16	1.848	0.589	5.624	3.815	0.561	1	medium	3
7tgiB	1	2	20	0.914	0.875	3.59	2.042	0.818	1	high	3
7tgiB	1	3	18	0.88	0.875	3.906	2.072	0.815	1	high	3
7tgiB	2	3	22	1.109	0.857	5.13	2.753	0.746	1	medium	3
7tgiB	3	3	23	1.021	0.893	4.53	2.436	0.785	1	medium	3
7tgiB	4	3	24	0.873	0.821	3.835	2.058	0.8	1	high	3
7tgiB	5	3	25	2.701	0.482	8.226	6.25	0.411	1	acceptable	3
7tgiB	2	4	9	0.944	0.839	4.142	2.24	0.788	1	high	3
7tgiB	3	4	10	0.917	0.875	4.082	2.144	0.805	1	high	3
7tgiB	4	4	11	0.985	0.893	4.363	2.379	0.794	1	high	3
7tgiB	5	4	12	16.887	0.0	24.24	29.686	0.039	1	incorrect	3
7tgiB	1	4	21	0.822	0.875	2.501	1.768	0.855	1	high	3
7th2C	2	0	1	5.145	0.25	13.234	11.599	0.207	0	incorrect	0
7th2C	3	0	2	4.807	0.203	14.159	11.361	0.186	0	incorrect	0
7th2C	4	0	3	1.699	0.531	6.219	3.366	0.54	1	medium	2
7th2C	5	0	4	6.731	0.188	26.032	17.031	0.11	1	incorrect	2
7th2C	1	0	13	8.288	0.234	30.676	20.967	0.112	1	incorrect	2
7th2C	2	1	5	4.818	0.141	17.208	11.813	0.142	1	incorrect	2
7th2C	3	1	6	7.116	0.25	27.795	18.262	0.126	1	incorrect	2
7th2C	4	1	7	4.982	0.203	16.472	11.874	0.166	1	incorrect	2
7th2C	5	1	8	5.061	0.25	13.922	11.518	0.201	1	incorrect	2
7th2C	1	1	14	9.894	0.078	36.988	26.478	0.05	1	incorrect	2
7th2C	2	2	15	20.651	0.0	32.307	37.445	0.023	1	incorrect	2
7th2C	3	2	16	3.505	0.297	8.075	7.478	0.326	1	acceptable	2
7th2C	4	2	17	4.383	0.281	11.336	9.973	0.249	1	incorrect	2
7th2C	5	2	18	4.554	0.234	17.646	11.959	0.174	1	incorrect	2
7th2C	1	2	23	20.795	0.0	30.401	35.577	0.026	1	incorrect	2
7th2C	2	3	9	20.211	0.0	31.263	35.057	0.025	1	incorrect	2
7th2C	3	3	10	7.029	0.109	18.231	16.117	0.11	1	incorrect	2
7th2C	4	3	11	15.688	0.0	38.552	26.119	0.018	1	incorrect	2
7th2C	5	3	12	4.761	0.234	13.277	11.3	0.205	1	incorrect	2
7th2C	1	3	24	16.103	0.047	32.796	29.753	0.039	1	incorrect	2
7th2C	2	4	19	15.455	0.0	27.345	25.571	0.032	1	incorrect	2
7th2C	3	4	20	20.354	0.0	30.097	34.823	0.026	1	incorrect	2
7th2C	4	4	21	18.152	0.0	30.362	34.047	0.026	1	incorrect	2
7th2C	5	4	22	20.531	0.0	35.079	36.195	0.02	1	incorrect	2
7th2C	1	4	25	19.659	0.0	30.951	33.581	0.025	1	incorrect	2
7tprE	2	0	5	6.186	0.041	85.187	8.219	0.035	0	incorrect	0
7tprE	3	0	6	5.177	0.365	66.729	7.353	0.153	0	incorrect	0
7tprE	4	0	7	8.702	0.095	106.515	16.34	0.043	0	incorrect	0
7tprE	5	0	8	8.834	0.122	117.166	18.722	0.052	0	incorrect	0
7tprE	1	0	9	7.316	0.081	118.094	11.757	0.042	0	incorrect	0
7tprE	1	1	11	4.772	0.297	62.881	4.91	0.135	0	incorrect	0
7tprE	2	1	14	10.744	0.081	116.935	22.476	0.035	0	incorrect	0
7tprE	3	1	15	5.595	0.338	67.699	8.531	0.14	0	incorrect	0
7tprE	4	1	16	39.397	0.0	124.423	82.145	0.002	0	incorrect	0
7tprE	5	1	17	10.261	0.027	97.051	19.066	0.019	0	incorrect	0
7tprE	2	2	1	38.869	0.0	125.5	77.788	0.002	0	incorrect	0
7tprE	3	2	2	5.551	0.324	67.114	7.941	0.136	0	incorrect	0
7tprE	4	2	3	41.008	0.0	131.395	85.551	0.002	0	incorrect	0
7tprE	5	2	4	7.443	0.095	114.977	13.268	0.046	0	incorrect	0
7tprE	1	2	10	9.304	0.041	116.186	16.135	0.024	0	incorrect	0
7tprE	1	3	12	39.714	0.0	109.048	76.374	0.002	0	incorrect	0
7tprE	2	3	18	15.313	0.0	78.804	27.257	0.007	0	incorrect	0
7tprE	3	3	19	5.262	0.365	62.934	7.138	0.153	0	incorrect	0
7tprE	4	3	20	16.799	0.0	113.853	28.767	0.004	0	incorrect	0
7tprE	5	3	21	9.118	0.108	105.255	18.194	0.047	0	incorrect	0
7tprE	1	4	13	25.947	0.0	107.37	48.992	0.003	0	incorrect	0
7tprE	2	4	22	43.575	0.0	105.055	89.09	0.003	0	incorrect	0
7tprE	3	4	23	5.493	0.405	65.508	8.083	0.164	0	incorrect	0
7tprE	4	4	24	28.296	0.0	109.536	54.266	0.003	0	incorrect	0
7tprE	5	4	25	27.933	0.0	124.526	52.197	0.003	0	incorrect	0
7ubxC	2	0	5	16.933	0.0	37.863	35.312	0.019	1	incorrect	3
7ubxC	3	0	6	18.934	0.0	48.663	45.461	0.012	1	incorrect	3
7ubxC	4	0	7	19.977	0.0	47.099	34.628	0.012	1	incorrect	3
7ubxC	5	0	8	0.703	0.97	1.49	0.672	0.92	1	high	3
7ubxC	1	0	9	21.334	0.0	53.467	48.831	0.01	1	incorrect	3
7ubxC	2	1	1	12.326	0.0	20.186	22.931	0.055	0	incorrect	0
7ubxC	3	1	2	21.762	0.0	43.8	44.17	0.014	0	incorrect	0
7ubxC	4	1	3	19.404	0.0	44.975	33.534	0.013	0	incorrect	0
7ubxC	5	1	4	0.745	0.955	1.691	0.916	0.906	1	high	3
7ubxC	1	1	15	24.852	0.0	53.035	50.739	0.01	1	incorrect	3
7ubxC	2	2	10	18.782	0.0	44.41	34.7	0.014	1	incorrect	3
7ubxC	3	2	11	28.443	0.0	51.499	55.273	0.01	1	incorrect	3
7ubxC	4	2	12	19.302	0.0	52.842	47.631	0.01	1	incorrect	3
7ubxC	5	2	13	0.698	0.97	1.349	0.76	0.922	1	high	3
7ubxC	1	2	16	20.125	0.0	48.486	34.559	0.012	1	incorrect	3
7ubxC	1	3	14	28.761	0.0	55.298	54.405	0.009	1	incorrect	3
7ubxC	2	3	22	17.596	0.0	40.006	37.102	0.017	1	incorrect	3
7ubxC	3	3	23	22.691	0.0	42.226	41.276	0.014	1	incorrect	3
7ubxC	4	3	24	22.592	0.0	55.486	50.873	0.009	1	incorrect	3
7ubxC	5	3	25	0.714	0.97	1.786	0.848	0.914	1	high	3
7ubxC	1	4	17	27.21	0.0	48.463	52.136	0.011	1	incorrect	3
7ubxC	2	4	18	14.265	0.0	37.125	31.529	0.02	1	incorrect	3
7ubxC	3	4	19	23.887	0.0	46.648	49.287	0.012	1	incorrect	3
7ubxC	4	4	20	28.792	0.0	51.992	54.713	0.01	1	incorrect	3
7ubxC	5	4	21	0.717	0.97	1.761	0.901	0.914	1	high	3
7uiaB	2	0	9	15.215	0.0	56.688	24.56	0.011	1	incorrect	2
7uiaB	3	0	10	1.864	0.695	2.433	2.423	0.671	1	medium	2
7uiaB	4	0	11	1.958	0.542	5.242	2.755	0.546	1	medium	2
7uiaB	5	0	12	1.822	0.627	4.901	2.632	0.594	1	medium	2
7uiaB	1	0	17	28.275	0.0	48.522	57.287	0.011	1	incorrect	2
7uiaB	2	1	5	15.587	0.0	35.608	26.347	0.021	1	incorrect	2
7uiaB	3	1	6	1.845	0.746	4.162	2.481	0.65	1	medium	2
7uiaB	4	1	7	1.931	0.729	4.266	2.588	0.635	1	medium	2
7uiaB	5	1	8	1.872	0.661	4.011	2.603	0.623	1	medium	2
7uiaB	1	1	19	18.708	0.0	37.911	40.704	0.018	1	incorrect	2
7uiaB	1	2	18	13.863	0.0	39.324	30.33	0.019	1	incorrect	2
7uiaB	2	2	22	20.704	0.0	45.671	51.243	0.013	1	incorrect	2
7uiaB	3	2	23	1.856	0.746	3.609	2.422	0.663	1	medium	2
7uiaB	4	2	24	1.862	0.661	4.478	2.531	0.612	1	medium	2
7uiaB	5	2	25	1.882	0.678	5.129	2.485	0.6	1	medium	2
7uiaB	2	3	1	21.154	0.0	48.764	54.062	0.011	0	incorrect	0
7uiaB	3	3	2	1.914	0.746	5.872	2.647	0.601	1	medium	2
7uiaB	4	3	3	1.945	0.695	5.508	2.845	0.591	1	medium	2
7uiaB	5	3	4	1.876	0.695	5.357	2.716	0.6	1	medium	2
7uiaB	1	3	20	27.217	0.0	48.163	54.989	0.011	1	incorrect	2
7uiaB	2	4	13	14.795	0.0	23.939	33.495	0.041	1	incorrect	2
7uiaB	3	4	14	1.872	0.644	5.039	2.644	0.592	1	medium	2
7uiaB	4	4	15	1.913	0.763	6.454	2.707	0.593	1	medium	2
7uiaB	5	4	16	1.929	0.576	5.181	2.715	0.561	1	medium	2
7uiaB	1	4	21	8.701	0.102	51.106	16.373	0.052	1	incorrect	2
7unzA	2	0	9	2.171	0.607	9.642	2.695	0.456	1	acceptable	2
7unzA	3	0	10	30.823	0.0	42.693	61.887	0.013	1	incorrect	2
7unzA	4	0	11	9.476	0.0	46.341	20.079	0.019	1	incorrect	2
7unzA	5	0	12	1.785	0.75	7.527	3.328	0.575	1	medium	2
7unzA	1	0	18	8.298	0.036	38.993	15.86	0.038	1	incorrect	2
7unzA	2	1	5	2.615	0.536	9.603	3.829	0.408	1	acceptable	1
7unzA	3	1	6	10.614	0.107	45.399	23.931	0.054	1	incorrect	1
7unzA	4	1	7	9.416	0.0	44.125	18.905	0.02	1	incorrect	1
7unzA	5	1	8	2.775	0.482	4.159	3.216	0.505	1	medium	2
7unzA	1	1	17	11.202	0.018	34.315	21.35	0.031	1	incorrect	2
7unzA	2	2	1	7.0	0.268	18.581	15.77	0.162	0	incorrect	0
7unzA	3	2	2	11.669	0.0	47.599	23.144	0.016	0	incorrect	0
7unzA	4	2	3	9.601	0.0	47.66	20.506	0.018	0	incorrect	0
7unzA	5	2	4	4.065	0.446	16.934	6.58	0.256	0	incorrect	0
7unzA	1	2	24	12.745	0.0	46.144	27.424	0.015	1	incorrect	2
7unzA	2	3	13	6.305	0.054	39.628	18.13	0.05	1	incorrect	2
7unzA	3	3	14	16.691	0.0	39.47	30.375	0.017	1	incorrect	2
7unzA	4	3	15	9.829	0.125	54.984	20.997	0.057	1	incorrect	2
7unzA	5	3	16	6.748	0.161	30.005	14.515	0.094	1	incorrect	2
7unzA	1	3	23	16.302	0.0	43.989	41.665	0.015	1	incorrect	2
7unzA	2	4	19	15.163	0.0	46.763	33.614	0.014	1	incorrect	2
7unzA	3	4	20	17.459	0.0	38.31	39.232	0.018	1	incorrect	2
7unzA	4	4	21	24.057	0.0	55.264	62.648	0.009	1	incorrect	2
7unzA	5	4	22	8.362	0.018	34.546	15.392	0.035	1	incorrect	2
7unzA	1	4	25	27.111	0.0	37.069	52.518	0.018	1	incorrect	2
7voaA	2	0	1	13.638	0.058	44.307	24.385	0.035	0	incorrect	0
7voaA	3	0	2	12.585	0.096	45.383	23.047	0.048	0	incorrect	0
7voaA	4	0	3	13.986	0.058	43.388	24.394	0.035	0	incorrect	0
7voaA	5	0	4	12.831	0.096	45.859	23.268	0.048	0	incorrect	0
7voaA	1	0	5	13.761	0.019	41.178	24.118	0.024	0	incorrect	0
7voaA	1	1	6	13.941	0.019	43.427	24.71	0.023	0	incorrect	0
7voaA	2	1	13	13.566	0.038	39.955	23.934	0.031	0	incorrect	0
7voaA	3	1	14	16.537	0.0	41.781	32.407	0.016	0	incorrect	0
7voaA	4	1	15	13.924	0.058	41.277	23.959	0.037	0	incorrect	0
7voaA	5	1	16	10.41	0.115	41.945	24.057	0.058	0	incorrect	0
7voaA	1	2	7	10.989	0.096	43.313	25.124	0.051	0	incorrect	0
7voaA	2	2	9	13.274	0.077	35.894	24.062	0.048	0	incorrect	0
7voaA	3	2	10	16.712	0.0	39.195	33.804	0.018	0	incorrect	0
7voaA	4	2	11	13.572	0.096	45.172	24.002	0.047	0	incorrect	0
7voaA	5	2	12	16.738	0.0	39.933	35.777	0.017	0	incorrect	0
7voaA	1	3	8	11.957	0.096	46.311	25.511	0.048	0	incorrect	0
7voaA	2	3	18	8.703	0.058	38.045	17.803	0.045	0	incorrect	0
7voaA	3	3	19	9.954	0.0	22.315	21.552	0.05	0	incorrect	0
7voaA	4	3	20	14.014	0.038	42.667	24.478	0.029	0	incorrect	0
7voaA	5	3	21	20.785	0.0	38.748	37.964	0.017	0	incorrect	0
7voaA	1	4	17	13.0	0.077	36.756	23.849	0.047	0	incorrect	0
7voaA	2	4	22	21.325	0.0	36.419	41.858	0.019	0	incorrect	0
7voaA	3	4	23	18.279	0.0	40.608	38.974	0.016	0	incorrect	0
7voaA	4	4	24	16.648	0.0	37.968	33.653	0.019	0	incorrect	0
7voaA	5	4	25	20.541	0.0	42.096	42.743	0.015	0	incorrect	0
7w1sB	2	0	9	1.879	0.727	5.037	4.808	0.619	1	medium	2
7w1sB	3	0	10	10.994	0.136	25.084	21.861	0.086	1	incorrect	2
7w1sB	4	0	11	2.031	0.614	8.064	4.19	0.498	1	acceptable	2
7w1sB	5	0	12	3.034	0.568	9.838	6.516	0.397	1	acceptable	2
7w1sB	1	0	20	11.02	0.114	26.144	22.018	0.076	1	incorrect	2
7w1sB	2	1	5	16.231	0.0	32.653	38.657	0.024	0	incorrect	0
7w1sB	3	1	6	11.165	0.114	25.622	22.044	0.077	0	incorrect	0
7w1sB	4	1	7	1.937	0.727	5.142	4.624	0.611	1	medium	2
7w1sB	5	1	8	3.79	0.432	9.134	9.054	0.344	1	acceptable	2
7w1sB	1	1	17	11.095	0.114	25.711	22.053	0.077	1	incorrect	2
7w1sB	2	2	13	9.701	0.114	21.421	20.969	0.091	1	incorrect	2
7w1sB	3	2	14	11.236	0.114	24.951	21.982	0.078	1	incorrect	2
7w1sB	4	2	15	10.927	0.136	24.638	21.9	0.087	1	incorrect	2
7w1sB	5	2	16	11.133	0.114	25.382	22.032	0.077	1	incorrect	2
7w1sB	1	2	18	10.909	0.114	24.599	21.698	0.08	1	incorrect	2
7w1sB	2	3	1	14.141	0.023	28.5	30.255	0.039	0	incorrect	0
7w1sB	3	3	2	10.974	0.114	24.515	21.879	0.08	0	incorrect	0
7w1sB	4	3	3	16.108	0.0	33.002	39.017	0.024	0	incorrect	0
7w1sB	5	3	4	10.913	0.114	25.509	21.772	0.077	0	incorrect	0
7w1sB	1	3	19	11.045	0.136	25.52	21.975	0.085	1	incorrect	2
7w1sB	2	4	21	18.359	0.0	31.428	35.444	0.025	1	incorrect	2
7w1sB	3	4	22	10.967	0.136	24.964	22.024	0.086	1	incorrect	2
7w1sB	4	4	23	17.787	0.0	30.011	35.598	0.027	1	incorrect	2
7w1sB	5	4	24	7.714	0.045	20.058	18.078	0.078	1	incorrect	2
7w1sB	1	4	25	20.839	0.0	35.038	44.761	0.02	1	incorrect	2
7wd2D	1	0	9	4.008	0.649	14.071	8.496	0.346	1	incorrect	3
7wd2D	2	0	14	0.581	0.912	2.665	1.133	0.897	1	high	3
7wd2D	3	0	15	4.559	0.632	15.262	9.317	0.322	1	incorrect	3
7wd2D	4	0	16	0.531	0.93	2.838	1.151	0.906	1	high	3
7wd2D	5	0	17	4.653	0.614	15.344	9.491	0.314	1	incorrect	3
7wd2D	2	1	5	0.545	0.912	2.197	1.073	0.911	1	high	3
7wd2D	3	1	6	4.521	0.614	15.05	9.603	0.318	1	incorrect	3
7wd2D	4	1	7	0.692	0.912	2.672	1.261	0.882	1	high	3
7wd2D	5	1	8	4.21	0.614	12.587	8.062	0.347	1	incorrect	3
7wd2D	1	1	10	4.98	0.632	15.599	9.818	0.315	1	incorrect	3
7wd2D	1	2	11	4.568	0.632	15.008	9.131	0.324	1	incorrect	3
7wd2D	2	2	18	0.543	0.912	2.395	1.103	0.908	1	high	3
7wd2D	3	2	19	5.379	0.544	20.334	12.206	0.255	1	incorrect	3
7wd2D	4	2	20	0.545	0.912	2.263	1.006	0.91	1	high	3
7wd2D	5	2	21	4.434	0.684	14.339	8.857	0.349	1	incorrect	3
7wd2D	2	3	1	0.538	0.912	2.408	1.142	0.908	1	high	3
7wd2D	3	3	2	10.442	0.035	33.523	21.426	0.039	1	incorrect	3
7wd2D	4	3	3	0.605	0.912	2.216	1.093	0.903	1	high	3
7wd2D	5	3	4	5.591	0.579	20.81	12.637	0.263	1	incorrect	3
7wd2D	1	3	12	4.493	0.667	14.275	8.925	0.343	1	incorrect	3
7wd2D	1	4	13	2.923	0.649	9.252	5.556	0.438	1	acceptable	3
7wd2D	2	4	22	0.485	0.912	1.556	0.815	0.928	1	high	3
7wd2D	3	4	23	17.773	0.0	32.509	32.327	0.024	1	incorrect	3
7wd2D	4	4	24	0.539	0.912	1.878	0.886	0.917	1	high	3
7wd2D	5	4	25	6.708	0.474	28.405	17.835	0.201	1	incorrect	3
7whiG	1	0	5	15.347	0.0	109.166	27.492	0.005	0	incorrect	0
7whiG	2	0	6	17.401	0.0	121.817	33.101	0.004	0	incorrect	0
7whiG	3	0	7	17.014	0.0	118.597	31.366	0.004	0	incorrect	0
7whiG	4	0	8	17.338	0.0	123.554	32.881	0.004	0	incorrect	0
7whiG	5	0	9	17.368	0.0	112.282	32.095	0.004	0	incorrect	0
7whiG	2	1	1	14.733	0.0	109.221	27.103	0.005	0	incorrect	0
7whiG	3	1	2	15.828	0.0	117.895	29.503	0.005	0	incorrect	0
7whiG	4	1	3	24.903	0.0	77.988	58.686	0.005	0	incorrect	0
7whiG	5	1	4	16.307	0.0	117.064	30.144	0.005	0	incorrect	0
7whiG	1	1	10	14.533	0.0	106.051	27.222	0.006	0	incorrect	0
7whiG	2	2	15	15.143	0.0	110.165	27.312	0.005	0	incorrect	0
7whiG	3	2	16	15.394	0.0	118.533	28.867	0.005	0	incorrect	0
7whiG	4	2	17	24.265	0.0	91.707	58.132	0.004	0	incorrect	0
7whiG	5	2	18	30.25	0.0	66.358	60.134	0.006	0	incorrect	0
7whiG	1	2	19	52.147	0.0	128.239	105.117	0.002	0	incorrect	0
7whiG	2	3	11	29.793	0.0	64.943	59.497	0.006	0	incorrect	0
7whiG	3	3	12	16.97	0.0	120.545	31.255	0.004	0	incorrect	0
7whiG	4	3	13	38.62	0.0	90.162	82.087	0.003	0	incorrect	0
7whiG	5	3	14	31.458	0.0	98.678	67.546	0.003	0	incorrect	0
7whiG	1	3	20	46.602	0.0	93.612	95.748	0.003	0	incorrect	0
7whiG	1	4	21	25.251	0.0	96.689	58.835	0.004	0	incorrect	0
7whiG	2	4	22	22.222	0.0	101.276	51.764	0.004	0	incorrect	0
7whiG	3	4	23	25.21	0.0	85.483	59.311	0.004	0	incorrect	0
7whiG	4	4	24	26.598	0.0	104.85	56.394	0.003	0	incorrect	0
7whiG	5	4	25	14.093	0.0	133.355	23.194	0.005	0	incorrect	0
7wkiB	1	0	1	15.05	0.0	37.87	35.741	0.019	0	incorrect	0
7wkiB	2	0	2	15.523	0.0	37.358	37.739	0.019	0	incorrect	0
7wkiB	3	0	3	14.364	0.0	34.339	35.001	0.023	0	incorrect	0
7wkiB	4	0	4	14.695	0.0	37.338	34.799	0.02	0	incorrect	0
7wkiB	5	0	5	16.067	0.0	38.212	39.518	0.019	0	incorrect	0
7wkiB	1	1	10	14.289	0.0	39.434	31.531	0.018	0	incorrect	0
7wkiB	2	1	15	5.478	0.269	34.409	14.171	0.132	0	incorrect	0
7wkiB	3	1	16	12.068	0.0	30.293	28.344	0.029	0	incorrect	0
7wkiB	4	1	17	5.955	0.269	34.495	14.802	0.129	0	incorrect	0
7wkiB	5	1	18	15.382	0.0	36.586	37.269	0.02	0	incorrect	0
7wkiB	2	2	11	11.887	0.0	28.545	28.245	0.032	0	incorrect	0
7wkiB	3	2	12	19.88	0.0	37.938	43.101	0.018	0	incorrect	0
7wkiB	4	2	13	9.134	0.019	20.932	18.517	0.062	0	incorrect	0
7wkiB	5	2	14	15.084	0.0	36.352	36.755	0.021	0	incorrect	0
7wkiB	1	2	19	16.995	0.0	35.444	37.593	0.021	0	incorrect	0
7wkiB	2	3	6	6.704	0.135	33.81	13.719	0.081	0	incorrect	0
7wkiB	3	3	7	14.139	0.0	37.401	32.267	0.02	0	incorrect	0
7wkiB	4	3	8	5.243	0.269	28.747	10.775	0.142	0	incorrect	0
7wkiB	5	3	9	4.849	0.25	26.181	9.467	0.144	0	incorrect	0
7wkiB	1	3	24	5.503	0.192	30.773	12.985	0.111	0	incorrect	0
7wkiB	2	4	20	19.752	0.0	41.309	46.589	0.015	0	incorrect	0
7wkiB	3	4	21	10.552	0.058	33.755	20.858	0.046	0	incorrect	0
7wkiB	4	4	22	5.09	0.154	22.974	13.191	0.118	0	incorrect	0
7wkiB	5	4	23	12.11	0.0	35.019	24.849	0.024	0	incorrect	0
7wkiB	1	4	25	25.201	0.0	49.154	60.529	0.011	0	incorrect	0
7x2jB	1	0	1	0.651	0.846	3.087	1.454	0.857	1	high	3
7x2jB	2	0	18	1.076	0.831	3.908	2.204	0.772	1	medium	3
7x2jB	3	0	19	1.074	0.8	2.662	1.947	0.791	1	medium	3
7x2jB	4	0	20	0.741	0.815	2.502	1.468	0.847	1	high	3
7x2jB	5	0	21	5.269	0.092	20.509	14.218	0.105	1	incorrect	3
7x2jB	1	1	3	0.678	0.877	2.639	1.319	0.873	1	high	3
7x2jB	2	1	6	1.054	0.785	2.728	1.635	0.787	1	medium	3
7x2jB	3	1	7	1.217	0.815	2.726	2.074	0.775	1	medium	3
7x2jB	4	1	8	0.443	0.908	2.592	1.217	0.914	1	high	3
7x2jB	5	1	9	3.154	0.415	11.573	6.791	0.317	1	acceptable	3
7x2jB	1	2	4	0.695	0.877	2.591	1.501	0.872	1	high	3
7x2jB	2	2	14	1.62	0.723	4.713	2.911	0.65	1	medium	3
7x2jB	3	2	15	1.342	0.677	4.447	2.514	0.672	1	medium	3
7x2jB	4	2	16	0.737	0.877	2.572	1.415	0.866	1	high	3
7x2jB	5	2	17	5.456	0.123	21.891	15.229	0.108	1	incorrect	3
7x2jB	1	3	2	0.865	0.831	2.001	1.281	0.843	1	high	3
7x2jB	2	3	10	1.244	0.769	3.111	2.24	0.748	1	medium	3
7x2jB	3	3	11	11.737	0.123	36.51	23.49	0.064	1	incorrect	3
7x2jB	4	3	12	0.474	0.877	2.617	1.233	0.9	1	high	3
7x2jB	5	3	13	8.581	0.123	25.617	18.305	0.084	1	incorrect	3
7x2jB	1	4	5	0.406	0.908	2.268	1.044	0.924	1	high	3
7x2jB	2	4	22	12.788	0.123	40.078	25.631	0.06	1	incorrect	3
7x2jB	3	4	23	14.332	0.0	31.538	22.141	0.026	1	incorrect	3
7x2jB	4	4	24	0.431	0.877	2.554	1.005	0.906	1	high	3
7x2jB	5	4	25	17.557	0.0	32.457	29.559	0.024	1	incorrect	3
7x2lB	1	0	2	0.812	0.9	4.631	1.31	0.815	1	high	3
7x2lB	2	0	14	0.756	0.92	4.432	1.124	0.834	1	high	3
7x2lB	3	0	15	9.198	0.1	29.249	18.1	0.068	1	incorrect	3
7x2lB	4	0	16	18.679	0.0	36.306	33.39	0.019	1	incorrect	3
7x2lB	5	0	17	10.107	0.18	29.936	20.039	0.092	1	incorrect	3
7x2lB	1	1	1	0.823	0.92	3.314	1.059	0.852	1	high	3
7x2lB	2	1	10	0.829	0.9	5.245	1.397	0.797	1	high	3
7x2lB	3	1	11	19.144	0.0	38.932	36.052	0.017	1	incorrect	3
7x2lB	4	1	12	18.647	0.0	35.317	33.121	0.02	1	incorrect	3
7x2lB	5	1	13	8.745	0.18	26.638	18.055	0.1	1	incorrect	3
7x2lB	1	2	3	0.748	0.88	4.522	1.373	0.82	1	high	3
7x2lB	2	2	5	0.806	0.94	5.079	1.403	0.818	1	high	3
7x2lB	3	2	6	18.662	0.0	35.681	32.996	0.02	1	incorrect	3
7x2lB	4	2	7	18.093	0.0	35.899	33.012	0.02	1	incorrect	3
7x2lB	5	2	8	8.956	0.18	28.004	20.118	0.097	1	incorrect	3
7x2lB	1	3	4	0.913	0.92	4.928	1.528	0.799	1	high	3
7x2lB	2	3	18	0.819	0.9	4.222	1.125	0.824	1	high	3
7x2lB	3	3	19	18.811	0.0	34.492	33.008	0.021	1	incorrect	3
7x2lB	4	3	20	6.653	0.18	21.956	17.527	0.12	1	incorrect	3
7x2lB	5	3	21	18.227	0.0	32.558	32.017	0.024	1	incorrect	3
7x2lB	1	4	9	0.853	0.9	4.54	1.223	0.811	1	high	3
7x2lB	2	4	22	0.844	0.88	5.197	1.254	0.789	1	high	3
7x2lB	3	4	23	13.155	0.0	37.272	23.762	0.021	1	incorrect	3
7x2lB	4	4	24	5.528	0.24	22.912	10.996	0.143	1	incorrect	3
7x2lB	5	4	25	13.304	0.0	30.076	19.703	0.029	1	incorrect	3
7x2mB	1	0	9	13.581	0.0	26.094	23.872	0.036	0	incorrect	0
7x2mB	2	0	17	14.385	0.0	27.869	24.424	0.032	0	incorrect	0
7x2mB	3	0	18	14.653	0.0	28.353	24.738	0.031	0	incorrect	0
7x2mB	4	0	19	13.376	0.0	26.582	23.25	0.035	0	incorrect	0
7x2mB	5	0	20	13.816	0.0	25.867	24.23	0.036	0	incorrect	0
7x2mB	2	1	1	13.213	0.0	25.326	23.28	0.038	0	incorrect	0
7x2mB	3	1	2	13.695	0.0	26.921	23.408	0.034	0	incorrect	0
7x2mB	4	1	3	13.435	0.0	26.593	23.354	0.035	0	incorrect	0
7x2mB	5	1	4	14.592	0.0	27.036	25.137	0.033	0	incorrect	0
7x2mB	1	1	10	12.991	0.0	25.2	22.53	0.038	0	incorrect	0
7x2mB	2	2	5	14.177	0.0	26.821	24.522	0.034	0	incorrect	0
7x2mB	3	2	6	14.33	0.021	32.335	26.465	0.032	0	incorrect	0
7x2mB	4	2	7	13.789	0.0	27.077	23.67	0.034	0	incorrect	0
7x2mB	5	2	8	13.836	0.0	25.812	24.337	0.036	0	incorrect	0
7x2mB	1	2	12	14.44	0.0	27.285	24.764	0.033	0	incorrect	0
7x2mB	1	3	11	14.516	0.0	32.386	25.396	0.025	0	incorrect	0
7x2mB	2	3	13	14.019	0.0	27.973	24.169	0.032	0	incorrect	0
7x2mB	3	3	14	16.169	0.0	35.463	28.352	0.021	0	incorrect	0
7x2mB	4	3	15	14.757	0.0	32.453	25.34	0.025	0	incorrect	0
7x2mB	5	3	16	14.528	0.0	27.336	25.05	0.033	0	incorrect	0
7x2mB	1	4	21	15.339	0.0	43.171	29.668	0.016	0	incorrect	0
7x2mB	2	4	22	14.256	0.0	27.738	24.325	0.032	0	incorrect	0
7x2mB	3	4	23	15.909	0.021	40.548	30.729	0.024	0	incorrect	0
7x2mB	4	4	24	10.568	0.125	31.535	21.345	0.071	0	incorrect	0
7x2mB	5	4	25	15.421	0.0	28.384	27.309	0.031	0	incorrect	0
7x7eA	1	0	1	10.892	0.015	44.598	26.371	0.023	0	incorrect	0
7x7eA	2	0	10	9.559	0.015	48.725	24.953	0.023	0	incorrect	0
7x7eA	3	0	11	11.732	0.015	42.257	27.368	0.023	0	incorrect	0
7x7eA	4	0	12	11.71	0.015	43.641	27.952	0.023	0	incorrect	0
7x7eA	5	0	13	11.422	0.015	42.191	26.731	0.024	0	incorrect	0
7x7eA	2	1	6	9.699	0.031	49.06	25.09	0.028	0	incorrect	0
7x7eA	3	1	7	11.329	0.015	41.9	26.49	0.024	0	incorrect	0
7x7eA	4	1	8	10.793	0.031	43.372	25.552	0.029	0	incorrect	0
7x7eA	5	1	9	10.601	0.015	57.617	31.452	0.019	0	incorrect	0
7x7eA	1	1	20	10.682	0.031	45.329	26.065	0.028	0	incorrect	0
7x7eA	2	2	2	9.659	0.031	48.77	24.838	0.028	0	incorrect	0
7x7eA	3	2	3	11.951	0.015	41.625	27.789	0.024	0	incorrect	0
7x7eA	4	2	4	11.555	0.015	41.387	27.124	0.024	0	incorrect	0
7x7eA	5	2	5	10.412	0.046	42.918	24.378	0.035	0	incorrect	0
7x7eA	1	2	18	11.456	0.015	42.078	26.828	0.024	0	incorrect	0
7x7eA	2	3	14	9.631	0.015	47.645	25.317	0.023	0	incorrect	0
7x7eA	3	3	15	19.503	0.0	37.975	44.301	0.018	0	incorrect	0
7x7eA	4	3	16	11.071	0.015	43.671	26.238	0.023	0	incorrect	0
7x7eA	5	3	17	11.776	0.015	42.362	28.084	0.023	0	incorrect	0
7x7eA	1	3	19	9.847	0.015	48.862	25.243	0.022	0	incorrect	0
7x7eA	2	4	21	11.102	0.015	44.973	26.672	0.023	0	incorrect	0
7x7eA	3	4	22	22.419	0.0	44.534	48.374	0.013	0	incorrect	0
7x7eA	4	4	23	11.135	0.015	42.466	26.01	0.024	0	incorrect	0
7x7eA	5	4	24	11.328	0.015	42.176	26.993	0.024	0	incorrect	0
7x7eA	1	4	25	24.502	0.0	52.582	57.476	0.01	0	incorrect	0
7xqvB	1	0	1	9.034	0.235	17.775	18.984	0.149	0	incorrect	0
7xqvB	2	0	5	13.575	0.078	24.968	26.238	0.065	0	incorrect	0
7xqvB	3	0	6	10.603	0.098	20.16	21.466	0.09	0	incorrect	0
7xqvB	4	0	7	7.777	0.157	14.469	15.208	0.15	0	incorrect	0
7xqvB	5	0	8	12.831	0.098	23.292	25.44	0.076	0	incorrect	0
7xqvB	1	1	2	10.039	0.196	18.46	20.509	0.131	0	incorrect	0
7xqvB	2	1	18	12.102	0.098	25.006	25.283	0.072	0	incorrect	0
7xqvB	3	1	19	11.878	0.078	22.991	23.802	0.071	0	incorrect	0
7xqvB	4	1	20	11.361	0.098	23.805	23.71	0.076	0	incorrect	0
7xqvB	5	1	21	10.282	0.176	19.627	21.256	0.118	0	incorrect	0
7xqvB	1	2	3	9.597	0.157	19.05	20.313	0.116	0	incorrect	0
7xqvB	2	2	10	12.102	0.098	23.937	24.444	0.075	0	incorrect	0
7xqvB	3	2	11	12.022	0.078	24.168	24.498	0.068	0	incorrect	0
7xqvB	4	2	12	12.59	0.039	23.153	24.94	0.057	0	incorrect	0
7xqvB	5	2	13	13.347	0.078	25.145	26.387	0.064	0	incorrect	0
7xqvB	1	3	4	8.692	0.216	17.1	18.466	0.148	0	incorrect	0
7xqvB	2	3	22	12.305	0.078	24.985	25.008	0.066	0	incorrect	0
7xqvB	3	3	23	11.988	0.078	24.895	24.784	0.066	0	incorrect	0
7xqvB	4	3	24	11.397	0.078	23.37	23.581	0.071	0	incorrect	0
7xqvB	5	3	25	13.251	0.078	24.006	25.932	0.067	0	incorrect	0
7xqvB	1	4	9	11.616	0.137	21.179	23.176	0.097	0	incorrect	0
7xqvB	2	4	14	12.133	0.078	24.129	24.505	0.068	0	incorrect	0
7xqvB	3	4	15	12.71	0.098	22.653	24.955	0.078	0	incorrect	0
7xqvB	4	4	16	8.523	0.196	17.645	18.103	0.138	0	incorrect	0
7xqvB	5	4	17	10.907	0.137	21.406	22.408	0.097	0	incorrect	0
7yz9B	2	0	9	0.891	0.913	2.521	1.349	0.857	1	high	3
7yz9B	3	0	10	2.329	0.761	3.378	2.996	0.639	1	medium	3
7yz9B	4	0	11	1.872	0.761	3.408	2.604	0.671	1	medium	3
7yz9B	5	0	12	10.194	0.065	23.043	20.039	0.069	1	incorrect	3
7yz9B	1	0	15	1.865	0.783	3.335	2.544	0.681	1	medium	3
7yz9B	2	1	1	0.904	0.891	2.252	1.3	0.853	1	high	3
7yz9B	3	1	2	1.994	0.783	3.571	2.766	0.665	1	medium	3
7yz9B	4	1	3	2.112	0.717	3.887	3.124	0.627	1	medium	3
7yz9B	5	1	4	10.365	0.065	23.272	20.212	0.068	1	incorrect	3
7yz9B	1	1	14	1.934	0.761	3.38	2.639	0.667	1	medium	3
7yz9B	1	2	16	1.813	0.783	2.951	2.294	0.694	1	medium	3
7yz9B	2	2	22	0.919	0.891	2.68	1.383	0.843	1	high	3
7yz9B	3	2	23	1.75	0.804	2.776	2.052	0.71	1	medium	3
7yz9B	4	2	24	1.873	0.783	3.554	2.687	0.675	1	medium	3
7yz9B	5	2	25	9.988	0.065	21.884	18.963	0.073	1	incorrect	3
7yz9B	2	3	5	0.896	0.891	2.386	1.298	0.852	1	high	3
7yz9B	3	3	6	1.659	0.826	2.67	1.753	0.729	1	medium	3
7yz9B	4	3	7	1.808	0.804	3.411	2.514	0.691	1	medium	3
7yz9B	5	3	8	9.775	0.065	21.851	19.07	0.073	1	incorrect	3
7yz9B	1	3	13	2.047	0.739	3.953	3.081	0.637	1	medium	3
7yz9B	1	4	17	1.77	0.804	3.458	2.12	0.693	1	medium	3
7yz9B	2	4	18	0.918	0.913	2.823	1.342	0.847	1	high	3
7yz9B	3	4	19	1.748	0.848	2.712	2.011	0.726	1	medium	3
7yz9B	4	4	20	1.698	0.848	2.856	2.075	0.728	1	medium	3
7yz9B	5	4	21	9.901	0.087	22.86	19.864	0.077	1	incorrect	3
7zmvG	1	0	1	0.621	0.914	2.869	1.367	0.888	1	high	3
7zmvG	2	0	4	0.642	0.897	3.011	1.239	0.877	1	high	3
7zmvG	3	0	5	0.636	0.914	3.508	1.406	0.872	1	high	3
7zmvG	4	0	6	0.644	0.897	4.577	1.347	0.839	1	high	3
7zmvG	5	0	7	0.633	0.914	4.551	0.983	0.847	1	high	3
7zmvG	1	1	8	0.671	0.931	3.387	1.208	0.876	1	high	3
7zmvG	2	1	14	0.537	0.897	2.634	0.896	0.898	1	high	3
7zmvG	3	1	15	0.871	0.897	5.327	1.895	0.787	1	high	3
7zmvG	4	1	16	0.573	0.914	3.04	1.01	0.891	1	high	3
7zmvG	5	1	17	0.626	0.897	3.184	1.379	0.875	1	high	3
7zmvG	1	2	2	0.599	0.897	3.715	1.082	0.866	1	high	3
7zmvG	2	2	10	0.586	0.914	3.4	1.255	0.881	1	high	3
7zmvG	3	2	11	0.59	0.914	2.555	0.936	0.899	1	high	3
7zmvG	4	2	12	0.618	0.914	3.272	1.169	0.88	1	high	3
7zmvG	5	2	13	0.612	0.897	2.964	1.166	0.882	1	high	3
7zmvG	1	3	3	0.626	0.897	3.394	1.025	0.87	1	high	3
7zmvG	2	3	22	0.61	0.914	2.864	1.248	0.89	1	high	3
7zmvG	3	3	23	0.598	0.914	2.977	1.125	0.889	1	high	3
7zmvG	4	3	24	0.665	0.879	4.075	1.302	0.843	1	high	3
7zmvG	5	3	25	0.581	0.914	3.386	0.84	0.882	1	high	3
7zmvG	1	4	9	0.563	0.862	2.892	1.032	0.878	1	high	3
7zmvG	2	4	18	0.712	0.879	2.878	1.514	0.864	1	high	3
7zmvG	3	4	19	0.648	0.897	2.738	1.415	0.882	1	high	3
7zmvG	4	4	20	0.725	0.897	3.531	1.695	0.853	1	high	3
7zmvG	5	4	21	0.644	0.914	3.278	1.385	0.876	1	high	3
8bb7D	1	0	1	20.128	0.0	53.224	38.2	0.01	0	incorrect	0
8bb7D	2	0	8	18.904	0.0	46.048	32.292	0.013	0	incorrect	0
8bb7D	3	0	9	20.121	0.0	41.958	38.002	0.015	0	incorrect	0
8bb7D	4	0	10	16.01	0.0	40.024	35.055	0.017	0	incorrect	0
8bb7D	5	0	11	20.232	0.0	52.014	35.575	0.01	0	incorrect	0
8bb7D	1	1	2	20.72	0.0	57.03	45.992	0.009	0	incorrect	0
8bb7D	2	1	12	18.84	0.0	45.854	31.311	0.013	0	incorrect	0
8bb7D	3	1	13	23.255	0.0	39.815	46.582	0.016	0	incorrect	0
8bb7D	4	1	14	18.352	0.0	39.642	32.534	0.017	0	incorrect	0
8bb7D	5	1	15	17.37	0.0	43.292	30.643	0.015	0	incorrect	0
8bb7D	1	2	3	17.176	0.0	38.581	30.822	0.018	0	incorrect	0
8bb7D	2	2	21	12.301	0.0	33.854	29.545	0.025	0	incorrect	0
8bb7D	3	2	22	20.892	0.0	44.848	46.405	0.013	0	incorrect	0
8bb7D	4	2	23	20.189	0.0	38.987	35.096	0.017	0	incorrect	0
8bb7D	5	2	24	17.824	0.0	42.131	29.931	0.015	0	incorrect	0
8bb7D	2	3	4	27.29	0.0	55.494	52.902	0.009	0	incorrect	0
8bb7D	3	3	5	20.855	0.0	42.962	46.736	0.014	0	incorrect	0
8bb7D	4	3	6	18.335	0.0	39.697	31.355	0.017	0	incorrect	0
8bb7D	5	3	7	17.037	0.0	37.5	30.846	0.019	0	incorrect	0
8bb7D	1	3	16	19.375	0.0	38.134	33.951	0.018	0	incorrect	0
8bb7D	2	4	17	19.761	0.0	43.386	36.3	0.014	0	incorrect	0
8bb7D	3	4	18	19.4	0.032	45.638	37.233	0.024	0	incorrect	0
8bb7D	4	4	19	20.776	0.0	36.238	36.048	0.019	0	incorrect	0
8bb7D	5	4	20	16.616	0.016	42.515	29.742	0.021	0	incorrect	0
8bb7D	1	4	25	8.929	0.0	29.444	23.028	0.035	0	incorrect	0
8cwuB	2	0	1	18.182	0.0	34.192	33.733	0.022	0	incorrect	0
8cwuB	3	0	2	1.559	0.815	1.312	1.102	0.757	1	medium	2
8cwuB	4	0	3	2.979	0.815	2.813	2.271	0.639	1	medium	2
8cwuB	5	0	4	18.108	0.0	33.594	33.903	0.022	1	incorrect	2
8cwuB	1	0	13	3.227	0.796	2.896	2.893	0.623	1	medium	2
8cwuB	1	1	16	3.37	0.796	3.733	3.299	0.6	1	medium	2
8cwuB	2	1	18	15.09	0.0	35.165	22.684	0.022	1	incorrect	2
8cwuB	3	1	19	1.621	0.889	1.868	1.728	0.768	1	medium	2
8cwuB	4	1	20	3.128	0.778	2.962	2.592	0.619	1	medium	2
8cwuB	5	1	21	15.528	0.0	35.367	25.673	0.021	1	incorrect	2
8cwuB	1	2	14	1.657	0.833	1.067	1.431	0.756	1	medium	2
8cwuB	2	2	22	17.852	0.0	33.802	33.951	0.022	1	incorrect	2
8cwuB	3	2	23	3.263	0.815	3.288	2.691	0.62	1	medium	2
8cwuB	4	2	24	3.232	0.796	4.156	3.105	0.594	1	medium	2
8cwuB	5	2	25	17.516	0.0	33.945	33.419	0.022	1	incorrect	2
8cwuB	2	3	5	18.175	0.0	34.022	33.963	0.022	1	incorrect	2
8cwuB	3	3	6	3.566	0.796	3.481	3.853	0.601	1	medium	2
8cwuB	4	3	7	3.426	0.796	3.517	3.321	0.604	1	medium	2
8cwuB	5	3	8	17.621	0.0	33.962	33.277	0.022	1	incorrect	2
8cwuB	1	3	15	3.248	0.796	3.483	2.833	0.609	1	medium	2
8cwuB	2	4	9	13.949	0.0	23.995	26.004	0.041	1	incorrect	2
8cwuB	3	4	10	2.387	0.778	1.716	1.739	0.674	1	medium	2
8cwuB	4	4	11	2.978	0.833	2.655	3.019	0.649	1	medium	2
8cwuB	5	4	12	12.604	0.0	21.567	19.455	0.049	1	incorrect	2
8cwuB	1	4	17	3.152	0.796	2.708	2.599	0.63	1	medium	2
8dquB	1	0	13	5.643	0.764	11.358	9.3	0.396	0	incorrect	0
8dquB	2	0	15	5.729	0.745	11.638	9.663	0.386	0	incorrect	0
8dquB	3	0	16	5.628	0.745	11.304	9.291	0.391	0	incorrect	0
8dquB	4	0	17	5.563	0.727	11.518	9.237	0.383	0	incorrect	0
8dquB	5	0	18	5.64	0.727	11.545	9.399	0.382	0	incorrect	0
8dquB	2	1	1	5.572	0.764	11.394	9.173	0.396	0	incorrect	0
8dquB	3	1	2	5.553	0.727	11.436	9.244	0.384	0	incorrect	0
8dquB	4	1	3	5.495	0.764	11.232	8.985	0.399	0	incorrect	0
8dquB	5	1	4	5.698	0.727	11.69	9.503	0.379	0	incorrect	0
8dquB	1	1	14	5.6	0.745	11.554	9.38	0.388	0	incorrect	0
8dquB	2	2	5	5.825	0.745	11.902	9.833	0.382	0	incorrect	0
8dquB	3	2	6	5.615	0.745	11.295	9.374	0.391	0	incorrect	0
8dquB	4	2	7	5.487	0.727	11.335	8.984	0.386	0	incorrect	0
8dquB	5	2	8	5.701	0.745	11.697	9.513	0.385	0	incorrect	0
8dquB	1	2	19	5.541	0.764	11.226	9.174	0.399	0	incorrect	0
8dquB	2	3	9	5.856	0.727	11.812	9.928	0.377	0	incorrect	0
8dquB	3	3	10	5.462	0.745	11.234	9.105	0.393	0	incorrect	0
8dquB	4	3	11	5.474	0.745	11.368	8.982	0.391	0	incorrect	0
8dquB	5	3	12	5.723	0.727	11.377	9.63	0.383	0	incorrect	0
8dquB	1	3	20	5.496	0.727	11.418	9.011	0.384	0	incorrect	0
8dquB	2	4	21	5.478	0.727	11.336	9.092	0.386	0	incorrect	0
8dquB	3	4	22	5.719	0.727	11.819	9.606	0.378	0	incorrect	0
8dquB	4	4	23	5.479	0.745	11.119	9.053	0.395	0	incorrect	0
8dquB	5	4	24	5.701	0.727	11.515	9.539	0.382	0	incorrect	0
8dquB	1	4	25	5.612	0.745	11.439	9.314	0.389	0	incorrect	0
8dtnE	1	0	1	7.609	0.0	15.745	15.593	0.088	0	incorrect	0
8dtnE	2	0	2	9.407	0.238	21.43	22.085	0.133	0	incorrect	0
8dtnE	3	0	3	7.584	0.0	16.554	16.291	0.082	0	incorrect	0
8dtnE	4	0	4	6.736	0.095	12.881	12.412	0.149	0	incorrect	0
8dtnE	5	0	5	10.192	0.048	17.702	18.177	0.085	0	incorrect	0
8dtnE	1	1	6	9.466	0.024	19.019	19.376	0.072	0	incorrect	0
8dtnE	2	1	9	6.805	0.167	13.821	11.12	0.162	0	incorrect	0
8dtnE	3	1	10	10.963	0.048	19.463	19.668	0.075	0	incorrect	0
8dtnE	4	1	11	8.046	0.024	13.688	14.515	0.112	0	incorrect	0
8dtnE	5	1	12	8.738	0.024	14.799	15.092	0.1	0	incorrect	0
8dtnE	1	2	8	10.187	0.048	17.457	18.198	0.087	0	incorrect	0
8dtnE	2	2	18	11.808	0.024	21.293	21.592	0.059	0	incorrect	0
8dtnE	3	2	19	11.938	0.048	21.079	21.493	0.068	0	incorrect	0
8dtnE	4	2	20	7.661	0.048	14.068	14.819	0.117	0	incorrect	0
8dtnE	5	2	21	11.9	0.048	21.379	21.812	0.067	0	incorrect	0
8dtnE	1	3	7	13.019	0.071	25.815	25.331	0.061	0	incorrect	0
8dtnE	2	3	22	8.565	0.143	17.874	17.498	0.119	0	incorrect	0
8dtnE	3	3	23	9.598	0.095	19.43	19.855	0.093	0	incorrect	0
8dtnE	4	3	24	7.252	0.024	14.509	14.521	0.107	0	incorrect	0
8dtnE	5	3	25	10.394	0.048	18.056	18.521	0.083	0	incorrect	0
8dtnE	2	4	13	7.301	0.024	15.066	14.88	0.102	0	incorrect	0
8dtnE	3	4	14	11.505	0.048	20.853	21.273	0.069	0	incorrect	0
8dtnE	4	4	15	7.65	0.095	13.439	13.5	0.139	0	incorrect	0
8dtnE	5	4	16	8.16	0.119	15.296	15.314	0.129	0	incorrect	0
8dtnE	1	4	17	11.091	0.024	22.239	21.467	0.056	0	incorrect	0
8dtuA	2	0	1	8.085	0.024	14.977	15.48	0.1	0	incorrect	0
8dtuA	3	0	2	7.917	0.108	14.863	15.223	0.13	0	incorrect	0
8dtuA	4	0	3	8.072	0.048	14.881	15.321	0.109	0	incorrect	0
8dtuA	5	0	4	7.651	0.048	14.626	14.969	0.113	0	incorrect	0
8dtuA	1	0	9	8.107	0.048	14.938	15.418	0.109	0	incorrect	0
8dtuA	2	1	10	8.135	0.048	15.535	15.941	0.104	0	incorrect	0
8dtuA	3	1	11	7.927	0.06	14.763	15.213	0.115	0	incorrect	0
8dtuA	4	1	12	7.761	0.048	14.603	15.052	0.112	0	incorrect	0
8dtuA	5	1	13	8.034	0.072	14.778	15.327	0.118	0	incorrect	0
8dtuA	1	1	14	7.957	0.024	14.655	15.125	0.103	0	incorrect	0
8dtuA	2	2	5	8.254	0.06	14.851	15.408	0.113	0	incorrect	0
8dtuA	3	2	6	8.083	0.048	15.336	15.655	0.105	0	incorrect	0
8dtuA	4	2	7	8.136	0.048	15.252	15.479	0.106	0	incorrect	0
8dtuA	5	2	8	8.055	0.06	14.829	15.304	0.114	0	incorrect	0
8dtuA	1	2	15	8.109	0.06	15.721	16.071	0.107	0	incorrect	0
8dtuA	1	3	16	8.203	0.048	15.702	16.013	0.102	0	incorrect	0
8dtuA	2	3	17	8.565	0.036	16.348	16.716	0.093	0	incorrect	0
8dtuA	3	3	18	7.951	0.048	15.124	15.36	0.108	0	incorrect	0
8dtuA	4	3	19	8.188	0.048	15.022	15.326	0.108	0	incorrect	0
8dtuA	5	3	20	7.915	0.048	15.015	15.538	0.109	0	incorrect	0
8dtuA	1	4	21	8.222	0.048	15.503	15.993	0.104	0	incorrect	0
8dtuA	2	4	22	8.237	0.036	15.575	15.93	0.099	0	incorrect	0
8dtuA	3	4	23	8.109	0.06	15.308	15.479	0.11	0	incorrect	0
8dtuA	4	4	24	7.833	0.072	14.715	14.997	0.119	0	incorrect	0
8dtuA	5	4	25	8.063	0.036	15.41	15.96	0.101	0	incorrect	0
8emzB	1	0	1	4.078	0.439	15.668	9.96	0.262	0	incorrect	0
8emzB	2	0	2	2.601	0.537	11.466	6.603	0.38	1	acceptable	1
8emzB	3	0	3	2.729	0.439	12.691	6.988	0.327	1	acceptable	1
8emzB	4	0	4	12.134	0.073	35.639	21.835	0.047	1	incorrect	1
8emzB	5	0	5	2.312	0.463	12.334	5.549	0.361	1	acceptable	1
8emzB	2	1	10	8.714	0.024	28.257	21.493	0.045	1	incorrect	1
8emzB	3	1	11	1.747	0.61	6.936	2.935	0.545	1	medium	2
8emzB	4	1	12	13.025	0.0	41.562	22.069	0.018	1	incorrect	2
8emzB	5	1	13	1.55	0.756	3.072	2.608	0.708	1	medium	2
8emzB	1	1	20	14.366	0.0	32.346	26.867	0.025	1	incorrect	2
8emzB	2	2	6	12.051	0.0	22.424	24.188	0.047	1	incorrect	1
8emzB	3	2	7	9.764	0.0	17.652	19.481	0.07	1	incorrect	1
8emzB	4	2	8	15.619	0.0	36.837	35.563	0.02	1	incorrect	1
8emzB	5	2	9	11.104	0.024	30.739	18.833	0.038	1	incorrect	1
8emzB	1	2	19	24.896	0.0	39.944	48.887	0.016	1	incorrect	2
8emzB	1	3	14	15.018	0.0	32.781	27.018	0.024	1	incorrect	2
8emzB	2	3	21	15.231	0.0	37.402	26.42	0.02	1	incorrect	2
8emzB	3	3	22	15.222	0.0	36.903	26.511	0.02	1	incorrect	2
8emzB	4	3	23	15.19	0.0	36.65	26.185	0.02	1	incorrect	2
8emzB	5	3	24	24.848	0.0	36.8	46.209	0.018	1	incorrect	2
8emzB	2	4	15	15.285	0.0	37.208	26.645	0.02	1	incorrect	2
8emzB	3	4	16	13.006	0.073	44.094	22.98	0.041	1	incorrect	2
8emzB	4	4	17	20.362	0.0	38.617	41.65	0.017	1	incorrect	2
8emzB	5	4	18	13.497	0.024	32.697	25.345	0.033	1	incorrect	2
8emzB	1	4	25	12.649	0.0	26.628	27.473	0.035	1	incorrect	2
8en0D	2	0	1	15.768	0.0	30.349	30.09	0.027	0	incorrect	0
8en0D	3	0	2	16.197	0.0	32.377	31.344	0.024	0	incorrect	0
8en0D	4	0	3	16.192	0.0	30.793	31.57	0.026	0	incorrect	0
8en0D	5	0	4	15.654	0.0	30.934	29.519	0.026	0	incorrect	0
8en0D	1	0	9	15.937	0.0	31.897	30.938	0.025	0	incorrect	0
8en0D	2	1	5	16.103	0.0	30.66	31.519	0.027	0	incorrect	0
8en0D	3	1	6	16.255	0.0	30.671	32.067	0.027	0	incorrect	0
8en0D	4	1	7	15.96	0.0	29.804	30.904	0.028	0	incorrect	0
8en0D	5	1	8	16.04	0.0	31.24	31.029	0.026	0	incorrect	0
8en0D	1	1	10	16.318	0.0	31.715	32.066	0.025	0	incorrect	0
8en0D	2	2	11	15.91	0.0	30.81	30.734	0.027	0	incorrect	0
8en0D	3	2	12	14.681	0.0	42.003	26.159	0.017	0	incorrect	0
8en0D	4	2	13	16.322	0.0	30.84	32.72	0.026	0	incorrect	0
8en0D	5	2	14	9.629	0.256	46.564	19.947	0.104	0	incorrect	0
8en0D	1	2	15	16.274	0.0	31.194	31.704	0.026	0	incorrect	0
8en0D	2	3	16	14.969	0.0	37.037	29.54	0.02	0	incorrect	0
8en0D	3	3	17	13.643	0.0	36.44	29.969	0.021	0	incorrect	0
8en0D	4	3	18	9.521	0.179	47.565	20.311	0.078	0	incorrect	0
8en0D	5	3	19	10.295	0.231	43.465	20.486	0.096	0	incorrect	0
8en0D	1	3	20	9.592	0.179	46.761	20.244	0.078	0	incorrect	0
8en0D	2	4	21	8.929	0.256	34.645	18.538	0.114	0	incorrect	0
8en0D	3	4	22	6.547	0.179	38.271	16.008	0.092	0	incorrect	0
8en0D	4	4	23	13.925	0.0	33.357	32.195	0.024	0	incorrect	0
8en0D	5	4	24	14.664	0.0	45.997	24.238	0.014	0	incorrect	0
8en0D	1	4	25	10.615	0.0	30.599	19.974	0.03	0	incorrect	0
8en2D	1	0	4	0.758	0.846	2.98	1.45	0.844	1	high	3
8en2D	2	0	18	10.795	0.128	41.223	23.957	0.063	1	incorrect	3
8en2D	3	0	19	0.616	0.923	2.824	1.373	0.893	1	high	3
8en2D	4	0	20	0.813	0.846	3.328	1.59	0.829	1	high	3
8en2D	5	0	21	0.634	0.923	2.021	1.176	0.906	1	high	3
8en2D	1	1	3	0.644	0.923	2.447	1.187	0.897	1	high	3
8en2D	2	1	10	10.749	0.128	41.596	24.032	0.062	1	incorrect	3
8en2D	3	1	11	0.59	0.897	1.905	1.097	0.905	1	high	3
8en2D	4	1	12	0.736	0.897	2.462	1.309	0.875	1	high	3
8en2D	5	1	13	0.685	0.897	2.024	1.202	0.89	1	high	3
8en2D	1	2	1	0.803	0.846	3.28	1.62	0.831	1	high	3
8en2D	2	2	14	10.799	0.128	41.258	23.865	0.063	1	incorrect	3
8en2D	3	2	15	0.6	0.897	2.018	1.107	0.902	1	high	3
8en2D	4	2	16	0.836	0.821	2.948	1.521	0.825	1	high	3
8en2D	5	2	17	0.689	0.897	2.545	1.393	0.88	1	high	3
8en2D	1	3	2	0.648	0.872	2.589	1.281	0.877	1	high	3
8en2D	2	3	5	17.989	0.0	38.172	31.648	0.018	1	incorrect	3
8en2D	3	3	6	0.703	0.897	4.452	1.847	0.834	1	high	3
8en2D	4	3	7	0.867	0.846	3.332	1.679	0.821	1	high	3
8en2D	5	3	8	0.603	0.897	2.199	1.205	0.899	1	high	3
8en2D	1	4	9	0.866	0.821	3.349	1.629	0.812	1	high	3
8en2D	2	4	22	19.843	0.0	41.567	39.691	0.015	1	incorrect	3
8en2D	3	4	23	0.755	0.897	3.871	1.846	0.841	1	high	3
8en2D	4	4	24	0.908	0.846	3.941	1.84	0.8	1	high	3
8en2D	5	4	25	0.685	0.872	2.92	1.432	0.865	1	high	3
8en3C	2	0	10	11.181	0.1	39.465	21.949	0.054	1	incorrect	1
8en3C	3	0	11	22.866	0.0	38.63	44.891	0.017	1	incorrect	1
8en3C	4	0	12	10.467	0.05	46.439	22.536	0.034	1	incorrect	1
8en3C	5	0	13	2.994	0.25	12.121	5.734	0.26	1	acceptable	1
8en3C	1	0	14	5.498	0.183	24.1	12.044	0.121	1	incorrect	1
8en3C	2	1	1	5.641	0.233	25.324	11.86	0.134	0	incorrect	0
8en3C	3	1	2	3.511	0.217	13.276	7.487	0.221	1	acceptable	1
8en3C	4	1	3	13.951	0.05	47.735	21.737	0.031	1	incorrect	1
8en3C	5	1	4	5.444	0.217	26.629	12.143	0.127	1	incorrect	1
8en3C	1	1	9	12.677	0.083	50.461	24.635	0.042	1	incorrect	1
8en3C	2	2	5	5.362	0.217	25.249	11.951	0.13	1	incorrect	1
8en3C	3	2	6	11.191	0.05	50.469	25.197	0.032	1	incorrect	1
8en3C	4	2	7	13.51	0.0	37.908	25.653	0.02	1	incorrect	1
8en3C	5	2	8	5.625	0.25	19.06	10.306	0.161	1	incorrect	1
8en3C	1	2	15	6.09	0.217	23.687	12.517	0.129	1	incorrect	1
8en3C	1	3	16	2.97	0.3	13.336	5.653	0.264	1	acceptable	1
8en3C	2	3	21	5.599	0.2	25.593	12.036	0.122	1	incorrect	1
8en3C	3	3	22	11.967	0.0	32.238	24.027	0.027	1	incorrect	1
8en3C	4	3	23	13.598	0.0	35.824	24.598	0.022	1	incorrect	1
8en3C	5	3	24	5.055	0.283	19.039	9.433	0.177	1	incorrect	1
8en3C	2	4	17	10.957	0.067	51.28	23.981	0.037	1	incorrect	1
8en3C	3	4	18	15.324	0.0	25.401	30.784	0.037	1	incorrect	1
8en3C	4	4	19	15.55	0.0	36.819	28.422	0.02	1	incorrect	1
8en3C	5	4	20	10.953	0.0	22.955	18.557	0.046	1	incorrect	1
8en3C	1	4	25	25.403	0.0	52.047	52.77	0.01	1	incorrect	1
8ew6V	2	0	1	12.546	0.0	21.488	22.539	0.05	0	incorrect	0
8ew6V	3	0	2	10.575	0.021	25.382	18.136	0.047	0	incorrect	0
8ew6V	4	0	3	9.508	0.0	16.502	16.009	0.078	0	incorrect	0
8ew6V	5	0	4	12.317	0.0	23.06	20.177	0.045	0	incorrect	0
8ew6V	1	0	5	7.381	0.128	13.89	14.521	0.147	0	incorrect	0
8ew6V	1	1	6	7.493	0.106	14.805	14.639	0.131	0	incorrect	0
8ew6V	2	1	7	12.209	0.106	28.74	21.736	0.067	0	incorrect	0
8ew6V	3	1	8	13.215	0.0	27.194	28.613	0.034	0	incorrect	0
8ew6V	4	1	9	13.38	0.0	24.599	23.449	0.04	0	incorrect	0
8ew6V	5	1	10	12.419	0.0	23.586	20.71	0.043	0	incorrect	0
8ew6V	1	2	11	9.968	0.064	21.77	17.649	0.073	0	incorrect	0
8ew6V	2	2	13	13.026	0.0	22.741	24.089	0.045	1	incorrect	1
8ew6V	3	2	14	13.842	0.0	27.937	23.174	0.032	1	incorrect	1
8ew6V	4	2	15	10.016	0.0	17.756	16.38	0.069	1	incorrect	1
8ew6V	5	2	16	12.569	0.043	24.251	22.495	0.055	1	incorrect	1
8ew6V	1	3	12	4.461	0.298	9.713	8.971	0.278	1	acceptable	1
8ew6V	2	3	18	10.977	0.0	17.493	18.981	0.07	1	incorrect	1
8ew6V	3	3	19	4.355	0.277	10.478	9.899	0.26	1	incorrect	1
8ew6V	4	3	20	11.235	0.085	22.284	20.599	0.077	1	incorrect	1
8ew6V	5	3	21	5.112	0.213	11.888	9.592	0.21	1	incorrect	1
8ew6V	1	4	17	11.204	0.0	18.618	18.024	0.063	1	incorrect	1
8ew6V	2	4	22	9.544	0.0	24.345	16.718	0.044	1	incorrect	1
8ew6V	3	4	23	5.951	0.064	11.23	9.553	0.163	1	incorrect	1
8ew6V	4	4	24	9.12	0.0	22.2	16.018	0.051	1	incorrect	1
8ew6V	5	4	25	7.436	0.021	22.744	16.0	0.061	1	incorrect	1
8gz5B	1	0	5	0.747	0.911	2.415	1.23	0.879	1	high	3
8gz5B	2	0	6	0.749	0.839	3.907	1.349	0.822	1	high	3
8gz5B	3	0	7	0.734	0.857	3.707	1.348	0.835	1	high	3
8gz5B	4	0	8	0.853	0.857	3.593	1.432	0.82	1	high	3
8gz5B	5	0	9	5.808	0.089	35.058	13.679	0.069	1	incorrect	3
8gz5B	1	1	1	0.698	0.893	2.506	1.155	0.878	1	high	3
8gz5B	2	1	22	0.716	0.857	3.217	1.23	0.849	1	high	3
8gz5B	3	1	23	0.736	0.857	3.191	1.331	0.847	1	high	3
8gz5B	4	1	24	0.793	0.839	4.25	1.481	0.807	1	high	3
8gz5B	5	1	25	4.756	0.143	18.692	10.414	0.135	1	incorrect	3
8gz5B	1	2	3	0.739	0.911	2.59	1.248	0.877	1	high	3
8gz5B	2	2	18	0.671	0.839	3.097	1.12	0.852	1	high	3
8gz5B	3	2	19	0.705	0.857	3.828	1.272	0.836	1	high	3
8gz5B	4	2	20	0.73	0.839	3.219	1.308	0.841	1	high	3
8gz5B	5	2	21	12.64	0.036	43.909	26.466	0.029	1	incorrect	3
8gz5B	1	3	2	0.655	0.911	2.256	1.001	0.895	1	high	3
8gz5B	2	3	14	0.726	0.857	2.574	1.159	0.861	1	high	3
8gz5B	3	3	15	0.742	0.839	3.243	1.318	0.839	1	high	3
8gz5B	4	3	16	0.793	0.875	3.445	1.308	0.839	1	high	3
8gz5B	5	3	17	9.903	0.0	49.269	25.766	0.017	1	incorrect	3
8gz5B	1	4	4	0.638	0.893	2.072	0.939	0.895	1	high	3
8gz5B	2	4	10	0.792	0.875	3.023	1.267	0.848	1	high	3
8gz5B	3	4	11	0.628	0.857	2.727	1.092	0.872	1	high	3
8gz5B	4	4	12	0.781	0.857	3.729	1.363	0.827	1	high	3
8gz5B	5	4	13	20.081	0.0	40.049	43.718	0.016	1	incorrect	3
8h3xA	2	0	1	1.196	0.784	3.019	2.073	0.761	1	medium	2
8h3xA	3	0	2	1.183	0.784	3.063	2.036	0.762	1	medium	2
8h3xA	4	0	3	1.092	0.811	2.459	1.748	0.796	1	medium	2
8h3xA	5	0	4	1.143	0.811	2.711	1.916	0.784	1	medium	2
8h3xA	1	0	19	1.231	0.865	3.432	2.182	0.774	1	medium	2
8h3xA	2	1	9	1.159	0.784	3.029	1.972	0.766	1	medium	2
8h3xA	3	1	10	1.167	0.757	2.633	1.979	0.764	1	medium	2
8h3xA	4	1	11	1.166	0.784	2.907	1.977	0.767	1	medium	2
8h3xA	5	1	12	1.121	0.811	2.126	1.8	0.798	1	medium	2
8h3xA	1	1	18	1.269	0.784	3.527	2.294	0.74	1	medium	2
8h3xA	1	2	17	1.347	0.784	4.073	2.472	0.717	1	medium	2
8h3xA	2	2	22	1.093	0.838	2.527	1.822	0.803	1	medium	2
8h3xA	3	2	23	1.175	0.811	3.159	2.023	0.77	1	medium	2
8h3xA	4	2	24	1.282	0.784	3.617	2.32	0.736	1	medium	2
8h3xA	5	2	25	1.239	0.784	3.504	2.229	0.744	1	medium	2
8h3xA	2	3	5	1.202	0.784	3.237	2.06	0.755	1	medium	2
8h3xA	3	3	6	1.237	0.757	3.172	2.166	0.743	1	medium	2
8h3xA	4	3	7	1.241	0.784	3.08	2.229	0.754	1	medium	2
8h3xA	5	3	8	1.201	0.811	3.685	2.089	0.754	1	medium	2
8h3xA	1	3	21	1.246	0.811	3.546	2.198	0.751	1	medium	2
8h3xA	2	4	13	1.257	0.784	3.53	2.204	0.741	1	medium	2
8h3xA	3	4	14	1.213	0.757	3.009	2.111	0.75	1	medium	2
8h3xA	4	4	15	1.196	0.811	3.39	2.076	0.762	1	medium	2
8h3xA	5	4	16	1.207	0.757	3.308	2.11	0.744	1	medium	2
8h3xA	1	4	20	1.175	0.784	3.291	1.98	0.758	1	medium	2
8h3yE	1	0	5	15.112	0.0	30.319	27.396	0.028	0	incorrect	0
8h3yE	2	0	9	16.549	0.0	34.524	32.077	0.022	0	incorrect	0
8h3yE	3	0	10	15.103	0.0	30.765	27.243	0.027	0	incorrect	0
8h3yE	4	0	11	15.887	0.0	36.464	30.714	0.02	0	incorrect	0
8h3yE	5	0	12	12.727	0.0	31.355	24.242	0.027	0	incorrect	0
8h3yE	1	1	6	20.844	0.0	37.127	42.624	0.018	0	incorrect	0
8h3yE	2	1	22	15.203	0.0	31.834	27.826	0.025	0	incorrect	0
8h3yE	3	1	23	17.528	0.0	33.324	32.677	0.023	0	incorrect	0
8h3yE	4	1	24	20.136	0.0	32.933	35.5	0.023	0	incorrect	0
8h3yE	5	1	25	12.934	0.0	27.518	25.844	0.033	0	incorrect	0
8h3yE	2	2	1	16.241	0.0	36.431	32.542	0.02	0	incorrect	0
8h3yE	3	2	2	12.646	0.0	26.269	23.855	0.036	0	incorrect	0
8h3yE	4	2	3	18.973	0.0	33.874	37.986	0.022	0	incorrect	0
8h3yE	5	2	4	13.588	0.0	26.881	27.764	0.034	0	incorrect	0
8h3yE	1	2	8	14.294	0.0	32.375	27.98	0.025	0	incorrect	0
8h3yE	1	3	7	14.824	0.0	37.541	25.181	0.02	0	incorrect	0
8h3yE	2	3	13	15.376	0.0	34.949	32.038	0.022	0	incorrect	0
8h3yE	3	3	14	16.154	0.0	33.207	32.157	0.023	0	incorrect	0
8h3yE	4	3	15	15.921	0.0	39.905	33.304	0.017	0	incorrect	0
8h3yE	5	3	16	18.881	0.0	33.45	36.749	0.022	0	incorrect	0
8h3yE	1	4	17	15.822	0.0	45.464	31.275	0.014	0	incorrect	0
8h3yE	2	4	18	13.63	0.0	27.357	27.202	0.033	0	incorrect	0
8h3yE	3	4	19	16.318	0.0	33.447	30.868	0.023	0	incorrect	0
8h3yE	4	4	20	15.609	0.0	31.525	29.454	0.026	0	incorrect	0
8h3yE	5	4	21	14.86	0.0	40.453	25.178	0.017	0	incorrect	0
