pdb	rank	irmsd	fnat	lrmsd	ilrmsd	dockq	sr	capri	capri_cum
7tgfB	1	0.922	0.807	3.302	2.011	0.801	1	high	3
7tgfB	2	0.77	0.842	1.834	1.396	0.863	1	high	3
7tgfB	3	1.031	0.754	3.7	2.359	0.758	1	medium	3
7tgfB	4	1.096	0.737	2.569	2.505	0.768	1	medium	3
7tgfB	5	1.101	0.789	3.781	2.455	0.758	1	medium	3
7tgfB	6	1.105	0.684	2.566	2.525	0.75	1	medium	3
7tgfB	7	1.065	0.719	2.467	2.413	0.769	1	medium	3
7tgfB	8	1.052	0.737	4.091	2.472	0.74	1	medium	3
7tgfB	9	1.114	0.684	2.531	2.535	0.749	1	medium	3
7tgfB	10	0.843	0.807	1.78	1.664	0.842	1	high	3
7tgfB	11	1.083	0.684	2.354	2.421	0.757	1	medium	3
7tgfB	12	1.06	0.719	2.296	2.368	0.773	1	medium	3
7tgfB	13	1.113	0.789	3.745	2.421	0.757	1	medium	3
7tgfB	14	1.085	0.772	3.671	2.399	0.757	1	medium	3
7tgfB	15	1.0	0.754	3.651	2.238	0.764	1	high	3
7tgfB	16	1.023	0.754	3.491	2.204	0.764	1	medium	3
7tgfB	17	0.794	0.807	1.799	1.504	0.848	1	high	3
7tgfB	18	1.068	0.754	2.307	2.377	0.783	1	medium	3
7tgfB	19	1.0	0.772	3.486	2.229	0.773	1	high	3
7tgfB	20	1.007	0.754	3.543	2.174	0.765	1	medium	3
7tgfB	21	0.926	0.754	3.093	1.963	0.787	1	high	3
7tgfB	22	1.031	0.737	3.643	2.268	0.754	1	medium	3
7tgfB	23	1.016	0.702	3.57	2.26	0.746	1	medium	3
7tgfB	24	0.922	0.737	3.151	1.995	0.781	1	high	3
7tgfB	25	4.373	0.421	11.004	8.022	0.3	1	incorrect	3
8emzB	1	8.162	0.195	22.203	17.431	0.119	0	incorrect	0
8emzB	2	5.914	0.22	16.852	11.834	0.161	0	incorrect	0
8emzB	3	7.559	0.024	15.078	13.592	0.101	0	incorrect	0
8emzB	4	7.32	0.195	15.839	13.235	0.153	0	incorrect	0
8emzB	5	5.854	0.171	12.248	10.547	0.186	0	incorrect	0
8emzB	6	6.926	0.146	14.445	12.375	0.149	0	incorrect	0
8emzB	7	6.941	0.024	13.533	12.408	0.117	0	incorrect	0
8emzB	8	5.867	0.195	18.932	12.305	0.141	0	incorrect	0
8emzB	9	3.8	0.537	8.782	7.535	0.385	1	acceptable	1
8emzB	10	5.324	0.244	17.743	11.124	0.168	1	incorrect	1
8emzB	11	5.705	0.293	18.361	12.016	0.178	1	incorrect	1
8emzB	12	12.273	0.049	30.434	25.522	0.045	1	incorrect	1
8emzB	13	4.876	0.366	9.164	8.914	0.305	1	acceptable	1
8emzB	14	4.335	0.561	11.416	9.618	0.342	1	incorrect	1
8emzB	15	7.782	0.171	24.409	15.909	0.105	1	incorrect	1
8emzB	16	5.548	0.39	15.194	12.499	0.232	1	incorrect	1
8emzB	17	6.208	0.341	15.567	11.82	0.209	1	incorrect	1
8emzB	18	4.26	0.561	11.087	9.173	0.347	1	incorrect	1
8emzB	19	10.514	0.122	26.808	18.765	0.078	1	incorrect	1
8emzB	20	4.734	0.39	11.884	10.503	0.273	1	incorrect	1
8emzB	21	4.076	0.366	9.262	8.598	0.314	1	acceptable	1
8emzB	22	8.655	0.244	22.73	18.11	0.132	1	incorrect	1
8emzB	23	5.763	0.195	11.27	11.729	0.207	1	incorrect	1
8emzB	24	4.037	0.439	7.916	7.969	0.365	1	acceptable	1
8emzB	25	9.242	0.024	23.373	20.688	0.056	1	incorrect	1
8h3xA	1	2.816	0.649	9.843	4.52	0.432	1	acceptable	1
8h3xA	2	2.803	0.676	9.461	4.389	0.448	1	acceptable	1
8h3xA	3	2.718	0.649	9.25	4.311	0.447	1	acceptable	1
8h3xA	4	16.295	0.0	29.875	34.993	0.028	1	incorrect	1
8h3xA	5	2.604	0.595	10.004	4.515	0.421	1	acceptable	1
8h3xA	6	2.923	0.649	10.007	4.498	0.425	1	acceptable	1
8h3xA	7	3.094	0.595	12.534	5.429	0.367	1	acceptable	1
8h3xA	8	16.224	0.0	29.289	34.534	0.029	1	incorrect	1
8h3xA	9	3.729	0.486	14.34	6.403	0.295	1	acceptable	1
8h3xA	10	2.839	0.649	10.328	4.458	0.424	1	acceptable	1
8h3xA	11	15.968	0.0	28.626	34.233	0.03	1	incorrect	1
8h3xA	12	4.093	0.432	16.917	6.727	0.251	1	incorrect	1
8h3xA	13	14.746	0.0	26.979	32.285	0.034	1	incorrect	1
8h3xA	14	16.299	0.0	29.86	35.03	0.028	1	incorrect	1
8h3xA	15	4.67	0.297	20.694	8.482	0.178	1	incorrect	1
8h3xA	16	14.106	0.054	37.051	35.689	0.038	1	incorrect	1
8h3xA	17	4.817	0.27	19.169	7.82	0.174	1	incorrect	1
8h3xA	18	14.531	0.054	38.089	36.231	0.037	1	incorrect	1
8h3xA	19	15.317	0.0	26.627	32.421	0.034	1	incorrect	1
8h3xA	20	6.034	0.162	22.543	9.862	0.115	1	incorrect	1
8h3xA	21	15.282	0.0	28.916	33.868	0.03	1	incorrect	1
8h3xA	22	14.837	0.0	28.71	33.544	0.03	1	incorrect	1
8h3xA	23	14.675	0.027	37.848	36.671	0.028	1	incorrect	1
8h3xA	24	9.879	0.027	22.153	20.978	0.059	1	incorrect	1
8h3xA	25	15.058	0.0	32.102	36.075	0.025	1	incorrect	1
8gz5B	1	13.91	0.0	38.295	28.31	0.019	0	incorrect	0
8gz5B	2	5.207	0.054	20.387	13.562	0.093	0	incorrect	0
8gz5B	3	8.056	0.339	27.534	19.201	0.153	0	incorrect	0
8gz5B	4	7.053	0.107	29.314	16.046	0.076	0	incorrect	0
8gz5B	5	11.691	0.018	33.168	24.22	0.032	0	incorrect	0
8gz5B	6	12.769	0.018	34.164	25.829	0.03	0	incorrect	0
8gz5B	7	12.156	0.018	32.906	24.824	0.032	0	incorrect	0
8gz5B	8	8.888	0.054	36.177	20.572	0.045	0	incorrect	0
8gz5B	9	7.319	0.036	27.395	17.892	0.055	0	incorrect	0
8gz5B	10	8.146	0.071	33.246	19.56	0.055	0	incorrect	0
8gz5B	11	6.647	0.071	25.509	15.824	0.073	0	incorrect	0
8gz5B	12	7.91	0.125	32.494	16.514	0.075	0	incorrect	0
8gz5B	13	6.956	0.107	28.557	17.968	0.078	0	incorrect	0
8gz5B	14	6.799	0.018	25.935	16.633	0.054	0	incorrect	0
8gz5B	15	5.972	0.089	20.709	16.787	0.098	0	incorrect	0
8gz5B	16	7.746	0.071	25.841	17.661	0.068	0	incorrect	0
8gz5B	17	5.492	0.071	24.543	15.623	0.083	0	incorrect	0
8gz5B	18	10.411	0.036	39.824	23.297	0.033	0	incorrect	0
8gz5B	19	8.406	0.0	24.196	21.815	0.047	0	incorrect	0
8gz5B	20	7.785	0.054	27.341	17.685	0.059	0	incorrect	0
8gz5B	21	6.611	0.0	24.909	18.124	0.051	0	incorrect	0
8gz5B	22	7.711	0.054	32.713	19.827	0.051	0	incorrect	0
8gz5B	23	8.439	0.0	27.119	20.126	0.04	0	incorrect	0
8gz5B	24	10.28	0.036	32.947	21.864	0.04	0	incorrect	0
8gz5B	25	10.644	0.0	32.638	22.896	0.028	0	incorrect	0
8cwuB	1	12.84	0.019	23.267	22.045	0.05	0	incorrect	0
8cwuB	2	12.892	0.019	23.667	22.13	0.049	0	incorrect	0
8cwuB	3	16.627	0.0	32.289	32.701	0.024	0	incorrect	0
8cwuB	4	16.545	0.0	34.325	32.998	0.022	0	incorrect	0
8cwuB	5	17.461	0.0	32.441	33.083	0.024	0	incorrect	0
8cwuB	6	16.375	0.0	32.08	32.25	0.025	0	incorrect	0
8cwuB	7	17.085	0.0	31.882	30.079	0.025	0	incorrect	0
8cwuB	8	16.861	0.0	31.487	29.209	0.025	0	incorrect	0
8cwuB	9	13.165	0.019	25.353	23.868	0.044	0	incorrect	0
8cwuB	10	16.412	0.0	32.499	32.213	0.024	0	incorrect	0
8cwuB	11	17.179	0.0	33.927	32.961	0.022	0	incorrect	0
8cwuB	12	17.731	0.0	31.334	30.89	0.025	0	incorrect	0
8cwuB	13	16.892	0.0	32.246	32.636	0.024	0	incorrect	0
8cwuB	14	14.596	0.0	29.62	24.559	0.029	0	incorrect	0
8cwuB	15	16.26	0.0	31.901	32.229	0.025	0	incorrect	0
8cwuB	16	13.776	0.0	25.61	25.078	0.037	0	incorrect	0
8cwuB	17	16.435	0.0	32.377	28.701	0.024	0	incorrect	0
8cwuB	18	12.656	0.019	24.437	22.239	0.047	0	incorrect	0
8cwuB	19	16.152	0.0	34.522	24.686	0.022	0	incorrect	0
8cwuB	20	17.36	0.0	30.405	28.321	0.027	0	incorrect	0
8cwuB	21	16.628	0.0	30.161	25.381	0.027	0	incorrect	0
8cwuB	22	16.1	0.0	31.646	25.145	0.025	0	incorrect	0
8cwuB	23	14.809	0.0	29.526	25.794	0.029	0	incorrect	0
8cwuB	24	13.37	0.0	24.452	23.173	0.04	0	incorrect	0
8cwuB	25	14.462	0.0	26.403	25.712	0.035	0	incorrect	0
7x2mB	1	14.58	0.0	27.913	24.461	0.032	0	incorrect	0
7x2mB	2	14.742	0.0	28.084	24.769	0.031	0	incorrect	0
7x2mB	3	14.743	0.0	28.429	24.778	0.031	0	incorrect	0
7x2mB	4	15.588	0.0	29.04	26.084	0.029	0	incorrect	0
7x2mB	5	15.583	0.0	29.011	26.023	0.029	0	incorrect	0
7x2mB	6	15.801	0.0	28.659	25.909	0.03	0	incorrect	0
7x2mB	7	14.282	0.0	28.256	23.792	0.031	0	incorrect	0
7x2mB	8	15.535	0.0	28.491	25.159	0.03	0	incorrect	0
7x2mB	9	15.432	0.0	32.389	30.148	0.025	0	incorrect	0
7x2mB	10	15.028	0.0	29.928	24.726	0.028	0	incorrect	0
7x2mB	11	14.49	0.0	27.264	24.054	0.033	0	incorrect	0
7x2mB	12	14.561	0.0	26.857	23.792	0.034	0	incorrect	0
7x2mB	13	14.111	0.0	26.255	23.058	0.035	0	incorrect	0
7x2mB	14	13.51	0.0	29.117	21.794	0.03	0	incorrect	0
7x2mB	15	13.673	0.0	26.367	22.09	0.035	0	incorrect	0
7x2mB	16	13.405	0.0	27.017	21.493	0.034	0	incorrect	0
7x2mB	17	14.232	0.0	25.99	23.815	0.036	0	incorrect	0
7x2mB	18	13.944	0.0	26.876	22.898	0.034	0	incorrect	0
7x2mB	19	14.762	0.0	27.937	24.794	0.032	0	incorrect	0
7x2mB	20	13.883	0.0	26.233	23.36	0.036	0	incorrect	0
7x2mB	21	14.243	0.0	26.452	24.135	0.035	0	incorrect	0
7x2mB	22	15.689	0.0	30.432	25.321	0.027	0	incorrect	0
7x2mB	23	14.606	0.0	27.418	24.886	0.033	0	incorrect	0
7x2mB	24	14.641	0.0	27.079	24.904	0.033	0	incorrect	0
7x2mB	25	15.28	0.0	29.232	24.932	0.029	0	incorrect	0
7voaA	1	12.823	0.096	49.27	26.105	0.046	0	incorrect	0
7voaA	2	14.621	0.0	26.703	29.434	0.034	0	incorrect	0
7voaA	3	8.673	0.096	36.864	20.438	0.059	0	incorrect	0
7voaA	4	5.75	0.135	28.703	15.679	0.093	0	incorrect	0
7voaA	5	6.74	0.077	31.213	17.299	0.064	0	incorrect	0
7voaA	6	14.448	0.0	27.448	29.299	0.033	0	incorrect	0
7voaA	7	7.665	0.096	32.884	18.776	0.065	0	incorrect	0
7voaA	8	9.557	0.115	37.434	21.635	0.063	0	incorrect	0
7voaA	9	11.951	0.115	37.128	23.699	0.06	0	incorrect	0
7voaA	10	10.734	0.135	37.335	23.31	0.068	0	incorrect	0
7voaA	11	14.252	0.0	25.875	29.181	0.036	0	incorrect	0
7voaA	12	13.825	0.135	39.79	24.779	0.063	0	incorrect	0
7voaA	13	11.525	0.135	38.837	23.863	0.066	0	incorrect	0
7voaA	14	11.692	0.135	37.397	23.904	0.067	0	incorrect	0
7voaA	15	14.229	0.135	39.481	24.104	0.063	0	incorrect	0
7voaA	16	14.042	0.154	41.372	23.942	0.069	0	incorrect	0
7voaA	17	14.055	0.154	37.238	24.797	0.072	0	incorrect	0
7voaA	18	11.171	0.0	23.13	23.995	0.046	0	incorrect	0
7voaA	19	10.409	0.0	35.978	23.704	0.024	0	incorrect	0
7voaA	20	8.373	0.019	30.408	23.188	0.041	0	incorrect	0
7voaA	21	9.179	0.0	22.418	21.678	0.051	0	incorrect	0
7voaA	22	14.605	0.019	34.884	29.78	0.029	0	incorrect	0
7voaA	23	12.978	0.0	31.917	31.303	0.026	0	incorrect	0
7voaA	24	8.161	0.058	31.823	20.749	0.052	0	incorrect	0
7voaA	25	10.324	0.0	34.534	22.677	0.026	0	incorrect	0
7ubxC	1	11.111	0.0	30.316	26.096	0.03	0	incorrect	0
7ubxC	2	18.817	0.0	56.06	38.839	0.01	0	incorrect	0
7ubxC	3	16.598	0.0	46.708	25.957	0.013	0	incorrect	0
7ubxC	4	18.546	0.0	55.866	38.596	0.01	0	incorrect	0
7ubxC	5	16.436	0.0	46.026	27.132	0.014	0	incorrect	0
7ubxC	6	17.576	0.0	46.345	30.307	0.013	0	incorrect	0
7ubxC	7	17.623	0.0	47.207	29.824	0.013	0	incorrect	0
7ubxC	8	12.818	0.0	28.581	28.86	0.032	0	incorrect	0
7ubxC	9	13.427	0.0	28.947	28.757	0.031	0	incorrect	0
7ubxC	10	18.143	0.0	50.182	29.882	0.012	0	incorrect	0
7ubxC	11	12.681	0.0	27.665	28.478	0.033	0	incorrect	0
7ubxC	12	17.656	0.0	48.041	29.797	0.013	0	incorrect	0
7ubxC	13	17.52	0.0	45.451	28.57	0.014	0	incorrect	0
7ubxC	14	14.27	0.0	43.391	24.999	0.016	0	incorrect	0
7ubxC	15	17.625	0.0	49.065	28.328	0.012	0	incorrect	0
7ubxC	16	16.912	0.0	47.88	26.833	0.013	0	incorrect	0
7ubxC	17	18.794	0.0	50.588	29.376	0.011	0	incorrect	0
7ubxC	18	11.736	0.0	24.594	25.197	0.041	0	incorrect	0
7ubxC	19	17.695	0.0	49.288	29.784	0.012	0	incorrect	0
7ubxC	20	12.378	0.0	25.361	24.669	0.038	0	incorrect	0
7ubxC	21	13.701	0.0	28.597	28.115	0.031	0	incorrect	0
7ubxC	22	11.736	0.0	28.434	24.668	0.033	0	incorrect	0
7ubxC	23	13.588	0.015	42.834	24.453	0.022	0	incorrect	0
7ubxC	24	16.38	0.0	38.848	30.017	0.018	0	incorrect	0
7ubxC	25	15.913	0.0	35.09	29.893	0.021	0	incorrect	0
7th2C	1	4.752	0.188	17.063	12.033	0.159	0	incorrect	0
7th2C	2	4.644	0.188	16.64	11.767	0.163	0	incorrect	0
7th2C	3	4.679	0.203	16.154	11.75	0.171	0	incorrect	0
7th2C	4	4.575	0.141	16.628	11.32	0.148	0	incorrect	0
7th2C	5	4.673	0.203	16.547	11.799	0.168	0	incorrect	0
7th2C	6	4.601	0.188	17.286	11.866	0.159	0	incorrect	0
7th2C	7	4.1	0.203	18.146	11.379	0.167	0	incorrect	0
7th2C	8	4.348	0.234	16.045	10.981	0.187	0	incorrect	0
7th2C	9	4.314	0.234	14.445	10.71	0.2	0	incorrect	0
7th2C	10	4.211	0.188	16.791	10.654	0.168	0	incorrect	0
7th2C	11	4.033	0.219	15.956	10.783	0.187	0	incorrect	0
7th2C	12	4.402	0.188	15.054	10.682	0.178	0	incorrect	0
7th2C	13	4.212	0.203	17.264	10.724	0.17	0	incorrect	0
7th2C	14	4.286	0.188	16.122	11.01	0.171	0	incorrect	0
7th2C	15	3.579	0.25	14.906	9.561	0.215	1	acceptable	1
7th2C	16	4.238	0.188	16.753	10.635	0.168	1	incorrect	1
7th2C	17	4.014	0.234	17.527	10.588	0.182	1	incorrect	1
7th2C	18	4.26	0.203	13.984	10.238	0.194	1	incorrect	1
7th2C	19	4.085	0.172	18.188	10.711	0.157	1	incorrect	1
7th2C	20	3.933	0.219	15.668	10.05	0.191	1	acceptable	1
7th2C	21	7.565	0.109	30.893	20.845	0.073	1	incorrect	1
7th2C	22	6.958	0.25	28.436	18.981	0.125	1	incorrect	1
7th2C	23	4.922	0.203	20.544	13.029	0.145	1	incorrect	1
7th2C	24	5.484	0.391	20.776	13.678	0.201	1	incorrect	1
7th2C	25	3.515	0.359	14.797	8.613	0.254	1	acceptable	1
8en2D	1	2.033	0.718	10.029	4.75	0.496	1	acceptable	1
8en2D	2	2.179	0.641	7.886	3.96	0.5	1	acceptable	1
8en2D	3	1.895	0.744	9.657	4.205	0.522	1	medium	2
8en2D	4	0.923	0.949	4.619	2.022	0.815	1	high	3
8en2D	5	2.125	0.744	10.903	5.034	0.485	1	acceptable	3
8en2D	6	1.981	0.795	9.9	4.56	0.528	1	medium	3
8en2D	7	1.903	0.795	10.346	4.416	0.527	1	medium	3
8en2D	8	1.875	0.795	10.489	4.436	0.527	1	medium	3
8en2D	9	9.491	0.154	39.521	22.18	0.074	1	incorrect	3
8en2D	10	2.067	0.795	12.623	5.668	0.484	1	acceptable	3
8en2D	11	9.765	0.154	39.532	22.635	0.074	1	incorrect	3
8en2D	12	7.342	0.128	34.659	19.457	0.075	1	incorrect	3
8en2D	13	6.163	0.077	30.922	17.488	0.068	1	incorrect	3
8en2D	14	10.266	0.103	41.657	23.854	0.054	1	incorrect	3
8en2D	15	3.661	0.462	20.226	10.993	0.252	1	acceptable	3
8en2D	16	5.772	0.077	30.002	17.128	0.071	1	incorrect	3
8en2D	17	5.24	0.103	27.956	16.069	0.088	1	incorrect	3
8en2D	18	5.309	0.103	28.858	16.564	0.085	1	incorrect	3
8en2D	19	4.086	0.128	23.506	13.676	0.121	1	incorrect	3
8en2D	20	15.097	0.0	40.341	31.286	0.017	1	incorrect	3
8en2D	21	11.746	0.026	35.679	24.937	0.032	1	incorrect	3
8en2D	22	5.55	0.256	27.402	14.836	0.137	1	incorrect	3
8en2D	23	9.661	0.077	39.356	22.579	0.048	1	incorrect	3
8en2D	24	13.48	0.0	35.551	27.608	0.022	1	incorrect	3
8en2D	25	11.997	0.077	30.711	20.263	0.054	1	incorrect	3
8ew6V	1	13.078	0.0	38.495	30.384	0.02	0	incorrect	0
8ew6V	2	12.902	0.0	38.925	30.009	0.02	0	incorrect	0
8ew6V	3	13.012	0.0	38.78	30.268	0.02	0	incorrect	0
8ew6V	4	12.825	0.0	39.148	29.911	0.02	0	incorrect	0
8ew6V	5	12.92	0.0	38.885	30.026	0.02	0	incorrect	0
8ew6V	6	12.901	0.0	38.707	29.952	0.02	0	incorrect	0
8ew6V	7	12.795	0.0	38.863	29.745	0.02	0	incorrect	0
8ew6V	8	12.758	0.0	38.312	29.482	0.02	0	incorrect	0
8ew6V	9	13.06	0.0	23.144	21.807	0.044	0	incorrect	0
8ew6V	10	13.726	0.0	22.642	22.796	0.045	0	incorrect	0
8ew6V	11	13.497	0.0	23.283	22.885	0.043	0	incorrect	0
8ew6V	12	13.604	0.0	23.105	22.806	0.044	0	incorrect	0
8ew6V	13	13.245	0.0	21.62	22.446	0.049	0	incorrect	0
8ew6V	14	11.029	0.043	26.862	18.115	0.051	0	incorrect	0
8ew6V	15	12.599	0.0	25.584	20.199	0.038	0	incorrect	0
8ew6V	16	13.313	0.0	21.937	22.347	0.048	0	incorrect	0
8ew6V	17	12.32	0.0	26.931	19.18	0.035	0	incorrect	0
8ew6V	18	12.418	0.0	25.15	20.947	0.039	0	incorrect	0
8ew6V	19	12.99	0.021	25.672	20.556	0.044	0	incorrect	0
8ew6V	20	12.249	0.043	26.128	19.25	0.051	0	incorrect	0
8ew6V	21	12.766	0.0	25.646	20.559	0.038	0	incorrect	0
8ew6V	22	12.191	0.0	25.911	20.54	0.037	0	incorrect	0
8ew6V	23	12.207	0.0	25.93	19.658	0.037	0	incorrect	0
8ew6V	24	12.013	0.0	19.733	20.827	0.057	0	incorrect	0
8ew6V	25	12.951	0.0	25.873	20.574	0.037	0	incorrect	0
7yz9B	1	14.851	0.022	28.767	23.68	0.037	0	incorrect	0
7yz9B	2	11.98	0.043	25.671	20.891	0.053	0	incorrect	0
7yz9B	3	11.768	0.022	24.774	20.734	0.048	0	incorrect	0
7yz9B	4	8.736	0.022	16.898	15.335	0.084	0	incorrect	0
7yz9B	5	11.191	0.043	24.581	19.926	0.056	0	incorrect	0
7yz9B	6	8.476	0.13	18.195	14.883	0.113	0	incorrect	0
7yz9B	7	8.978	0.152	21.408	16.843	0.105	0	incorrect	0
7yz9B	8	15.024	0.022	28.177	23.446	0.038	0	incorrect	0
7yz9B	9	8.004	0.109	17.248	13.929	0.113	0	incorrect	0
7yz9B	10	8.335	0.087	17.679	14.382	0.102	0	incorrect	0
7yz9B	11	13.358	0.0	26.75	21.162	0.035	0	incorrect	0
7yz9B	12	8.45	0.087	17.798	14.553	0.101	0	incorrect	0
7yz9B	13	12.052	0.0	25.117	19.78	0.039	0	incorrect	0
7yz9B	14	8.799	0.043	17.868	15.44	0.085	0	incorrect	0
7yz9B	15	8.424	0.109	17.894	14.649	0.108	0	incorrect	0
7yz9B	16	9.75	0.022	19.468	16.946	0.068	0	incorrect	0
7yz9B	17	9.657	0.109	22.238	17.614	0.087	0	incorrect	0
7yz9B	18	9.252	0.065	18.725	16.402	0.087	0	incorrect	0
7yz9B	19	14.307	0.0	26.714	22.259	0.034	0	incorrect	0
7yz9B	20	10.885	0.022	24.214	19.137	0.05	0	incorrect	0
7yz9B	21	11.163	0.022	24.258	19.077	0.05	0	incorrect	0
7yz9B	22	13.98	0.0	25.888	22.138	0.036	0	incorrect	0
7yz9B	23	9.654	0.043	18.69	16.994	0.079	0	incorrect	0
7yz9B	24	14.322	0.0	26.341	22.362	0.035	0	incorrect	0
7yz9B	25	11.299	0.043	24.698	19.523	0.056	0	incorrect	0
7w1sB	1	1.02	0.818	3.369	1.665	0.789	1	medium	2
7w1sB	2	3.875	0.409	11.062	10.009	0.304	1	acceptable	2
7w1sB	3	3.737	0.386	10.202	9.49	0.312	1	acceptable	2
7w1sB	4	4.322	0.295	12.354	11.265	0.241	1	incorrect	2
7w1sB	5	4.565	0.25	13.846	12.189	0.207	1	incorrect	2
7w1sB	6	4.683	0.182	15.104	12.792	0.172	1	incorrect	2
7w1sB	7	5.368	0.227	13.081	12.601	0.199	1	incorrect	2
7w1sB	8	4.51	0.205	16.748	12.661	0.17	1	incorrect	2
7w1sB	9	16.478	0.0	31.334	34.94	0.026	1	incorrect	2
7w1sB	10	16.478	0.0	32.19	36.029	0.024	1	incorrect	2
7w1sB	11	5.276	0.091	12.4	13.66	0.162	1	incorrect	2
7w1sB	12	6.113	0.114	19.074	16.363	0.112	1	incorrect	2
7w1sB	13	6.073	0.068	16.895	15.765	0.109	1	incorrect	2
7w1sB	14	7.782	0.0	22.09	20.596	0.055	1	incorrect	2
7w1sB	15	6.344	0.114	15.353	15.494	0.134	1	incorrect	2
7w1sB	16	8.426	0.068	19.379	19.695	0.087	1	incorrect	2
7w1sB	17	8.821	0.0	24.327	23.154	0.046	1	incorrect	2
7w1sB	18	8.728	0.0	19.688	20.784	0.062	1	incorrect	2
7w1sB	19	4.568	0.295	14.708	11.973	0.214	1	incorrect	2
7w1sB	20	7.966	0.045	21.291	20.672	0.072	1	incorrect	2
7w1sB	21	5.646	0.091	19.977	15.042	0.103	1	incorrect	2
7w1sB	22	7.503	0.091	17.365	17.756	0.108	1	incorrect	2
7w1sB	23	8.376	0.023	18.98	19.677	0.074	1	incorrect	2
7w1sB	24	13.94	0.091	29.693	33.879	0.059	1	incorrect	2
7w1sB	25	5.943	0.136	15.662	14.922	0.141	1	incorrect	2
7zmvG	1	15.047	0.0	44.061	26.365	0.015	0	incorrect	0
7zmvG	2	15.101	0.0	43.96	26.446	0.015	0	incorrect	0
7zmvG	3	15.108	0.0	44.198	26.587	0.015	0	incorrect	0
7zmvG	4	15.142	0.0	43.544	26.629	0.015	0	incorrect	0
7zmvG	5	15.211	0.0	43.294	26.744	0.016	0	incorrect	0
7zmvG	6	15.845	0.0	43.781	28.435	0.015	0	incorrect	0
7zmvG	7	10.567	0.052	45.443	28.948	0.035	0	incorrect	0
7zmvG	8	10.575	0.034	44.828	28.915	0.03	0	incorrect	0
7zmvG	9	15.419	0.0	43.298	27.781	0.015	0	incorrect	0
7zmvG	10	11.315	0.034	44.783	29.343	0.029	0	incorrect	0
7zmvG	11	15.157	0.0	42.401	27.219	0.016	0	incorrect	0
7zmvG	12	15.089	0.0	42.231	27.164	0.016	0	incorrect	0
7zmvG	13	15.597	0.0	43.553	28.025	0.015	0	incorrect	0
7zmvG	14	10.548	0.017	43.478	28.527	0.025	0	incorrect	0
7zmvG	15	10.672	0.034	43.404	27.936	0.03	0	incorrect	0
7zmvG	16	10.655	0.017	43.275	28.472	0.025	0	incorrect	0
7zmvG	17	10.368	0.017	42.622	28.125	0.025	0	incorrect	0
7zmvG	18	10.322	0.034	42.889	27.684	0.031	0	incorrect	0
7zmvG	19	12.444	0.017	45.771	30.634	0.022	0	incorrect	0
7zmvG	20	11.996	0.017	45.043	30.263	0.022	0	incorrect	0
7zmvG	21	10.396	0.017	42.003	27.795	0.026	0	incorrect	0
7zmvG	22	10.487	0.017	41.993	27.84	0.026	0	incorrect	0
7zmvG	23	9.934	0.052	40.701	27.081	0.039	0	incorrect	0
7zmvG	24	10.212	0.069	40.929	27.451	0.044	0	incorrect	0
7zmvG	25	12.821	0.0	44.768	30.948	0.016	0	incorrect	0
7unzA	1	26.38	0.0	47.69	59.412	0.011	0	incorrect	0
7unzA	2	24.403	0.0	47.775	54.804	0.011	0	incorrect	0
7unzA	3	5.099	0.268	13.572	12.048	0.21	0	incorrect	0
7unzA	4	5.422	0.161	15.675	12.827	0.153	0	incorrect	0
7unzA	5	24.437	0.0	47.761	55.966	0.011	0	incorrect	0
7unzA	6	6.924	0.143	22.712	17.667	0.104	0	incorrect	0
7unzA	7	6.198	0.125	20.554	15.361	0.109	0	incorrect	0
7unzA	8	24.723	0.0	48.259	56.585	0.011	0	incorrect	0
7unzA	9	5.373	0.125	16.668	9.737	0.135	0	incorrect	0
7unzA	10	5.233	0.321	17.353	12.022	0.197	0	incorrect	0
7unzA	11	5.828	0.036	12.162	13.579	0.142	0	incorrect	0
7unzA	12	6.963	0.0	18.375	18.43	0.074	0	incorrect	0
7unzA	13	5.077	0.232	11.242	11.59	0.225	0	incorrect	0
7unzA	14	5.213	0.107	12.815	11.859	0.163	0	incorrect	0
7unzA	15	15.434	0.0	34.181	30.037	0.023	0	incorrect	0
7unzA	16	5.749	0.089	14.17	14.086	0.139	0	incorrect	0
7unzA	17	5.405	0.179	18.108	11.184	0.144	0	incorrect	0
7unzA	18	8.188	0.0	17.511	21.134	0.074	0	incorrect	0
7unzA	19	23.346	0.0	46.843	51.888	0.012	0	incorrect	0
7unzA	20	9.139	0.0	17.421	22.673	0.073	0	incorrect	0
7unzA	21	4.653	0.268	18.723	10.452	0.178	0	incorrect	0
7unzA	22	12.696	0.018	32.238	32.171	0.032	0	incorrect	0
7unzA	23	14.021	0.0	32.24	26.669	0.025	0	incorrect	0
7unzA	24	12.829	0.0	30.449	25.336	0.029	0	incorrect	0
7unzA	25	10.892	0.0	28.172	21.482	0.034	0	incorrect	0
8en3C	1	6.312	0.167	34.121	14.248	0.093	0	incorrect	0
8en3C	2	5.135	0.233	29.395	12.847	0.13	0	incorrect	0
8en3C	3	5.316	0.267	30.041	11.002	0.138	0	incorrect	0
8en3C	4	7.392	0.217	37.342	15.227	0.102	0	incorrect	0
8en3C	5	5.515	0.15	31.725	13.363	0.095	0	incorrect	0
8en3C	6	7.869	0.267	37.407	15.409	0.117	0	incorrect	0
8en3C	7	7.289	0.233	36.596	14.818	0.108	0	incorrect	0
8en3C	8	6.495	0.3	33.822	12.899	0.137	0	incorrect	0
8en3C	9	4.983	0.183	28.345	12.968	0.116	0	incorrect	0
8en3C	10	5.994	0.233	31.657	11.336	0.12	0	incorrect	0
8en3C	11	5.14	0.217	28.995	13.355	0.125	0	incorrect	0
8en3C	12	8.756	0.133	38.5	16.84	0.069	0	incorrect	0
8en3C	13	4.965	0.25	29.697	11.659	0.136	0	incorrect	0
8en3C	14	5.263	0.167	27.794	13.586	0.109	0	incorrect	0
8en3C	15	8.381	0.183	37.797	15.932	0.088	0	incorrect	0
8en3C	16	9.464	0.1	36.738	15.8	0.058	0	incorrect	0
8en3C	17	5.819	0.167	30.346	11.669	0.101	0	incorrect	0
8en3C	18	7.94	0.267	36.866	15.345	0.117	0	incorrect	0
8en3C	19	11.683	0.017	39.539	18.804	0.026	0	incorrect	0
8en3C	20	8.189	0.183	34.48	15.395	0.091	0	incorrect	0
8en3C	21	9.008	0.133	36.593	16.06	0.071	0	incorrect	0
8en3C	22	10.538	0.083	41.066	19.164	0.048	0	incorrect	0
8en3C	23	9.715	0.1	38.719	17.235	0.056	0	incorrect	0
8en3C	24	10.953	0.1	41.668	19.515	0.053	0	incorrect	0
8en3C	25	8.805	0.133	34.878	15.415	0.073	0	incorrect	0
7tgiB	1	0.832	0.857	3.069	1.699	0.836	1	high	3
7tgiB	2	0.81	0.875	3.347	1.696	0.838	1	high	3
7tgiB	3	0.808	0.875	2.669	1.601	0.853	1	high	3
7tgiB	4	0.76	0.875	2.521	1.465	0.863	1	high	3
7tgiB	5	0.777	0.875	2.745	1.524	0.856	1	high	3
7tgiB	6	0.863	0.839	3.312	1.802	0.82	1	high	3
7tgiB	7	0.857	0.821	3.231	1.77	0.816	1	high	3
7tgiB	8	0.836	0.857	2.924	1.703	0.838	1	high	3
7tgiB	9	0.853	0.857	2.931	1.727	0.836	1	high	3
7tgiB	10	0.763	0.857	2.453	1.477	0.858	1	high	3
7tgiB	11	0.892	0.804	3.198	1.863	0.806	1	high	3
7tgiB	12	0.897	0.786	3.356	1.893	0.796	1	high	3
7tgiB	13	0.806	0.821	2.85	1.606	0.832	1	high	3
7tgiB	14	0.773	0.857	2.461	1.487	0.857	1	high	3
7tgiB	15	0.831	0.804	3.146	1.713	0.816	1	high	3
7tgiB	16	2.23	0.571	3.596	3.748	0.577	1	medium	3
7tgiB	17	15.098	0.0	27.322	22.646	0.033	1	incorrect	3
7tgiB	18	16.831	0.036	27.503	25.782	0.044	1	incorrect	3
7tgiB	19	15.499	0.036	27.465	23.871	0.044	1	incorrect	3
7tgiB	20	15.059	0.018	26.542	23.336	0.04	1	incorrect	3
7tgiB	21	15.579	0.0	27.887	23.403	0.031	1	incorrect	3
7tgiB	22	14.906	0.0	27.357	22.382	0.033	1	incorrect	3
7tgiB	23	14.006	0.0	27.746	20.708	0.032	1	incorrect	3
7tgiB	24	14.931	0.018	26.526	25.124	0.04	1	incorrect	3
7tgiB	25	10.106	0.196	22.094	20.32	0.116	1	incorrect	3
7nxxB	1	9.329	0.043	22.286	17.531	0.065	0	incorrect	0
7nxxB	2	9.816	0.022	24.617	17.42	0.05	0	incorrect	0
7nxxB	3	9.859	0.022	24.935	17.559	0.049	0	incorrect	0
7nxxB	4	5.82	0.043	10.4	10.726	0.169	0	incorrect	0
7nxxB	5	9.751	0.022	25.338	17.556	0.049	0	incorrect	0
7nxxB	6	9.73	0.022	25.234	17.388	0.049	0	incorrect	0
7nxxB	7	6.738	0.0	12.69	12.154	0.119	0	incorrect	0
7nxxB	8	7.93	0.0	14.27	14.425	0.099	0	incorrect	0
7nxxB	9	7.332	0.0	13.266	13.357	0.11	0	incorrect	0
7nxxB	10	7.405	0.0	13.744	13.798	0.105	0	incorrect	0
7nxxB	11	9.763	0.0	18.57	16.703	0.065	0	incorrect	0
7nxxB	12	9.365	0.0	21.917	19.841	0.052	0	incorrect	0
7nxxB	13	11.596	0.0	20.709	19.98	0.054	0	incorrect	0
7nxxB	14	9.464	0.0	18.231	16.174	0.068	0	incorrect	0
7nxxB	15	9.638	0.087	19.297	15.223	0.091	0	incorrect	0
7nxxB	16	11.311	0.0	19.952	20.798	0.057	0	incorrect	0
7nxxB	17	9.952	0.043	19.674	16.406	0.074	0	incorrect	0
7nxxB	18	11.202	0.0	19.858	19.753	0.057	0	incorrect	0
7nxxB	19	10.144	0.043	20.121	15.783	0.072	0	incorrect	0
7nxxB	20	11.625	0.0	20.425	21.118	0.055	0	incorrect	0
7nxxB	21	11.804	0.0	20.551	20.91	0.054	0	incorrect	0
7nxxB	22	9.276	0.0	21.919	19.778	0.052	0	incorrect	0
7nxxB	23	9.309	0.0	19.008	20.813	0.064	0	incorrect	0
7nxxB	24	9.08	0.0	21.933	20.18	0.052	0	incorrect	0
7nxxB	25	9.992	0.0	26.259	18.744	0.039	0	incorrect	0
8dtnE	1	5.269	0.143	9.883	9.458	0.214	1	acceptable	1
8dtnE	2	5.837	0.143	10.827	10.303	0.195	1	incorrect	1
8dtnE	3	4.453	0.357	8.98	8.095	0.311	1	acceptable	1
8dtnE	4	5.401	0.167	9.883	9.427	0.221	1	acceptable	1
8dtnE	5	4.783	0.405	9.592	8.481	0.311	1	acceptable	1
8dtnE	6	10.038	0.071	17.186	17.665	0.097	1	incorrect	1
8dtnE	7	5.632	0.262	10.357	9.699	0.244	1	incorrect	1
8dtnE	8	9.612	0.048	16.467	16.841	0.094	1	incorrect	1
8dtnE	9	9.677	0.071	16.455	16.959	0.102	1	incorrect	1
8dtnE	10	10.166	0.071	17.448	17.832	0.095	1	incorrect	1
8dtnE	11	5.8	0.262	10.111	9.75	0.246	1	incorrect	1
8dtnE	12	8.52	0.071	14.781	15.351	0.117	1	incorrect	1
8dtnE	13	8.949	0.071	15.452	15.979	0.11	1	incorrect	1
8dtnE	14	8.693	0.048	15.8	15.296	0.1	1	incorrect	1
8dtnE	15	4.682	0.19	8.444	8.349	0.262	1	acceptable	1
8dtnE	16	9.141	0.095	15.681	16.282	0.116	1	incorrect	1
8dtnE	17	8.143	0.048	14.198	14.805	0.115	1	incorrect	1
8dtnE	18	9.294	0.095	15.959	16.505	0.114	1	incorrect	1
8dtnE	19	7.054	0.071	12.384	13.147	0.145	1	incorrect	1
8dtnE	20	8.399	0.071	14.593	15.142	0.119	1	incorrect	1
8dtnE	21	8.821	0.119	16.16	15.382	0.121	1	incorrect	1
8dtnE	22	10.277	0.0	17.507	17.889	0.071	1	incorrect	1
8dtnE	23	8.787	0.119	16.454	15.513	0.119	1	incorrect	1
8dtnE	24	9.41	0.024	16.79	16.308	0.084	1	incorrect	1
8dtnE	25	9.122	0.048	16.511	15.877	0.094	1	incorrect	1
8h3yE	1	3.631	0.8	5.7	5.382	0.545	1	acceptable	1
8h3yE	2	19.167	0.0	34.223	33.936	0.021	1	incorrect	1
8h3yE	3	19.217	0.0	33.648	35.312	0.022	1	incorrect	1
8h3yE	4	18.997	0.0	34.461	34.539	0.021	1	incorrect	1
8h3yE	5	19.186	0.0	33.968	33.855	0.022	1	incorrect	1
8h3yE	6	19.366	0.0	32.998	34.77	0.023	1	incorrect	1
8h3yE	7	19.529	0.0	33.415	34.809	0.022	1	incorrect	1
8h3yE	8	19.109	0.0	33.592	34.628	0.022	1	incorrect	1
8h3yE	9	18.843	0.0	35.968	33.552	0.02	1	incorrect	1
8h3yE	10	19.252	0.0	33.618	34.247	0.022	1	incorrect	1
8h3yE	11	19.778	0.0	32.843	34.239	0.023	1	incorrect	1
8h3yE	12	19.098	0.0	33.912	34.149	0.022	1	incorrect	1
8h3yE	13	18.639	0.0	35.085	33.867	0.021	1	incorrect	1
8h3yE	14	19.501	0.0	33.724	34.318	0.022	1	incorrect	1
8h3yE	15	18.894	0.0	33.894	34.086	0.022	1	incorrect	1
8h3yE	16	18.947	0.0	34.089	33.513	0.022	1	incorrect	1
8h3yE	17	19.036	0.0	34.224	34.31	0.021	1	incorrect	1
8h3yE	18	18.53	0.0	34.995	34.795	0.021	1	incorrect	1
8h3yE	19	19.086	0.0	33.83	33.829	0.022	1	incorrect	1
8h3yE	20	18.537	0.0	33.783	33.39	0.022	1	incorrect	1
8h3yE	21	18.747	0.0	34.811	33.95	0.021	1	incorrect	1
8h3yE	22	18.052	0.0	36.164	32.623	0.02	1	incorrect	1
8h3yE	23	18.163	0.0	35.06	33.227	0.021	1	incorrect	1
8h3yE	24	17.858	0.0	36.5	33.784	0.019	1	incorrect	1
8h3yE	25	16.818	0.0	34.836	31.986	0.021	1	incorrect	1
7q3qB	1	0.631	0.931	2.927	1.156	0.892	1	high	3
7q3qB	2	0.645	0.931	3.172	1.2	0.884	1	high	3
7q3qB	3	0.661	0.966	2.725	1.21	0.903	1	high	3
7q3qB	4	0.625	0.966	2.373	1.074	0.915	1	high	3
7q3qB	5	0.649	0.966	2.673	1.185	0.906	1	high	3
7q3qB	6	0.69	0.862	3.367	1.337	0.851	1	high	3
7q3qB	7	0.648	0.966	3.342	1.168	0.891	1	high	3
7q3qB	8	0.659	0.948	2.869	1.189	0.895	1	high	3
7q3qB	9	0.653	0.966	2.365	1.088	0.911	1	high	3
7q3qB	10	16.889	0.0	31.338	34.759	0.025	1	incorrect	3
7q3qB	11	16.828	0.0	31.367	34.716	0.025	1	incorrect	3
7q3qB	12	1.663	0.845	4.934	3.079	0.68	1	medium	3
7q3qB	13	0.636	0.948	2.472	1.061	0.906	1	high	3
7q3qB	14	1.732	0.81	5.119	3.273	0.658	1	medium	3
7q3qB	15	1.828	0.81	3.927	3.247	0.679	1	medium	3
7q3qB	16	1.653	0.638	8.015	3.513	0.54	1	medium	3
7q3qB	17	2.181	0.655	5.134	4.076	0.57	1	acceptable	3
7q3qB	18	2.653	0.414	8.01	5.891	0.395	1	acceptable	3
7q3qB	19	13.369	0.172	33.852	23.566	0.081	1	incorrect	3
7q3qB	20	3.488	0.276	8.979	7.962	0.302	1	acceptable	3
7q3qB	21	16.779	0.0	27.431	31.352	0.032	1	incorrect	3
7q3qB	22	16.251	0.0	28.94	29.716	0.029	1	incorrect	3
7q3qB	23	16.132	0.0	29.581	29.443	0.028	1	incorrect	3
7q3qB	24	16.321	0.0	26.675	30.831	0.034	1	incorrect	3
7q3qB	25	7.14	0.034	15.149	15.813	0.105	1	incorrect	3
7tprE	1	10.321	0.108	77.808	19.517	0.047	0	incorrect	0
7tprE	2	10.178	0.081	85.786	20.336	0.037	0	incorrect	0
7tprE	3	8.485	0.122	90.725	16.336	0.054	0	incorrect	0
7tprE	4	9.162	0.176	89.007	17.65	0.07	0	incorrect	0
7tprE	5	10.403	0.081	82.061	20.106	0.037	0	incorrect	0
7tprE	6	11.644	0.014	95.021	21.375	0.013	0	incorrect	0
7tprE	7	11.129	0.014	96.62	20.115	0.013	0	incorrect	0
7tprE	8	11.115	0.014	97.601	19.368	0.013	0	incorrect	0
7tprE	9	13.232	0.014	97.996	25.904	0.011	0	incorrect	0
7tprE	10	14.598	0.0	96.774	26.991	0.006	0	incorrect	0
7tprE	11	37.333	0.0	93.729	80.316	0.003	0	incorrect	0
7tprE	12	37.37	0.0	94.668	76.568	0.003	0	incorrect	0
7tprE	13	37.859	0.0	91.317	80.159	0.003	0	incorrect	0
7tprE	14	36.039	0.0	97.493	73.247	0.003	0	incorrect	0
7tprE	15	32.979	0.0	99.381	67.968	0.003	0	incorrect	0
7tprE	16	37.179	0.0	110.379	71.083	0.003	0	incorrect	0
7tprE	17	29.019	0.0	99.345	62.823	0.003	0	incorrect	0
7tprE	18	28.982	0.0	105.338	63.829	0.003	0	incorrect	0
7tprE	19	29.059	0.0	103.51	61.18	0.003	0	incorrect	0
7tprE	20	31.22	0.0	101.901	67.774	0.003	0	incorrect	0
7tprE	21	20.813	0.0	105.844	37.85	0.004	0	incorrect	0
7tprE	22	31.354	0.0	97.342	66.097	0.003	0	incorrect	0
7tprE	23	35.243	0.0	108.072	76.605	0.003	0	incorrect	0
7tprE	24	36.205	0.0	99.659	77.825	0.003	0	incorrect	0
7tprE	25	31.097	0.0	112.457	59.517	0.003	0	incorrect	0
7x2jB	1	18.33	0.0	33.186	30.916	0.023	0	incorrect	0
7x2jB	2	18.137	0.0	33.16	30.617	0.023	0	incorrect	0
7x2jB	3	18.076	0.0	33.058	30.566	0.023	0	incorrect	0
7x2jB	4	18.46	0.0	33.406	31.232	0.022	0	incorrect	0
7x2jB	5	18.124	0.0	33.087	30.125	0.023	0	incorrect	0
7x2jB	6	18.133	0.0	32.816	30.243	0.023	0	incorrect	0
7x2jB	7	17.973	0.0	33.355	29.721	0.023	0	incorrect	0
7x2jB	8	17.741	0.0	32.458	29.151	0.024	0	incorrect	0
7x2jB	9	17.109	0.0	32.151	27.574	0.024	0	incorrect	0
7x2jB	10	17.066	0.0	32.002	27.382	0.025	0	incorrect	0
7x2jB	11	17.48	0.0	32.185	28.315	0.024	0	incorrect	0
7x2jB	12	17.588	0.0	33.062	28.744	0.023	0	incorrect	0
7x2jB	13	17.553	0.0	33.226	28.894	0.023	0	incorrect	0
7x2jB	14	17.44	0.0	31.812	27.999	0.025	0	incorrect	0
7x2jB	15	17.313	0.0	32.223	27.859	0.024	0	incorrect	0
7x2jB	16	17.279	0.0	31.283	28.641	0.025	0	incorrect	0
7x2jB	17	16.974	0.0	30.199	29.978	0.027	0	incorrect	0
7x2jB	18	16.254	0.0	29.01	28.275	0.029	0	incorrect	0
7x2jB	19	17.337	0.0	31.793	28.506	0.025	0	incorrect	0
7x2jB	20	17.65	0.0	31.505	29.206	0.025	0	incorrect	0
7x2jB	21	16.808	0.0	30.002	29.489	0.027	0	incorrect	0
7x2jB	22	17.036	0.0	33.005	28.377	0.023	0	incorrect	0
7x2jB	23	16.855	0.0	30.278	27.276	0.027	0	incorrect	0
7x2jB	24	17.077	0.0	30.98	28.572	0.026	0	incorrect	0
7x2jB	25	17.168	0.0	31.047	30.289	0.026	0	incorrect	0
7b5gD	1	15.463	0.0	24.691	25.334	0.038	0	incorrect	0
7b5gD	2	15.628	0.014	25.545	25.736	0.041	0	incorrect	0
7b5gD	3	14.582	0.0	23.681	25.388	0.042	0	incorrect	0
7b5gD	4	15.832	0.014	25.215	25.816	0.042	0	incorrect	0
7b5gD	5	15.768	0.014	25.349	25.845	0.041	0	incorrect	0
7b5gD	6	15.962	0.014	25.356	25.885	0.041	0	incorrect	0
7b5gD	7	15.324	0.0	25.042	25.409	0.038	0	incorrect	0
7b5gD	8	15.638	0.014	25.088	25.666	0.042	0	incorrect	0
7b5gD	9	14.165	0.0	23.91	25.846	0.041	0	incorrect	0
7b5gD	10	13.997	0.0	25.555	27.063	0.037	0	incorrect	0
7b5gD	11	14.346	0.0	24.205	26.044	0.04	0	incorrect	0
7b5gD	12	14.204	0.0	23.942	25.858	0.041	0	incorrect	0
7b5gD	13	14.423	0.0	24.77	26.582	0.039	0	incorrect	0
7b5gD	14	15.327	0.0	23.908	25.812	0.041	0	incorrect	0
7b5gD	15	13.258	0.0	23.31	25.694	0.043	0	incorrect	0
7b5gD	16	13.783	0.0	22.877	24.495	0.044	0	incorrect	0
7b5gD	17	13.907	0.0	23.465	25.525	0.042	0	incorrect	0
7b5gD	18	12.692	0.0	22.466	24.332	0.046	0	incorrect	0
7b5gD	19	14.157	0.0	23.023	24.719	0.044	0	incorrect	0
7b5gD	20	13.624	0.0	22.605	24.618	0.045	0	incorrect	0
7b5gD	21	14.116	0.0	23.064	24.879	0.044	0	incorrect	0
7b5gD	22	18.715	0.0	28.01	30.393	0.03	0	incorrect	0
7b5gD	23	12.985	0.0	21.514	23.485	0.049	0	incorrect	0
7b5gD	24	16.156	0.029	25.453	26.188	0.046	0	incorrect	0
7b5gD	25	14.911	0.0	22.048	23.603	0.046	0	incorrect	0
7x2lB	1	0.902	0.88	4.103	1.394	0.808	1	high	3
7x2lB	2	0.894	0.9	4.123	1.383	0.816	1	high	3
7x2lB	3	0.862	0.9	2.903	1.327	0.849	1	high	3
7x2lB	4	0.889	0.9	2.844	1.358	0.846	1	high	3
7x2lB	5	0.886	0.9	3.962	1.345	0.821	1	high	3
7x2lB	6	0.898	0.9	4.111	1.399	0.816	1	high	3
7x2lB	7	0.886	0.9	3.26	1.413	0.838	1	high	3
7x2lB	8	0.936	0.9	3.125	1.562	0.834	1	high	3
7x2lB	9	0.953	0.9	3.656	1.61	0.819	1	high	3
7x2lB	10	0.949	0.9	3.442	1.705	0.824	1	high	3
7x2lB	11	16.341	0.0	30.557	30.008	0.027	1	incorrect	3
7x2lB	12	15.721	0.0	28.874	28.008	0.03	1	incorrect	3
7x2lB	13	12.008	0.0	24.969	21.869	0.04	1	incorrect	3
7x2lB	14	12.471	0.0	25.386	23.057	0.038	1	incorrect	3
7x2lB	15	10.552	0.0	24.58	17.119	0.042	1	incorrect	3
7x2lB	16	15.562	0.0	29.395	26.301	0.029	1	incorrect	3
7x2lB	17	10.606	0.0	24.114	17.529	0.043	1	incorrect	3
7x2lB	18	10.916	0.0	24.705	18.658	0.041	1	incorrect	3
7x2lB	19	16.228	0.0	30.92	28.805	0.026	1	incorrect	3
7x2lB	20	7.353	0.1	24.407	16.625	0.083	1	incorrect	3
7x2lB	21	8.925	0.1	28.821	17.448	0.069	1	incorrect	3
7x2lB	22	11.49	0.0	22.278	19.916	0.048	1	incorrect	3
7x2lB	23	10.206	0.0	22.046	19.507	0.05	1	incorrect	3
7x2lB	24	8.611	0.0	21.035	17.191	0.057	1	incorrect	3
7x2lB	25	8.103	0.0	18.165	16.761	0.071	1	incorrect	3
8dtuA	1	7.288	0.205	13.789	14.472	0.174	0	incorrect	0
8dtuA	2	8.489	0.096	16.306	16.762	0.113	0	incorrect	0
8dtuA	3	7.763	0.229	17.185	17.526	0.154	0	incorrect	0
8dtuA	4	7.584	0.217	17.353	17.841	0.149	0	incorrect	0
8dtuA	5	8.077	0.193	16.416	16.811	0.146	0	incorrect	0
8dtuA	6	8.264	0.181	18.031	18.289	0.131	0	incorrect	0
8dtuA	7	7.404	0.217	16.391	16.967	0.156	0	incorrect	0
8dtuA	8	7.345	0.217	16.433	16.973	0.156	0	incorrect	0
8dtuA	9	8.366	0.217	18.294	18.735	0.142	0	incorrect	0
8dtuA	10	8.267	0.193	17.833	18.284	0.137	0	incorrect	0
8dtuA	11	8.425	0.181	18.58	18.766	0.128	0	incorrect	0
8dtuA	12	7.399	0.217	16.589	17.124	0.155	0	incorrect	0
8dtuA	13	7.964	0.145	16.573	17.024	0.129	0	incorrect	0
8dtuA	14	7.975	0.193	16.718	17.39	0.144	0	incorrect	0
8dtuA	15	8.288	0.133	17.922	18.35	0.116	0	incorrect	0
8dtuA	16	8.014	0.205	16.916	17.611	0.147	0	incorrect	0
8dtuA	17	8.025	0.193	16.693	17.262	0.144	0	incorrect	0
8dtuA	18	8.272	0.157	17.916	18.405	0.124	0	incorrect	0
8dtuA	19	7.982	0.181	16.844	17.448	0.139	0	incorrect	0
8dtuA	20	7.993	0.193	16.793	17.342	0.144	0	incorrect	0
8dtuA	21	8.151	0.145	18.265	18.731	0.118	0	incorrect	0
8dtuA	22	8.048	0.181	16.987	17.497	0.138	0	incorrect	0
8dtuA	23	7.79	0.217	16.409	17.007	0.155	0	incorrect	0
8dtuA	24	8.125	0.12	18.045	18.423	0.112	0	incorrect	0
8dtuA	25	8.016	0.108	18.242	18.664	0.107	0	incorrect	0
8dquB	1	5.495	0.764	11.198	9.034	0.4	0	incorrect	0
8dquB	2	5.481	0.764	11.182	8.956	0.4	0	incorrect	0
8dquB	3	5.453	0.764	11.136	8.899	0.401	0	incorrect	0
8dquB	4	5.429	0.764	11.215	8.878	0.4	0	incorrect	0
8dquB	5	5.35	0.764	11.114	8.694	0.402	0	incorrect	0
8dquB	6	5.425	0.764	10.949	8.968	0.404	0	incorrect	0
8dquB	7	5.415	0.727	11.195	8.845	0.388	0	incorrect	0
8dquB	8	5.404	0.727	10.88	8.941	0.393	0	incorrect	0
8dquB	9	5.466	0.655	11.254	8.849	0.363	0	incorrect	0
8dquB	10	5.415	0.673	11.171	8.722	0.37	0	incorrect	0
8dquB	11	5.388	0.6	11.329	8.689	0.344	0	incorrect	0
8dquB	12	5.438	0.618	11.424	9.012	0.348	0	incorrect	0
8dquB	13	5.202	0.527	12.12	8.202	0.311	0	incorrect	0
8dquB	14	5.158	0.527	11.797	8.087	0.316	0	incorrect	0
8dquB	15	5.153	0.527	11.673	8.121	0.317	0	incorrect	0
8dquB	16	5.366	0.6	11.193	8.836	0.346	0	incorrect	0
8dquB	17	5.341	0.527	11.195	8.538	0.322	0	incorrect	0
8dquB	18	5.394	0.636	11.131	8.895	0.359	0	incorrect	0
8dquB	19	6.175	0.382	13.682	10.055	0.239	0	incorrect	0
8dquB	20	5.276	0.291	12.763	8.177	0.224	0	incorrect	0
8dquB	21	5.37	0.582	11.687	8.855	0.333	0	incorrect	0
8dquB	22	5.317	0.691	11.189	8.721	0.377	0	incorrect	0
8dquB	23	5.392	0.545	11.895	8.973	0.318	0	incorrect	0
8dquB	24	5.273	0.436	12.008	8.526	0.282	0	incorrect	0
8dquB	25	9.907	0.0	20.078	15.558	0.058	0	incorrect	0
7uiaB	1	14.461	0.0	42.332	26.35	0.016	0	incorrect	0
7uiaB	2	14.018	0.0	38.31	29.374	0.019	0	incorrect	0
7uiaB	3	13.362	0.0	37.557	29.211	0.02	0	incorrect	0
7uiaB	4	13.835	0.0	45.961	25.832	0.015	0	incorrect	0
7uiaB	5	11.477	0.0	38.299	18.385	0.021	0	incorrect	0
7uiaB	6	12.605	0.0	45.537	21.173	0.016	0	incorrect	0
7uiaB	7	12.949	0.0	34.781	29.309	0.023	0	incorrect	0
7uiaB	8	12.666	0.0	31.981	30.393	0.027	0	incorrect	0
7uiaB	9	11.549	0.0	38.655	17.784	0.021	0	incorrect	0
7uiaB	10	11.656	0.068	42.985	27.73	0.041	0	incorrect	0
7uiaB	11	13.673	0.034	44.959	25.428	0.027	0	incorrect	0
7uiaB	12	14.366	0.0	31.402	25.347	0.026	0	incorrect	0
7uiaB	13	13.895	0.034	44.67	25.221	0.027	0	incorrect	0
7uiaB	14	11.404	0.034	41.544	28.64	0.03	0	incorrect	0
7uiaB	15	13.456	0.017	44.645	23.501	0.021	0	incorrect	0
7uiaB	16	15.628	0.0	40.63	30.753	0.017	0	incorrect	0
7uiaB	17	14.115	0.0	31.319	24.718	0.027	0	incorrect	0
7uiaB	18	14.295	0.0	29.7	26.247	0.029	0	incorrect	0
7uiaB	19	13.994	0.0	42.896	28.437	0.016	0	incorrect	0
7uiaB	20	13.528	0.034	45.499	24.451	0.027	0	incorrect	0
7uiaB	21	16.101	0.0	40.613	31.351	0.017	0	incorrect	0
7uiaB	22	12.501	0.085	44.969	26.426	0.044	0	incorrect	0
7uiaB	23	12.726	0.068	43.595	25.992	0.039	0	incorrect	0
7uiaB	24	7.838	0.034	23.22	16.707	0.062	0	incorrect	0
7uiaB	25	7.295	0.034	23.739	16.016	0.063	0	incorrect	0
7t5fF	1	17.423	0.0	40.981	38.311	0.016	0	incorrect	0
7t5fF	2	16.284	0.0	39.327	35.364	0.018	0	incorrect	0
7t5fF	3	16.301	0.0	39.001	35.471	0.018	0	incorrect	0
7t5fF	4	16.946	0.0	38.74	34.052	0.018	0	incorrect	0
7t5fF	5	17.109	0.0	39.659	37.218	0.017	0	incorrect	0
7t5fF	6	16.192	0.0	38.79	34.19	0.018	0	incorrect	0
7t5fF	7	14.781	0.0	36.473	31.202	0.021	0	incorrect	0
7t5fF	8	14.987	0.0	36.446	31.285	0.021	0	incorrect	0
7t5fF	9	16.379	0.0	37.558	33.99	0.019	0	incorrect	0
7t5fF	10	18.242	0.0	43.256	39.599	0.015	0	incorrect	0
7t5fF	11	17.912	0.0	41.611	38.313	0.016	0	incorrect	0
7t5fF	12	17.541	0.0	39.572	37.17	0.017	0	incorrect	0
7t5fF	13	18.349	0.0	42.226	39.62	0.015	0	incorrect	0
7t5fF	14	17.856	0.0	41.763	38.994	0.016	0	incorrect	0
7t5fF	15	17.34	0.0	41.451	37.444	0.016	0	incorrect	0
7t5fF	16	17.099	0.0	40.193	38.566	0.017	0	incorrect	0
7t5fF	17	20.17	0.0	42.299	42.871	0.015	0	incorrect	0
7t5fF	18	18.934	0.0	41.39	42.37	0.016	0	incorrect	0
7t5fF	19	21.632	0.0	43.504	45.276	0.014	0	incorrect	0
7t5fF	20	18.327	0.0	40.108	40.348	0.017	0	incorrect	0
7t5fF	21	20.389	0.0	41.851	42.458	0.015	0	incorrect	0
7t5fF	22	17.323	0.0	40.758	39.854	0.016	0	incorrect	0
7t5fF	23	20.028	0.0	41.765	41.88	0.015	0	incorrect	0
7t5fF	24	17.709	0.0	40.452	39.8	0.016	0	incorrect	0
7t5fF	25	17.693	0.0	39.429	38.0	0.017	0	incorrect	0
7wkiB	1	8.088	0.115	23.054	17.812	0.089	0	incorrect	0
7wkiB	2	8.183	0.096	27.511	17.725	0.072	0	incorrect	0
7wkiB	3	6.653	0.385	28.699	12.563	0.171	0	incorrect	0
7wkiB	4	10.006	0.25	32.031	18.539	0.113	0	incorrect	0
7wkiB	5	5.819	0.327	23.978	9.969	0.167	0	incorrect	0
7wkiB	6	6.428	0.404	25.774	11.154	0.185	0	incorrect	0
7wkiB	7	6.117	0.346	21.879	10.287	0.178	0	incorrect	0
7wkiB	8	6.259	0.423	24.95	10.636	0.194	0	incorrect	0
7wkiB	9	8.546	0.288	30.045	16.893	0.131	0	incorrect	0
7wkiB	10	5.731	0.212	21.234	8.968	0.138	0	incorrect	0
7wkiB	11	8.993	0.077	26.681	19.725	0.065	0	incorrect	0
7wkiB	12	5.393	0.115	17.117	8.763	0.128	0	incorrect	0
7wkiB	13	6.489	0.404	24.46	11.258	0.187	0	incorrect	0
7wkiB	14	4.406	0.173	17.68	9.365	0.155	0	incorrect	0
7wkiB	15	7.592	0.346	29.419	14.557	0.154	0	incorrect	0
7wkiB	16	5.776	0.327	18.86	9.87	0.186	0	incorrect	0
7wkiB	17	7.044	0.269	27.686	12.459	0.133	0	incorrect	0
7wkiB	18	9.68	0.288	31.556	20.932	0.127	0	incorrect	0
7wkiB	19	9.035	0.154	34.65	18.994	0.079	0	incorrect	0
7wkiB	20	12.605	0.173	33.108	26.721	0.083	0	incorrect	0
7wkiB	21	5.61	0.135	19.968	9.106	0.118	0	incorrect	0
7wkiB	22	12.174	0.096	34.054	26.96	0.057	0	incorrect	0
7wkiB	23	9.484	0.346	28.637	19.961	0.151	0	incorrect	0
7wkiB	24	11.393	0.288	31.78	24.387	0.124	0	incorrect	0
7wkiB	25	5.473	0.096	17.145	9.309	0.121	0	incorrect	0
7x7eA	1	11.706	0.015	40.723	27.849	0.024	0	incorrect	0
7x7eA	2	11.306	0.015	40.596	27.151	0.025	0	incorrect	0
7x7eA	3	9.61	0.015	45.445	24.659	0.024	0	incorrect	0
7x7eA	4	11.712	0.015	42.092	28.735	0.024	0	incorrect	0
7x7eA	5	11.725	0.015	42.133	28.732	0.024	0	incorrect	0
7x7eA	6	10.955	0.015	41.572	26.495	0.025	0	incorrect	0
7x7eA	7	10.701	0.031	42.962	26.091	0.029	0	incorrect	0
7x7eA	8	10.977	0.015	43.157	26.147	0.024	0	incorrect	0
7x7eA	9	10.473	0.031	40.439	25.122	0.031	0	incorrect	0
7x7eA	10	10.358	0.046	41.954	25.051	0.035	0	incorrect	0
7x7eA	11	10.181	0.046	40.037	24.575	0.037	0	incorrect	0
7x7eA	12	10.781	0.015	42.697	26.476	0.024	0	incorrect	0
7x7eA	13	10.708	0.015	42.319	26.342	0.024	0	incorrect	0
7x7eA	14	11.519	0.015	41.861	28.394	0.024	0	incorrect	0
7x7eA	15	10.87	0.015	42.842	26.593	0.024	0	incorrect	0
7x7eA	16	10.839	0.015	43.632	26.883	0.024	0	incorrect	0
7x7eA	17	10.633	0.046	43.696	26.031	0.034	0	incorrect	0
7x7eA	18	11.451	0.0	44.237	28.1	0.017	0	incorrect	0
7x7eA	19	10.357	0.031	39.53	25.024	0.032	0	incorrect	0
7x7eA	20	10.588	0.031	43.294	26.306	0.029	0	incorrect	0
7x7eA	21	11.414	0.046	43.959	28.912	0.033	0	incorrect	0
7x7eA	22	8.644	0.0	32.541	23.319	0.031	0	incorrect	0
7x7eA	23	11.032	0.0	35.09	28.636	0.025	0	incorrect	0
7x7eA	24	9.456	0.0	32.182	24.705	0.03	0	incorrect	0
7x7eA	25	9.492	0.0	35.263	25.47	0.026	0	incorrect	0
7qbgE	1	6.28	0.307	20.501	15.228	0.169	0	incorrect	0
7qbgE	2	10.939	0.268	39.13	27.742	0.11	0	incorrect	0
7qbgE	3	5.494	0.394	18.182	12.819	0.214	0	incorrect	0
7qbgE	4	10.036	0.268	36.468	26.332	0.114	0	incorrect	0
7qbgE	5	9.781	0.244	36.045	25.137	0.107	0	incorrect	0
7qbgE	6	5.103	0.394	17.035	11.788	0.224	0	incorrect	0
7qbgE	7	10.704	0.228	39.505	28.404	0.097	0	incorrect	0
7qbgE	8	8.748	0.283	30.85	22.52	0.128	0	incorrect	0
7qbgE	9	10.986	0.244	37.343	28.77	0.104	0	incorrect	0
7qbgE	10	10.352	0.244	36.849	26.786	0.105	0	incorrect	0
7qbgE	11	7.883	0.283	25.715	18.008	0.139	0	incorrect	0
7qbgE	12	10.018	0.236	35.465	25.795	0.104	0	incorrect	0
7qbgE	13	8.111	0.276	27.03	19.171	0.133	0	incorrect	0
7qbgE	14	10.579	0.244	37.857	27.754	0.104	0	incorrect	0
7qbgE	15	6.671	0.323	22.356	15.705	0.166	0	incorrect	0
7qbgE	16	8.629	0.276	28.827	20.446	0.128	0	incorrect	0
7qbgE	17	7.522	0.299	21.931	15.88	0.156	0	incorrect	0
7qbgE	18	7.067	0.299	19.261	14.336	0.168	0	incorrect	0
7qbgE	19	16.316	0.039	38.026	26.054	0.032	0	incorrect	0
7qbgE	20	15.773	0.063	28.998	20.45	0.05	0	incorrect	0
7qbgE	21	8.461	0.26	34.202	22.833	0.116	0	incorrect	0
7qbgE	22	9.231	0.26	36.673	25.029	0.112	0	incorrect	0
7qbgE	23	9.164	0.252	36.396	24.735	0.11	0	incorrect	0
7qbgE	24	8.337	0.252	30.771	21.12	0.118	0	incorrect	0
7qbgE	25	8.288	0.252	31.536	21.248	0.117	0	incorrect	0
7wd2D	1	17.298	0.0	32.577	31.009	0.024	0	incorrect	0
7wd2D	2	17.493	0.0	32.246	30.586	0.024	0	incorrect	0
7wd2D	3	17.38	0.0	33.089	30.797	0.023	0	incorrect	0
7wd2D	4	17.239	0.0	32.128	29.386	0.024	0	incorrect	0
7wd2D	5	16.166	0.0	33.352	30.127	0.023	0	incorrect	0
7wd2D	6	16.485	0.0	33.658	25.895	0.023	0	incorrect	0
7wd2D	7	16.461	0.0	32.744	30.004	0.024	0	incorrect	0
7wd2D	8	16.101	0.0	32.337	29.081	0.024	0	incorrect	0
7wd2D	9	16.189	0.0	32.062	28.734	0.025	0	incorrect	0
7wd2D	10	16.728	0.0	28.825	25.945	0.029	0	incorrect	0
7wd2D	11	16.816	0.0	32.06	29.416	0.025	0	incorrect	0
7wd2D	12	17.075	0.0	31.302	26.88	0.025	0	incorrect	0
7wd2D	13	16.765	0.0	33.697	27.409	0.023	0	incorrect	0
7wd2D	14	16.413	0.0	31.783	28.708	0.025	0	incorrect	0
7wd2D	15	16.978	0.0	33.042	26.753	0.023	0	incorrect	0
7wd2D	16	15.44	0.0	32.259	26.837	0.025	0	incorrect	0
7wd2D	17	15.249	0.0	30.617	26.425	0.027	0	incorrect	0
7wd2D	18	16.246	0.0	34.493	29.256	0.022	0	incorrect	0
7wd2D	19	15.956	0.0	32.106	27.667	0.025	0	incorrect	0
7wd2D	20	16.303	0.0	31.388	27.271	0.026	0	incorrect	0
7wd2D	21	16.059	0.0	33.08	27.431	0.024	0	incorrect	0
7wd2D	22	15.972	0.0	32.802	27.212	0.024	0	incorrect	0
7wd2D	23	15.634	0.0	32.357	27.259	0.025	0	incorrect	0
7wd2D	24	15.912	0.0	33.969	27.968	0.023	0	incorrect	0
7wd2D	25	16.026	0.0	33.867	27.807	0.023	0	incorrect	0
7qneG	1	20.776	0.008	40.926	36.112	0.018	0	incorrect	0
7qneG	2	20.821	0.004	43.958	38.655	0.015	0	incorrect	0
7qneG	3	20.827	0.008	40.315	35.762	0.019	0	incorrect	0
7qneG	4	20.791	0.004	41.325	36.368	0.017	0	incorrect	0
7qneG	5	21.407	0.008	33.708	31.37	0.024	0	incorrect	0
7qneG	6	20.809	0.008	40.9	36.164	0.018	0	incorrect	0
7qneG	7	21.447	0.012	34.589	31.881	0.025	0	incorrect	0
7qneG	8	21.098	0.008	39.398	35.246	0.019	0	incorrect	0
7qneG	9	20.961	0.008	34.896	31.477	0.023	0	incorrect	0
7qneG	10	21.441	0.008	34.835	32.195	0.023	0	incorrect	0
7qneG	11	22.426	0.008	59.814	54.903	0.011	0	incorrect	0
7qneG	12	22.652	0.008	60.407	55.854	0.011	0	incorrect	0
7qneG	13	20.716	0.008	46.287	41.169	0.015	0	incorrect	0
7qneG	14	22.718	0.008	57.96	53.79	0.011	0	incorrect	0
7qneG	15	20.781	0.008	45.414	40.471	0.016	0	incorrect	0
7qneG	16	22.977	0.008	59.872	55.778	0.011	0	incorrect	0
7qneG	17	22.236	0.008	52.726	51.671	0.013	0	incorrect	0
7qneG	18	21.598	0.012	53.9	48.819	0.014	0	incorrect	0
7qneG	19	20.851	0.008	44.263	39.546	0.016	0	incorrect	0
7qneG	20	21.875	0.012	55.645	50.603	0.013	0	incorrect	0
7qneG	21	21.452	0.012	56.239	50.971	0.013	0	incorrect	0
7qneG	22	21.717	0.012	53.431	48.525	0.014	0	incorrect	0
7qneG	23	16.182	0.008	34.316	33.53	0.025	0	incorrect	0
7qneG	24	20.81	0.008	42.493	37.977	0.017	0	incorrect	0
7qneG	25	21.855	0.012	56.844	51.813	0.013	0	incorrect	0
7r24E	1	1.044	0.819	5.288	1.685	0.738	1	medium	2
7r24E	2	1.0	0.806	5.815	1.54	0.726	1	high	3
7r24E	3	1.016	0.806	4.981	1.593	0.745	1	medium	3
7r24E	4	1.129	0.806	7.904	1.865	0.66	1	medium	3
7r24E	5	1.038	0.806	4.591	1.702	0.752	1	medium	3
7r24E	6	1.019	0.806	5.354	1.7	0.735	1	medium	3
7r24E	7	1.336	0.819	17.009	2.118	0.526	1	medium	3
7r24E	8	1.011	0.806	4.865	1.674	0.749	1	medium	3
7r24E	9	0.934	0.833	7.108	1.363	0.714	1	high	3
7r24E	10	1.922	0.806	19.636	3.032	0.447	1	medium	3
7r24E	11	1.205	0.847	14.146	1.783	0.573	1	medium	3
7r24E	12	1.612	0.806	20.747	2.589	0.471	1	medium	3
7r24E	13	1.412	0.736	5.988	2.483	0.645	1	medium	3
7r24E	14	0.929	0.819	6.536	1.38	0.724	1	high	3
7r24E	15	1.619	0.806	21.085	2.546	0.469	1	medium	3
7r24E	16	1.765	0.806	21.157	2.87	0.455	1	medium	3
7r24E	17	2.196	0.722	21.811	3.853	0.391	1	acceptable	3
7r24E	18	1.406	0.764	5.471	2.303	0.668	1	medium	3
7r24E	19	2.81	0.75	19.238	4.705	0.378	1	acceptable	3
7r24E	20	3.267	0.708	29.653	5.982	0.319	1	acceptable	3
7r24E	21	12.277	0.056	23.349	19.775	0.062	1	incorrect	3
7r24E	22	11.535	0.056	22.541	18.854	0.066	1	incorrect	3
7r24E	23	9.772	0.125	22.863	15.969	0.09	1	incorrect	3
7r24E	24	12.088	0.056	23.424	19.93	0.062	1	incorrect	3
7r24E	25	9.284	0.125	21.238	15.239	0.096	1	incorrect	3
7r24C	1	14.41	0.0	41.891	23.442	0.017	0	incorrect	0
7r24C	2	14.141	0.0	40.64	23.271	0.018	0	incorrect	0
7r24C	3	15.676	0.0	47.012	24.327	0.014	0	incorrect	0
7r24C	4	14.468	0.0	39.911	24.386	0.018	0	incorrect	0
7r24C	5	15.162	0.0	45.448	23.499	0.014	0	incorrect	0
7r24C	6	13.945	0.0	40.1	22.887	0.018	0	incorrect	0
7r24C	7	13.996	0.0	40.503	22.845	0.018	0	incorrect	0
7r24C	8	14.476	0.0	41.284	24.569	0.017	0	incorrect	0
7r24C	9	13.923	0.0	40.029	22.719	0.018	0	incorrect	0
7r24C	10	11.183	0.0	32.877	22.275	0.027	0	incorrect	0
7r24C	11	13.843	0.0	37.498	23.617	0.02	0	incorrect	0
7r24C	12	11.012	0.0	30.495	20.35	0.03	0	incorrect	0
7r24C	13	10.769	0.0	24.631	18.33	0.042	0	incorrect	0
7r24C	14	10.787	0.0	25.047	19.65	0.041	0	incorrect	0
7r24C	15	9.589	0.0	27.965	17.569	0.036	0	incorrect	0
7r24C	16	10.905	0.0	29.114	20.282	0.032	0	incorrect	0
7r24C	17	11.216	0.0	31.981	21.441	0.028	0	incorrect	0
7r24C	18	10.243	0.0	29.237	19.962	0.033	0	incorrect	0
7r24C	19	6.491	0.208	24.645	15.272	0.122	0	incorrect	0
7r24C	20	10.697	0.0	31.237	20.866	0.029	0	incorrect	0
7r24C	21	10.801	0.0	29.993	20.788	0.031	0	incorrect	0
7r24C	22	11.082	0.0	31.91	21.735	0.028	0	incorrect	0
7r24C	23	10.798	0.0	29.342	20.082	0.032	0	incorrect	0
7r24C	24	6.767	0.189	25.526	16.14	0.112	0	incorrect	0
7r24C	25	10.81	0.0	29.363	20.224	0.032	0	incorrect	0
7xqvB	1	10.284	0.098	21.172	20.018	0.086	0	incorrect	0
7xqvB	2	6.006	0.176	13.234	12.603	0.176	0	incorrect	0
7xqvB	3	10.505	0.118	26.431	23.379	0.077	0	incorrect	0
7xqvB	4	6.388	0.118	14.288	13.506	0.144	0	incorrect	0
7xqvB	5	10.697	0.078	22.932	21.317	0.073	0	incorrect	0
7xqvB	6	10.86	0.059	22.618	21.397	0.067	0	incorrect	0
7xqvB	7	10.408	0.059	21.346	20.298	0.072	0	incorrect	0
7xqvB	8	9.932	0.059	20.506	19.514	0.076	0	incorrect	0
7xqvB	9	8.391	0.137	17.51	16.516	0.12	0	incorrect	0
7xqvB	10	8.325	0.118	16.996	16.254	0.116	0	incorrect	0
7xqvB	11	5.86	0.216	12.865	11.892	0.194	0	incorrect	0
7xqvB	12	12.723	0.02	25.584	23.923	0.044	0	incorrect	0
7xqvB	13	7.605	0.137	15.781	15.001	0.133	0	incorrect	0
7xqvB	14	9.452	0.098	20.359	19.123	0.09	0	incorrect	0
7xqvB	15	12.52	0.098	25.356	23.675	0.071	0	incorrect	0
7xqvB	16	6.842	0.196	14.727	13.738	0.164	0	incorrect	0
7xqvB	17	14.465	0.02	28.514	25.889	0.037	0	incorrect	0
7xqvB	18	13.381	0.078	26.408	24.659	0.062	0	incorrect	0
7xqvB	19	14.547	0.039	27.229	25.01	0.046	0	incorrect	0
7xqvB	20	8.75	0.098	18.583	17.639	0.1	0	incorrect	0
7xqvB	21	8.903	0.059	20.523	18.72	0.078	0	incorrect	0
7xqvB	22	8.494	0.02	19.602	18.064	0.069	0	incorrect	0
7xqvB	23	8.923	0.02	19.421	18.733	0.069	0	incorrect	0
7xqvB	24	9.364	0.02	21.008	19.496	0.062	0	incorrect	0
7xqvB	25	8.186	0.02	19.15	18.083	0.072	0	incorrect	0
7whiG	1	16.289	0.0	84.257	27.504	0.006	0	incorrect	0
7whiG	2	16.096	0.0	82.489	27.174	0.006	0	incorrect	0
7whiG	3	17.048	0.0	105.988	31.539	0.005	0	incorrect	0
7whiG	4	16.513	0.0	88.235	28.432	0.006	0	incorrect	0
7whiG	5	16.332	0.0	97.485	29.556	0.005	0	incorrect	0
7whiG	6	16.414	0.0	84.87	27.865	0.006	0	incorrect	0
7whiG	7	16.428	0.0	92.056	29.487	0.006	0	incorrect	0
7whiG	8	15.865	0.0	82.537	27.285	0.006	0	incorrect	0
7whiG	9	16.229	0.0	89.963	27.167	0.006	0	incorrect	0
7whiG	10	15.782	0.0	93.082	26.419	0.006	0	incorrect	0
7whiG	11	15.762	0.0	96.282	26.786	0.006	0	incorrect	0
7whiG	12	15.559	0.0	98.504	26.89	0.006	0	incorrect	0
7whiG	13	15.607	0.0	101.975	27.485	0.005	0	incorrect	0
7whiG	14	16.062	0.0	79.395	27.734	0.007	0	incorrect	0
7whiG	15	17.018	0.0	79.067	30.457	0.006	0	incorrect	0
7whiG	16	31.829	0.0	104.338	66.502	0.003	0	incorrect	0
7whiG	17	17.665	0.0	79.336	31.055	0.006	0	incorrect	0
7whiG	18	16.916	0.0	83.227	30.581	0.006	0	incorrect	0
7whiG	19	16.055	0.0	77.528	29.245	0.007	0	incorrect	0
7whiG	20	17.003	0.0	79.38	30.854	0.006	0	incorrect	0
7whiG	21	17.262	0.0	114.275	33.144	0.004	0	incorrect	0
7whiG	22	20.25	0.0	81.469	37.156	0.005	0	incorrect	0
7whiG	23	19.844	0.0	105.869	36.101	0.004	0	incorrect	0
7whiG	24	18.289	0.0	68.576	35.994	0.007	0	incorrect	0
7whiG	25	19.862	0.0	114.234	41.358	0.004	0	incorrect	0
8bb7D	1	16.613	0.0	38.423	31.379	0.018	0	incorrect	0
8bb7D	2	21.647	0.0	46.108	39.002	0.013	0	incorrect	0
8bb7D	3	20.739	0.0	45.465	36.788	0.013	0	incorrect	0
8bb7D	4	19.543	0.0	46.384	34.032	0.013	0	incorrect	0
8bb7D	5	21.687	0.0	46.027	38.791	0.013	0	incorrect	0
8bb7D	6	18.84	0.0	43.741	32.933	0.014	0	incorrect	0
8bb7D	7	21.316	0.0	44.37	37.393	0.013	0	incorrect	0
8bb7D	8	21.814	0.0	46.053	38.197	0.013	0	incorrect	0
8bb7D	9	22.915	0.0	44.48	42.004	0.013	0	incorrect	0
8bb7D	10	22.495	0.0	45.062	40.983	0.013	0	incorrect	0
8bb7D	11	20.282	0.0	44.551	34.94	0.014	0	incorrect	0
8bb7D	12	22.03	0.0	45.193	40.153	0.013	0	incorrect	0
8bb7D	13	16.939	0.0	39.63	30.203	0.017	0	incorrect	0
8bb7D	14	23.377	0.0	44.221	42.057	0.013	0	incorrect	0
8bb7D	15	19.683	0.0	45.977	33.857	0.013	0	incorrect	0
8bb7D	16	21.766	0.0	47.782	37.316	0.012	0	incorrect	0
8bb7D	17	12.947	0.032	43.166	26.139	0.028	0	incorrect	0
8bb7D	18	18.524	0.0	39.915	32.031	0.017	0	incorrect	0
8bb7D	19	20.013	0.0	45.719	34.713	0.013	0	incorrect	0
8bb7D	20	21.113	0.0	40.162	39.327	0.016	0	incorrect	0
8bb7D	21	20.249	0.0	39.652	36.374	0.016	0	incorrect	0
8bb7D	22	17.859	0.0	39.644	29.932	0.017	0	incorrect	0
8bb7D	23	20.611	0.0	47.755	35.416	0.012	0	incorrect	0
8bb7D	24	21.62	0.0	46.762	36.876	0.012	0	incorrect	0
8bb7D	25	20.261	0.0	45.827	35.378	0.013	0	incorrect	0
8en0D	1	15.775	0.0	39.421	27.702	0.018	0	incorrect	0
8en0D	2	10.483	0.0	29.143	22.855	0.033	0	incorrect	0
8en0D	3	10.888	0.0	29.048	24.039	0.032	0	incorrect	0
8en0D	4	10.322	0.0	28.82	22.591	0.034	0	incorrect	0
8en0D	5	14.055	0.0	27.455	32.126	0.033	0	incorrect	0
8en0D	6	10.557	0.0	28.78	23.472	0.033	0	incorrect	0
8en0D	7	15.023	0.0	27.376	33.182	0.033	0	incorrect	0
8en0D	8	13.838	0.0	27.365	31.863	0.033	0	incorrect	0
8en0D	9	9.795	0.0	28.221	21.419	0.035	0	incorrect	0
8en0D	10	14.587	0.0	27.319	32.835	0.033	0	incorrect	0
8en0D	11	13.424	0.0	28.386	30.836	0.032	0	incorrect	0
8en0D	12	13.951	0.0	27.264	31.966	0.033	0	incorrect	0
8en0D	13	14.909	0.0	27.428	32.983	0.033	0	incorrect	0
8en0D	14	13.53	0.0	26.041	30.795	0.036	0	incorrect	0
8en0D	15	14.113	0.0	26.123	31.963	0.036	0	incorrect	0
8en0D	16	9.306	0.0	29.887	20.744	0.033	0	incorrect	0
8en0D	17	9.7	0.256	37.221	18.71	0.11	0	incorrect	0
8en0D	18	10.561	0.205	41.244	24.261	0.089	0	incorrect	0
8en0D	19	9.51	0.385	37.673	19.303	0.152	0	incorrect	0
8en0D	20	8.899	0.026	28.139	19.709	0.046	0	incorrect	0
8en0D	21	7.974	0.0	19.52	19.793	0.065	0	incorrect	0
8en0D	22	7.435	0.0	21.276	19.368	0.059	0	incorrect	0
8en0D	23	7.438	0.0	15.799	16.422	0.088	0	incorrect	0
8en0D	24	6.627	0.0	20.046	17.304	0.067	0	incorrect	0
8en0D	25	12.358	0.077	33.707	22.014	0.05	0	incorrect	0
