pdb	chain	epitope
7tgf	B	14,15,18,22,37,178,179,182,185,186,189,190,192,199,203,228,229,230,231,236,240,242,243,245,246,247
8emz	B	68,69,70,71,72,74,129,147,148,149,150,151,167,168,170,171,216,217,218
8h3x	A	54,75,94,95,96,97,98,100,101,104,127,132,133,134,193
8gz5	B	113,116,119,137,139,149,150,151,152,157,159,160,161,165,168
8cwu	B	36,38,44,45,46,47,48,49,50,51,75,78,79,80,81,94,95,96,97
7x2m	B	36,37,38,39,40,41,42,43,44,45,46,51,52,171,172,176
7voa	A	116,117,120,121,123,124,138,152,153,154,155,157,158,160,161,162,164
7ubx	C	26,27,29,31,32,226,227,228,231,251,252,253,272,273,274,275,276,277,278,279,290,291,292,305,307,308
7th2	C	20,21,24,25,28,31,184,185,187,188,189,191,192,195,196,205,209,235,236,237,242,248,249,251,252,253
8en2	D	46,47,48,49,50,51,52,53,93,95,96,97,98,102,244,245,247
8ew6	V	4,21,23,24,25,26,27,29,30,31,54,63,64,65,66,67
7yz9	B	41,44,45,47,48,49,50,71,73,80,84,87,88,91,92,175,176,177
7w1s	B	18,113,114,116,117,119,137,151,157,159,160,161,162,163,165
7zmv	G	22,25,35,186,189,190,193,200,201,202,203,204,205,206,208,407,410,411,412,413
7unz	A	5,6,7,9,10,12,13,14,15,16,17,18,19,20,21,22,23,109,110,111
8en3	C	73,74,76,107,129,131,149,150,151,169,170,171,172,173,218,219,220,221
7tgi	B	13,21,36,178,181,182,184,185,188,189,198,227,228,229,230,231,233,235,239,241,242,244,245,246
7nxx	B	11,12,13,15,36,37,38,39,40,91,92,93,94,121,142,144
8dtn	E	2,5,7,8,9,10,11,23,24,25,26,27,28
8h3y	E	163,208,314,315,316,317,319,320,333,334,335,336,338,339,349,353
7q3q	B	116,119,122,123,137,139,149,150,151,152,153,156,157,159,160,161,165
7tpr	E	332,337,389,391,392,394,395,403,430,432,435,436,438,439,441,442,454,456,470,471,472,474,475,476,478,479,480,481,482,491
7x2j	B	36,39,41,44,45,46,47,48,49,50,51,52,53,75,78,79,80,81,82,94,95,96,97
7b5g	D	2,3,4,5,13,14,15,16,17,22,25,38,39,63,65,66,76,78,79,88,90,91,109,113,114,115,117
7x2l	B	1,2,3,4,5,6,7,10,11,30,31,32,33,35,36,38,39,42,195
8dtu	A	3,5,6,7,8,9,10,23,24,25,26,27,28,29,30,31,32,33,34
8dqu	B	27,28,33,37,38,39,40,41,42,43,57,58,60,62,63,66
7uia	B	246,247,255,257,259,324,325,326,368,369,370,371,372,376,378,379,387,388
7t5f	F	118,119,120,123,125,127,128,303,304,305,306,307,308,309
7wki	B	65,67,70,76,77,78,79,80,81,83,84,85,96,97,99
7x7e	A	113,114,115,116,117,119,120,122,123,151,152,153,155,156,157,159,160,161,162
7qbg	E	62,63,64,65,66,67,68,69,72,96,100,103,104,107,110,111,121,332,334,347,349,352,430,432,433,434,435,438,447
7wd2	D	37,42,43,44,45,46,47,48,49,50,51,52,72,73,75,76,80,82,95,171,172,176
7qne	G	129,131,133,139,140,141,145,183,184,186,188,189,190,191,192,193,201,203,205,207,208,517,518,520
7r24	E	2,3,4,5,6,7,8,10,11,13,14,15,17,18,21,22,35,36,37,38,41,62,66,70
7r24	C	72,100,103,104,105,106,107,108,110,111,114,115,117,129,130,132
7xqv	B	5,27,36,37,38,39,40,56,63,64,66,67,70,71,73,74,76
7whi	G	302,304,306,340,341,343,373,375,376,377,378,409,410,411,412,461,462,463,464,465,466,467
8bb7	D	6,7,8,9,10,12,28,29,30,48,50,53,68,69,70,71,73,123,124,125,405,406,407,408,428,429
8en0	D	74,107,131,149,150,151,169,170,171,172,173,218,219,220,221
