pdb	cl id	size	rank	CDR3_RMS
7tprE	0	7	851	7.202
7tprE	1	43	921	11.121
7tprE	2	61	759	11.136
7tprE	3	23	356	11.608
7tprE	4	6	562	11.300
7tprE	5	5	473	8.394
7tprE	6	25	237	10.844
7tprE	7	6	821	10.112
7tprE	8	17	150	8.983
7tprE	9	421	137	11.664
7tprE	10	170	505	11.077
7tprE	11	18	564	11.740
7tprE	12	52	79	12.499
7tprE	13	2	397	9.241
7tprE	14	61	980	12.132
7tprE	15	1	19	11.156
7tprE	16	1	390	10.648
7tprE	17	22	721	12.031
7tprE	18	13	634	11.573
7tprE	19	46	152	11.003
7uiaB	0	71	327	8.481
7uiaB	1	20	8	4.329
7uiaB	2	69	90	6.486
7uiaB	3	18	878	8.767
7uiaB	4	8	164	12.424
7uiaB	5	28	212	10.680
7uiaB	6	213	320	5.722
7uiaB	7	66	382	10.053
7uiaB	8	18	217	5.186
7uiaB	9	51	781	11.838
7uiaB	10	6	41	4.621
7uiaB	11	30	60	9.649
7uiaB	12	155	144	5.526
7uiaB	13	1	125	6.821
7uiaB	14	7	526	6.332
7uiaB	15	37	411	8.995
7uiaB	16	4	68	7.673
7uiaB	17	8	239	6.938
7uiaB	18	167	887	6.308
7uiaB	19	23	725	4.468
7unzA	0	43	624	3.910
7unzA	1	49	897	4.081
7unzA	2	19	563	4.023
7unzA	3	164	654	5.523
7unzA	4	61	406	4.921
7unzA	5	13	430	4.647
7unzA	6	97	449	4.055
7unzA	7	103	857	3.501
7unzA	8	58	9	4.014
7unzA	9	85	740	4.571
7unzA	10	28	116	4.718
7unzA	11	38	977	4.830
7unzA	12	8	946	3.880
7unzA	13	3	61	4.513
7unzA	14	27	584	5.347
7unzA	15	23	925	3.947
7unzA	16	50	364	4.850
7unzA	17	33	184	3.451
7unzA	18	26	245	5.159
7unzA	19	72	920	3.772
7wkiB	0	85	969	6.560
7wkiB	1	131	430	4.872
7wkiB	2	32	580	8.485
7wkiB	3	9	181	12.849
7wkiB	4	645	767	5.287
7wkiB	5	11	885	6.699
7wkiB	6	10	712	10.125
7wkiB	7	4	491	13.115
7wkiB	8	9	146	9.747
7wkiB	9	6	681	11.582
7wkiB	10	15	873	9.456
7wkiB	11	10	554	15.125
7wkiB	12	1	127	12.790
7wkiB	13	16	952	12.722
7wkiB	14	6	117	14.510
7wkiB	15	3	861	11.276
7wkiB	16	2	290	6.769
7wkiB	17	2	482	14.080
7wkiB	18	1	809	15.153
7wkiB	19	2	284	9.599
7xqvB	0	143	67	5.314
7xqvB	1	62	589	5.506
7xqvB	2	45	615	5.238
7xqvB	3	36	11	5.072
7xqvB	4	348	412	5.504
7xqvB	5	2	199	6.079
7xqvB	6	230	4	5.949
7xqvB	7	18	715	5.703
7xqvB	8	16	415	5.819
7xqvB	9	42	124	6.158
7xqvB	10	3	134	6.276
7xqvB	11	2	54	6.968
7xqvB	12	9	56	5.977
7xqvB	13	15	126	5.101
7xqvB	14	12	835	5.950
7xqvB	15	1	55	9.717
7xqvB	16	1	735	6.875
7xqvB	17	7	466	5.289
7xqvB	18	1	812	6.587
7xqvB	19	7	155	6.348
7yz9B	0	15	84	3.541
7yz9B	1	95	964	4.216
7yz9B	2	14	246	3.663
7yz9B	3	25	274	3.734
7yz9B	4	142	774	4.265
7yz9B	5	13	671	3.903
7yz9B	6	302	952	4.435
7yz9B	7	3	630	2.326
7yz9B	8	86	15	4.027
7yz9B	9	56	617	4.637
7yz9B	10	158	946	4.598
7yz9B	11	15	17	3.673
7yz9B	12	21	841	3.281
7yz9B	13	10	689	3.728
7yz9B	14	4	324	3.098
7yz9B	15	7	911	5.015
7yz9B	16	3	931	3.953
7yz9B	17	5	743	3.578
7yz9B	18	23	947	3.995
7yz9B	19	3	332	3.126
7zmvG	0	14	741	9.357
7zmvG	1	64	73	7.506
7zmvG	2	89	737	8.918
7zmvG	3	248	446	9.990
7zmvG	4	61	987	7.409
7zmvG	5	22	900	11.861
7zmvG	6	19	955	9.879
7zmvG	7	281	909	8.460
7zmvG	8	9	683	12.011
7zmvG	9	6	105	6.814
7zmvG	10	24	42	9.097
7zmvG	11	9	345	10.653
7zmvG	12	7	545	8.742
7zmvG	13	56	258	10.724
7zmvG	14	27	25	9.560
7zmvG	15	13	123	6.253
7zmvG	16	19	645	10.741
7zmvG	17	15	956	12.948
7zmvG	18	14	604	10.280
7zmvG	19	3	316	9.644
8dtnE	0	29	924	5.506
8dtnE	1	38	467	5.493
8dtnE	2	357	365	5.839
8dtnE	3	31	748	5.631
8dtnE	4	4	295	5.337
8dtnE	5	2	562	5.421
8dtnE	6	322	670	5.877
8dtnE	7	14	932	5.639
8dtnE	8	6	168	5.265
8dtnE	9	4	321	5.147
8dtnE	10	2	561	5.358
8dtnE	11	47	773	5.731
8dtnE	12	4	170	5.412
8dtnE	13	11	520	5.657
8dtnE	14	1	434	5.539
8dtnE	15	5	916	5.525
8dtnE	16	3	186	5.421
8dtnE	17	11	608	5.605
8dtnE	18	107	779	5.907
8dtnE	19	2	46	5.135
8dtuA	0	68	529	5.536
8dtuA	1	79	245	5.784
8dtuA	2	80	611	5.157
8dtuA	3	59	983	5.636
8dtuA	4	10	719	5.000
8dtuA	5	397	984	5.397
8dtuA	6	18	982	4.559
8dtuA	7	35	679	5.276
8dtuA	8	43	783	5.752
8dtuA	9	48	790	5.290
8dtuA	10	1	296	5.184
8dtuA	11	7	670	4.785
8dtuA	12	2	409	4.931
8dtuA	13	9	973	4.652
8dtuA	14	4	656	5.259
8dtuA	15	2	593	5.567
8dtuA	16	71	135	5.477
8dtuA	17	10	596	4.806
8dtuA	18	4	776	4.661
8dtuA	19	53	291	5.181
