pdb	chain	alpha101	tau101	angle_class
5ivn	A	-166.13603336519813	105.83541870117188	extended
7aqz	C	34.948414982212356	96.95245361328125	kinked
7d5b	D	107.43992097927168	95.06525421142578	kinked
6z1v	B	57.99972385578861	101.84268951416016	kinked
7tgf	B	-145.8731910132669	115.40242767333984	extended
6ir2	B	67.77397743745412	146.0414276123047	other
5j1s	C	-167.49370811259536	131.06975173950195	extended
8emz	B	56.30619980647858	98.23035430908203	kinked
7n0r	C	64.83139939893235	92.96131896972656	kinked
7aqx	C	31.22442425786724	97.16718292236328	kinked
4z9k	B	118.7763616792813	103.57362365722656	kinked
1xfp	A	64.75575602048558	98.16731262207031	kinked
7oao	F	45.82750095875995	104.8214340209961	kinked
6jb2	A	48.886281363298565	103.9430923461914	kinked
6i2g	A	-165.84095148286826	120.12153244018555	extended
6xzu	A	-130.1761965247518	111.8419418334961	extended
6sge	D	33.96820962998569	84.54820251464844	other
6dbg	C	-116.86372053183163	132.57040405273438	extended
7a48	A	-108.38463185419316	125.47294235229492	extended
7oaq	F	67.7177704085632	143.52470779418945	other
7z1d	F	60.42375287132911	97.1039810180664	kinked
7oaq	A	61.28295075349314	95.65969848632812	kinked
4wem	B	34.78135766657853	106.05252075195312	kinked
4w6y	B	42.844010711743366	103.27006530761719	kinked
8c3l	B	120.00928645590658	92.95897674560547	other
1kxv	D	-152.14917590446237	116.3866081237793	extended
8en6	C	-84.28247748410068	141.95394134521484	other
4tvs	b	45.012064128739766	100.3701171875	kinked
1kxq	G	31.016162515393415	104.92991638183594	kinked
4i13	B	67.90346873165001	103.94817352294922	kinked
7czd	A	30.85939723371681	90.02418518066406	kinked
1mvf	A	59.25692762576845	101.89224243164062	kinked
4hem	F	41.586684696739916	110.53130340576172	kinked
4lgr	B	-164.88842698167477	117.95663452148438	extended
8h3x	A	-3.3009128740129534	99.9302749633789	other
6lr7	B	35.41903514975884	98.18034362792969	kinked
5l21	B	99.99616698367966	93.21369171142578	kinked
7nfq	D	48.97550375128248	92.87572479248047	kinked
4x7f	D	-97.09496935978609	121.10631561279297	other
8emy	J	-171.55426559962171	126.22330093383789	extended
7mfu	B	-175.65944315787095	119.63764572143555	extended
7mfu	F	-133.51150611553177	137.46900939941406	extended
5j57	B	67.89908226171285	97.7938461303711	kinked
8gz5	B	37.459330613304225	99.42469024658203	kinked
5jds	B	65.07001031797522	100.5782699584961	kinked
5n88	A	27.056733607519988	99.92192077636719	kinked
8cwu	B	22.30848681020408	99.24679565429688	kinked
5o02	C			other
6xw5	D	63.536073896749656	106.2121353149414	kinked
6obe	B	-174.98526116868297	122.65972518920898	extended
4ej1	C	2.063707283025355	97.58423614501953	kinked
7vfa	D	71.13138529962157	95.6611328125	kinked
7f5g	D	113.97919165088432	91.65769958496094	kinked
6app	A	59.0326489246802	101.97782135009766	kinked
4nbz	B	43.57611120139514	103.64908599853516	kinked
7voa	A	101.69909007786141	100.930908203125	kinked
7x2m	B	57.600859855426	108.20723724365234	kinked
6xzf	B	-168.45198254294488	117.02275085449219	extended
5j56	B	50.14101861625275	107.2885971069336	kinked
4lhj	B	-165.6190970452818	128.52610778808594	extended
7ubx	C	-108.21585917924233	131.9183235168457	extended
6h70	C	30.51074725782249	106.27254486083984	kinked
7th2	D	33.827689944781575	104.12079620361328	kinked
6yu8	B	60.60155512795433	98.93455505371094	kinked
5ja9	A	-131.85690038223225	144.98487091064453	extended
3eba	A	57.71108920741919	101.83179473876953	kinked
8en2	C	22.87180556683112	102.26029205322266	kinked
7now	A	44.2993114449308	106.215087890625	kinked
7kn5	D	22.22643021479014	95.14390563964844	kinked
6zrv	B	20.96937320269757	97.99581146240234	kinked
4w6x	B	27.69655687291174	99.74409484863281	kinked
7zxu	H	52.09401082806261	100.57035827636719	kinked
7aqy	D	21.18901490282329	100.95844268798828	kinked
5m2j	D	165.47204199060855	87.14777374267578	other
6obo	C	-175.45978605233495	117.81975936889648	extended
2p4a	B	56.09400726626401	105.2095947265625	kinked
7z1c	B	59.078388954468686	98.1005630493164	kinked
8ew6	V	18.119249803567087	101.21640014648438	kinked
4y7m	A	17.54585095189853	99.57352447509766	kinked
4qo1	A	34.20011818861948	99.53829956054688	kinked
6u55	A	-179.55178737381388	127.70807647705078	extended
6qgw	B	41.65830016135566	92.9627685546875	kinked
7nx0	D	131.3691490131656	95.27469635009766	other
3k74	B	172.3401454468687	114.53639221191406	other
6gjs	C	-160.5072916555852	120.66562271118164	extended
4i0c	C	59.7388885549347	101.26667785644531	kinked
6xw6	D	46.27835132964475	110.06903076171875	kinked
7yz9	B	143.3971740874176	92.45907592773438	other
5hgg	S	172.9666545175136	90.94718933105469	other
4dka	A	45.1696902806782	107.62859344482422	kinked
7fat	B	60.01773015103209	97.18042755126953	kinked
7w1s	B	-160.36718892240953	118.99524688720703	extended
7te8	A	-160.3068862594954	110.7841567993164	extended
5jmo	C	46.22888573077885	84.78550720214844	other
7a50	A	61.681998996957034	98.75482177734375	kinked
5o05	C	-174.41525661444967	125.34800338745117	extended
7kjh	A	57.043317018730086	98.43925476074219	kinked
4x7c	C	-179.09120265419344	129.2565460205078	extended
4orz	C	9.329210929481963	102.86215209960938	kinked
2vyr	E	-124.97605926271768	122.73807907104492	extended
7zmv	F	-165.03012307899567	119.14633178710938	extended
7l6v	E	-145.4510104918057	118.83738708496094	extended
7l6v	B	-154.4567980703535	121.8672103881836	extended
7l6v	C	-118.73527315899	120.9282112121582	extended
7unz	A	-92.59083466549403	129.28269577026367	other
6lz2	D	142.12290020524583	93.43184661865234	other
6gwn	C	22.884734022749214	99.11953735351562	kinked
6gwn	B	-167.73334928483808	129.8912124633789	extended
5e1h	B	54.10453993212142	101.35447692871094	kinked
5vxm	B	32.8327448218605	106.0165786743164	kinked
7kbk	C	64.65007561764044	103.96190643310547	kinked
8en3	C	49.8366426688022	106.4132308959961	kinked
4y8d	D	0.4053984992581491	95.23245239257812	kinked
6sc5	B	42.34830494561156	100.19631958007812	kinked
7ndf	D	-34.82163352937646	130.7941665649414	other
6x07	B	82.93064311356602	94.28433227539062	kinked
4hjj	H	32.69593029200948	99.11995697021484	kinked
6x05	K	-127.26902013842033	131.83713150024414	extended
6ocd	B	2.7565625646566603	89.8113021850586	kinked
7tgi	B	30.2615769467986	93.01872253417969	kinked
7a4t	A	-179.90781952112235	127.53421020507812	extended
5m2i	L	-150.24653650607056	121.68963241577148	extended
7a4y	B	18.24487786101781	115.60425567626953	kinked
5f7k	C	67.8632555599467	99.6324234008789	kinked
5e5m	H	119.68292173590902	112.1434097290039	kinked
7nxx	B	32.62433165534294	102.10730743408203	kinked
6z6v	G	38.4389311986109	100.41244506835938	kinked
6xw4	C	54.13856635872906	99.54912567138672	kinked
6f5g	B	44.61265116007084	107.59709930419922	kinked
8dtn	A	145.18871030099604	100.48973083496094	other
6rvc	E	56.48011972722083	111.00516510009766	kinked
7n0i	K	45.001901143202204	106.97517395019531	kinked
5mwn	E	-174.41958877373406	124.50949478149414	extended
6fyw	C	45.2039335925819	95.1698226928711	kinked
5mwn	N	-175.29709071051914	108.62866973876953	extended
6waq	A	47.66447149759332	101.22286224365234	kinked
7nqa	D	-161.05111107895598	121.23481750488281	extended
6oq8	D	-168.0396312439865	130.86995697021484	extended
6ui1	D	119.10666940234834	91.76126861572266	kinked
6uht	D	40.937573646030245	102.63277435302734	kinked
5van	B	44.31940952194745	100.74455261230469	kinked
7e53	B	37.22253237157936	111.32318878173828	kinked
6i6j	C	179.1458036615277	116.43572235107422	other
5my6	B	-164.3477126402424	118.24009323120117	extended
8h3y	D	44.0253073802491	113.02430725097656	kinked
4u3x	A	65.13651128717282	101.38142395019531	kinked
7vnb	A	-138.2547386266169	136.61216354370117	extended
7q6c	H	37.20597840469389	101.519287109375	kinked
7a0v	F	56.44171421724125	101.5309066772461	kinked
4lhq	B	43.476531281045325	103.18551635742188	kinked
6h72	D	-172.28061473305337	115.12523651123047	extended
7q3q	B	54.58765221532225	103.34587097167969	kinked
8en4	C	-130.92859214158543	141.13277435302734	extended
7nkt	B	46.24076353736217	101.93717956542969	kinked
7kgj	B	-157.27594413524554	112.26371002197266	extended
6b20	F	-52.70950636872061	151.20301818847656	other
6i8g	B	52.26777797113235	100.87134552001953	kinked
7ldj	F	26.48916554643084	101.7801284790039	kinked
7dv4	F	-174.1474309531475	109.10369873046875	extended
7tpr	E	-102.37854224396698	129.75794219970703	extended
7tpr	H	28.44178919748881	99.58606719970703	kinked
6oq7	C	82.44866383555029	102.41378784179688	kinked
6ey0	F	41.121322538779246	101.97664642333984	kinked
7x2j	B	23.205650944067266	104.4708480834961	kinked
7x2l	B	-161.3711472453577	129.3517303466797	extended
4lgp	B	-33.00371236833751	123.3006706237793	other
6v7y	F	57.63739491267792	106.32193756103516	kinked
8dtu	A	47.17556046002001	92.41624450683594	kinked
8dqu	B	82.09073506036268	100.8055419921875	kinked
5ja8	H	-95.52695796077029	136.02788925170898	other
7s2r	B	54.27808309952239	103.49009704589844	kinked
6hjx	G	64.54897879973153	144.33424758911133	other
5y80	B	-92.65576407320641	109.8121337890625	other
4eig	B	-161.43737282292778	123.28335571289062	extended
7nmu	C	60.45243860535915	107.0141372680664	kinked
4nc2	B	56.64494649198497	101.79593658447266	kinked
7qn5	F	52.228331327178864	112.03353881835938	kinked
7k84	B	40.97796763792328	103.9778060913086	kinked
4w6w	B	49.73845296979979	102.97635650634766	kinked
7r98	E	40.034597096829394	141.25768661499023	other
5vxk	B	74.6690194848359	101.8006591796875	kinked
5fhx	H	41.01119353077821	99.96990966796875	kinked
7kn6	C	27.53220502885268	105.80554962158203	kinked
4grw	E	30.57574758999878	96.18157958984375	kinked
5lwf	D	61.813044701402774	94.89506530761719	kinked
7uia	E	19.438363507627223	94.01801300048828	kinked
6ssi	G	100.49168088976333	93.45164489746094	kinked
8f8x	D	0.5078536606553948	99.55026245117188	kinked
6h15	D	34.041176747527985	105.44566345214844	kinked
7t5f	F	-157.9578469557551	115.89033508300781	extended
6j7w	A	21.313657948976584	103.21580505371094	kinked
7wki	B	12.564550909820712	93.47811889648438	kinked
5vnw	C	16.584212886992095	109.29667663574219	kinked
6gju	C	-175.86637903355262	120.0384635925293	extended
3k3q	A	47.458207296926226	95.91796875	kinked
2wzp	K	43.28517310811354	92.39035034179688	kinked
6cwg	D	50.655235748559754	104.2049560546875	kinked
7kgk	B	-165.28215487541712	111.11741638183594	extended
4weu	E	17.05561707618846	101.49977111816406	kinked
6fyu	I	64.93208023048648	98.4697494506836	kinked
6gs4	H	31.078024146520228	103.41111755371094	kinked
6ehg	C	59.09425224396821	100.68144226074219	kinked
7my2	H	-2.3348454144259425	83.95529174804688	other
6zcz	H	5.888355204554147	104.5014877319336	kinked
5ovw	H	-147.59194799785456	115.86653900146484	extended
7mjh	D	20.215588015447786	96.48462677001953	kinked
7x7e	E	54.179292892777255	105.3671875	kinked
6x04	B	-170.74984234763613	128.21497344970703	extended
5omn	C	147.97680761572008	97.24223327636719	other
7wd2	C	60.3817520804978	101.71329498291016	kinked
7a4d	H	33.50715658132372	101.98580169677734	kinked
5fuc	V	-1.0116915303228577	102.58809661865234	other
7sp8	B	55.75115353244668	97.28435516357422	kinked
4w2q	A	-157.176762080895	121.21566009521484	extended
7qne	G	61.919757702396176	99.61167907714844	kinked
6hhu	G	-172.46037748234693	124.60470199584961	extended
4lgs	B	56.91342723558369	102.0868148803711	kinked
7ocj	H	-171.3144141063301	128.47065353393555	extended
5sv3	A	49.606562275786864	140.27213668823242	other
5f7l	B	59.97376829379738	96.02902221679688	kinked
6v7z	F	-125.2330693066414	129.97058868408203	extended
5usf	D	58.64211316609662	123.76324462890625	kinked
7xqv	B	-162.9657792020339	115.35336303710938	extended
7kd0	C	-147.09952607448548	111.53060913085938	extended
7m1h	F	-179.8507079989663	110.42151641845703	extended
5dmj	B	75.47202987771965	92.34733581542969	kinked
4kfz	D	31.515748871149174	104.92877197265625	kinked
6vbg	C	44.16341345755892	102.5314712524414	kinked
6fyt	I	170.7894280673968	117.90216445922852	other
7zra	E	-168.04245567276374	113.95506286621094	extended
6o3c	B	-153.16916186629624	122.86885833740234	extended
5vxl	B	-179.22249153312515	132.05999374389648	extended
6zg3	E	47.5107123239331	104.12584686279297	kinked
6h02	B	46.94974062541308	108.54031372070312	kinked
4fhb	D	62.568715122500585	102.38569641113281	kinked
4p2c	H	-176.23315134647004	132.76775360107422	extended
4krp	D	55.28253097915841	97.39278411865234	kinked
5hvf	B	-174.52995078736456	112.92656707763672	extended
7rnn	C	-92.96815582372655	139.8188819885254	other
7nll	C	30.007116866504358	100.44593811035156	kinked
6h16	B	-150.51096362246875	120.97872543334961	extended
7my3	H	-165.80766665790074	149.4593334197998	other
5mp2	C	61.57420549519224	112.41458129882812	kinked
7b27	C	-146.75895133937462	120.32646560668945	extended
6f2g	B	60.63792547472567	104.57535552978516	kinked
7wpf	R	41.485425179074994	105.93840789794922	kinked
7whi	G	13.264093476566524	101.01943969726562	kinked
4yga	H	45.18433047896286	141.52901077270508	other
7a29	F	-150.20195804412515	114.1963882446289	extended
6oyh	H	43.38706394373833	104.8785629272461	kinked
6csy	N	179.95187775215732	114.21034240722656	other
5hm1	A	-157.46823086642456	116.53443908691406	extended
6oq6	D	45.33602658702554	107.76687622070312	kinked
8en0	D	-140.58046021669477	117.19450759887695	extended
6gkd	Q	61.772362617720574	101.4819564819336	kinked
