pdb	FR_RMS	CDR1_RMS	CDR2_RMS	CDR3_RMS
7tgfB	4.217	1.709	1.877	6.181
8emzB	0.451	1.088	0.835	1.873
8h3xA	2.262	1.451	1.132	4.518
8gz5B	5.586	3.95	3.121	5.915
8cwuB	4.499	4.549	3.911	4.831
7x2mB	0.795	1.193	1.249	1.747
7voaA	0.951	1.052	1.093	4.796
7ubxC	0.846	0.289	0.537	5.881
7th2C	4.337	2.761	2.322	2.179
8en2D	0.773	2.14	1.89	2.421
8ew6V	0.531	0.96	1.588	4.138
7yz9B	2.19	2.408	1.886	4.729
7w1sB	1.022	3.639	3.853	3.252
7zmvG	0.605	1.482	1.276	14.762
7unzA	0.803	1.495	1.264	5.132
8en3C	0.818	3.595	3.432	3.003
7tgiB	2.013	6.43	6.132	7.029
7nxxB	5.724	3.512	3.052	3.309
8dtnE	1.574	2.991	3.876	5.0
8h3yE	0.49	1.386	1.195	3.473
7q6cH	0.539	0.354	0.631	2.346
7q3qB	0.563	1.516	2.32	2.723
7tprE	5.058	3.433	3.103	13.03
7x2jB	0.455	1.34	1.069	2.733
7b5gD	3.228	3.962	2.991	4.664
7x2lB	3.886	3.424	3.189	3.593
8dtuA	2.289	2.892	3.171	5.279
8dquB	2.481	0.998	0.978	3.635
7uiaB	0.98	2.055	2.029	5.062
7t5fF	0.72	3.726	3.78	3.738
8f8xD	0.659	2.875	2.211	6.717
7wkiB	0.648	3.982	3.101	8.258
7x7eA	1.311	1.451	1.368	4.557
7qbgE	2.964	2.533	2.977	4.632
7wd2D	2.289	1.024	0.899	2.704
7qneG	0.83	2.336	1.856	2.228
7r24E	0.58	1.654	1.247	3.049
7r24C	0.863	2.316	2.037	3.07
7xqvB	1.504	5.683	5.38	6.958
7wpfU	0.877	2.593	2.142	2.919
7whiG	0.955	1.727	2.597	2.718
8bb7D	0.737	0.661	0.669	3.866
8en0D	2.925	4.526	3.631	3.532
