pdb	paratope_repr	epitope_repr_twohit
8en2D	86.667	41.176
7w1sB	80.000	80.000
7tprE	48.387	60.000
7t5fF	47.059	64.286
8dtnE	55.556	84.615
7wkiB	79.167	53.333
7r24C	63.158	50.000
8dquB	75.000	68.750
7wd2D	100.000	50.000
7x7eA	63.636	68.421
7unzA	42.857	60.000
8bb7D	82.353	65.385
8h3yE	84.211	62.500
7xqvB	50.000	64.706
8emzB	89.474	68.421
8en3C	55.000	55.556
7uiaB	100.000	61.111
7qbgE	75.000	31.034
8h3xA	84.615	60.000
7nxxB	87.500	37.500
7ubxC	54.545	57.692
7voaA	94.118	64.706
7tgiB	66.667	33.333
7q3qB	72.222	70.588
7x2jB	90.000	47.826
8gz5B	73.684	86.667
7r24E	88.889	41.667
8dtuA	35.135	52.632
8en0D	100.000	60.000
7x2mB	92.857	75.000
7whiG	77.778	36.364
7qneG	77.778	37.500
7b5gD	50.000	33.333
7tgfB	85.714	38.462
7th2C	88.889	50.000
8ew6V	93.750	37.500
7yz9B	72.222	50.000
7zmvG	100.000	40.000
8cwuB	87.500	73.684
7x2lB	86.667	42.105
