pdb	chain	unique_interaction_resnums	interacting_resnums
5ivn	A	35-36-37-39-44-45-46-47-48-49-50-57-58-59-60-95-98-99-100-101-102	35-36-37-37-39-44-45-45-45-45-45-46-46-47-47-48-49-50-57-58-58-59-59-60-95-98-99-99-100-100-100-100-100-100-100-100-100-101-101-102-102
7aqz	C	1-2-26-27-28-30-31-32-52-56-96-97-100-101-102	1-2-2-26-26-26-26-27-27-28-28-28-28-28-30-30-31-31-31-31-32-32-52-52-56-56-96-96-96-96-96-97-97-97-97-100-100-100-100-100-100-100-100-101-102-102
7d5b	D	27-31-33-35-37-45-46-47-50-51-52-53-55-56-58-93-94-95-101-102	27-31-31-31-33-33-33-33-33-33-35-37-45-45-45-45-45-45-46-47-47-47-50-50-51-52-52-52-53-55-56-56-56-58-93-94-95-95-95-95-95-101-102-102-102
6z1v	B	30-31-47-50-52-56-58-96-97-98-99-100	30-31-47-50-52-52-52-52-56-56-56-58-58-58-96-97-97-97-97-98-98-98-98-99-99-99-100-100-100-100-100-100
6ir2	B	30-31-52-53-54-55-56-73-74-99-100	30-30-31-52-52-52-52-52-52-53-53-54-55-55-55-55-55-55-55-56-56-56-73-74-99-100-100-100-100-100-100-100
5j1s	C	29-30-31-32-33-37-45-47-50-52-53-54-56-57-58-59-61-95-97-98-99-100-103	29-29-29-30-31-32-32-32-33-33-37-45-47-47-47-50-50-52-52-52-53-54-54-56-56-56-56-57-57-58-58-58-58-59-61-95-95-95-97-98-99-99-99-99-99-99-100-100-100-100-100-100-100-100-100-103
7n0r	C	32-33-35-47-50-51-52-56-57-58-59-61-64-95-96-97-98-99-100	32-33-33-35-47-47-47-47-47-50-51-52-52-56-56-56-57-58-58-58-59-61-64-95-95-95-95-95-95-96-96-96-97-97-97-97-97-98-98-98-98-98-99-99-99-99-99-99-99-100-100-100-100-100-100-100
7aqx	C	1-2-26-27-28-30-31-32-52-96-97-100-101-102	1-2-2-26-26-26-26-27-27-28-28-28-28-28-30-30-31-31-31-31-32-32-52-96-96-96-96-96-97-97-97-97-100-100-100-100-100-100-100-101-102-102-102
4z9k	B	2-3-4-27-30-31-32-33-53-54-71-94-95-96-97-98-99-100-102	2-2-3-3-4-27-30-31-31-31-31-31-32-32-32-32-32-32-33-33-33-33-53-53-54-54-54-71-94-94-94-95-95-96-96-96-97-98-98-98-98-98-98-99-100-100-100-100-100-100-100-100-102
1xfp	A	28-29-31-32-53-54-56-97-98-99-100	28-29-29-29-31-32-53-53-53-54-54-56-56-97-98-98-98-98-99-99-99-99-100-100-100-100-100-100-100-100-100-100-100-100-100-100-100-100
7oao	F	28-29-30-31-32-51-52-53-54-55-71-72-73-74-75-96-97-98-101-102	28-28-28-29-29-29-30-30-31-31-31-31-32-51-52-52-53-53-53-53-53-53-54-55-71-71-72-72-73-73-73-73-74-74-74-75-75-96-96-96-97-98-101-102
6jb2	A	29-32-33-52-53-54-56-58-97-98-99-100	29-32-32-32-33-52-52-52-52-53-53-53-54-54-56-56-58-97-97-97-98-98-99-99-100-100-100-100-100-100-100
6i2g	A	31-32-33-37-44-46-47-48-49-50-52-53-54-56-58-59-60-93-95-97-99-100-101	31-32-33-33-37-44-46-47-47-47-48-49-50-52-52-53-53-53-54-54-56-58-58-58-58-59-60-60-60-60-93-95-95-95-95-97-97-99-100-100-100-100-101
6xzu	A	32-33-37-47-48-49-50-52-53-54-56-58-59-60-95-96-97-98-99-100	32-32-33-37-47-47-47-48-49-50-52-52-52-52-52-53-54-56-56-58-58-59-60-60-95-95-95-96-96-96-97-98-99-99-100-100-100-100
6sge	D	33-39-47-50-52-53-54-55-56-57-58-59-60-64-89-91-95-96-97-98-100-102-103-104-105-106-107-108	33-33-39-47-47-50-52-52-52-52-52-52-53-53-53-54-55-56-56-56-56-57-57-58-58-58-58-58-58-59-60-64-89-89-91-91-91-95-95-96-97-97-98-100-100-100-100-100-100-100-100-100-100-100-100-100-100-100-100-100-100-100-100-100-100-102-102-103-104-104-105-105-105-106-106-107-108
6dbg	C	30-31-52-54-55-56-96-97-99-100	30-30-31-31-31-52-52-52-54-54-55-55-56-56-96-96-96-97-97-97-99-99-99-99-99-99-100-100-100-100-100-100-100-100
7a48	A	32-33-34-35-37-46-47-50-51-52-53-54-55-56-58-59-60-61-95-97-98-100-101	32-32-32-33-34-35-37-37-46-47-47-47-47-50-51-52-52-52-52-53-53-53-54-55-56-56-58-58-58-58-59-60-60-61-61-95-95-95-97-98-100-101-101
7oaq	F	52-53-55-56-57-58-59-64-97-98-99-100	52-52-52-53-53-55-55-55-56-56-56-57-57-57-58-59-64-64-64-97-97-98-98-98-98-98-99-99-99-99-100-100-100-100-100-100-100-100
7z1d	F	27-31-52-53-56-96-97-98-99-100	27-31-31-52-52-53-56-56-56-96-96-96-97-97-98-98-98-98-98-99-99-99-99-100-100-100-100-100-100-100
7oaq	A	31-52-53-54-56-58-96-97-98-99-100	31-31-31-31-31-52-53-54-54-54-56-56-58-96-97-97-97-98-98-98-98-98-99-99-99-100-100-100-100-100-100-100-100-100-100-100-100-100-100
4wem	B	50-52-56-58-61-96-97-98-99-100-101	50-52-56-56-58-61-61-61-96-97-97-97-97-97-97-97-97-98-99-99-99-99-100-100-100-100-100-100-100-100-100-100-101
4w6y	B	33-95-97-98-99-100	33-33-33-95-95-97-97-97-97-98-98-99-99-100-100-100-100-100-100-100-100-100-100-100-100-100
8c3l	B	17-18-19-31-32-33-34-35-37-47-50-52-53-54-56-57-58-59-79-81-82-94-95-101	17-17-17-17-18-18-19-19-19-19-31-32-32-32-33-33-33-33-34-35-35-35-37-37-47-47-47-50-50-50-50-52-52-52-53-53-54-54-56-56-57-57-58-58-58-59-79-81-81-82-82-94-95-95-95-95-95-95-101-101
1kxv	D	33-35-37-46-47-52-54-56-57-58-59-60-61-62-95-96-97-98-99-100-103	33-33-35-37-37-46-46-47-47-47-52-54-56-56-57-58-58-58-59-60-60-61-61-61-62-95-96-96-96-97-97-97-97-97-98-98-98-99-99-100-100-100-103
8en6	C	1-2-26-27-28-37-44-45-46-47-58-94-98-99-100-101-102-103-105	1-2-2-26-27-28-37-44-44-44-44-44-45-45-46-46-47-47-47-47-58-94-94-98-99-99-99-100-100-100-100-100-100-100-100-100-100-100-100-101-101-101-102-102-102-102-103-103-103-105
4tvs	b	1-24-25-26-27-28-31-32-76-95-96-97-98-100-101-102-114	1-24-25-26-26-27-27-27-27-28-28-28-31-32-76-95-96-96-96-96-96-97-98-100-100-100-100-100-100-100-101-102-114
1kxq	G	1-2-26-27-28-32-52-53-54-56-57-58-61-64-72-73-74-75-76-96-98-99-100-101-102	1-1-2-26-26-26-27-27-27-27-27-28-32-32-52-52-53-53-53-54-54-54-54-54-54-54-54-56-56-56-56-56-56-57-58-58-58-61-61-64-72-73-73-74-75-76-96-96-98-98-99-99-99-100-100-100-101-101-101-101-102-102
4i13	B	30-31-32-33-52-53-54-56-95-96-97-98-99-100	30-30-31-31-31-32-33-52-53-53-54-54-54-54-56-56-56-56-95-96-96-96-96-97-97-97-97-98-98-98-99-99-99-100-100-100-100-100-100-100
7czd	A	28-30-31-32-33-35-37-42-43-44-45-46-47-50-52-53-54-55-58-60-70-71-72-73-74-75-76-94-95-96-97-98-101	28-28-28-30-30-30-31-31-31-31-32-32-32-33-33-33-33-35-35-35-37-37-42-43-44-45-45-46-46-46-47-47-47-47-47-47-50-50-52-52-52-53-53-53-53-53-53-54-55-58-58-60-70-71-71-72-72-73-73-73-74-74-74-75-76-94-95-95-95-96-96-96-96-96-96-96-97-97-97-97-97-98-101-101-101-101
1mvf	A	32-33-52-53-54-56-58-98-99-100	32-33-52-52-52-53-53-53-53-54-54-54-54-56-56-56-58-98-98-98-98-98-98-98-99-99-99-100-100-100-100-100-100
4hem	F	47-56-58-61-96-97-98-99-100	47-56-58-58-58-58-58-61-96-96-97-98-98-98-99-99-99-99-99-99-100-100-100-100-100-100-100-100-100
4lgr	B	32-33-35-37-47-50-52-53-54-56-57-58-97-98-99-100	32-32-32-32-32-33-33-33-33-35-37-47-47-50-50-50-52-52-52-53-54-54-56-56-56-56-57-58-58-58-58-97-97-98-98-98-98-99-99-99-99-99-100-100-100-100-100
6lr7	B	27-29-30-31-32-52-53-54-73-95-96-97-98-99-100	27-27-29-29-29-29-29-30-30-31-32-32-52-53-53-53-53-53-54-54-73-73-95-96-97-97-97-97-98-98-98-98-99-99-99-99-100-100-100
5l21	B	1-2-26-27-28-29-30-33-45-46-48-50-51-52-54-56-57-58-59-60-61-64-95-101-103	1-1-2-26-27-28-29-30-30-30-30-30-30-33-45-45-46-46-46-46-48-50-50-51-52-52-52-54-56-56-56-56-56-57-58-58-58-59-59-60-60-61-64-95-101-101-101-101-103-103-103
7nfq	D	45-46-47-50-61-64-65-66-67-68-96-97-98-99-100-101	45-46-47-47-47-50-61-61-61-61-61-64-64-64-65-65-65-66-66-67-68-96-96-97-97-97-97-97-97-97-98-98-98-98-98-98-98-98-98-98-99-99-99-99-100-101
4x7f	D	1-2-30-31-32-33-35-37-45-46-47-48-49-50-52-53-58-59-60-94-95-96-97	1-1-2-30-30-30-31-31-32-32-32-32-32-32-33-33-33-33-35-37-37-45-46-47-47-47-47-47-48-49-50-50-50-52-53-53-53-58-58-58-59-60-94-94-94-94-95-95-95-96-96-96-96-96-97-97
8emy	J	28-30-31-32-33-35-37-47-50-51-52-55-56-57-58-64-76-93-95-96-97-98-99-101	28-28-28-30-31-31-31-31-32-32-33-33-33-35-35-35-37-47-47-47-47-50-50-51-52-52-52-52-52-52-52-55-56-56-56-56-56-56-57-58-58-58-64-76-93-95-95-95-95-95-95-95-96-97-97-98-98-99-101-101-101
7mfu	B	33-35-37-39-44-45-46-47-50-52-53-54-55-56-57-58-59-60-61-62-64-65-66-93-95-97-98-101-103-105	33-33-35-35-37-37-37-37-39-44-45-45-45-45-45-45-46-46-47-47-47-47-47-47-50-52-52-52-53-53-54-54-55-55-55-55-55-56-57-58-58-59-59-60-61-61-61-61-61-61-61-62-64-64-64-64-64-65-66-93-93-95-95-95-95-95-97-98-101-101-101-103-103-105-105
7mfu	F	32-44-53-54-56-58-96-97-98-99-100	32-32-32-44-44-44-44-53-53-54-54-56-56-58-58-96-97-97-97-97-98-98-98-99-99-99-99-99-99-99-100-100-100-100
5j57	B	3-27-28-30-31-32-96-97-98-99-100-101-102	3-3-27-28-28-30-31-31-31-32-32-32-96-96-96-96-96-96-97-97-97-97-98-98-99-99-99-100-100-101-101-102-102
5jds	B	27-29-30-32-95-96-97-98-99-100-101	27-29-30-32-95-96-96-96-96-97-97-97-98-98-98-99-99-100-100-100-100-100-100-100-100-100-100-100-100-100-101-101-101
5n88	A	44-45-47-91-94-97-100-101-102-103	44-45-45-45-47-91-94-97-97-100-100-100-100-100-100-100-100-100-100-101-102-103-103-103-103
5o02	C	2-32-95-96-98-100-101-102-103	2-32-32-95-95-95-96-96-96-96-98-98-98-98-98-98-100-100-100-100-100-100-101-101-101-101-101-101-102-102-102-102-103
6xw5	D	1-2-27-29-30-32-33-37-45-47-50-53-54-56-58-64-95-97-98-99-100-101-102-103	1-1-1-1-1-1-1-1-2-2-27-27-27-27-29-29-30-32-32-33-33-37-45-47-47-47-47-50-53-53-53-53-54-54-56-58-58-58-58-58-64-95-97-97-97-97-97-97-97-98-98-98-98-99-99-99-100-100-100-100-101-101-101-102-102-103
6obe	B	29-30-31-32-44-45-47-53-54-55-58-59-95-97-99-100-101	29-30-31-32-32-32-44-44-45-47-47-53-53-54-55-55-55-55-58-59-95-97-97-97-97-97-97-99-99-99-99-99-100-100-100-100-100-100-100-100-100-100-100-100-100-100-101
4ej1	C	13-15-16-17-18-19-30-52-53-54-55-56-73-75-79-81-82-99-100	13-15-15-16-17-17-17-17-18-19-19-19-19-19-19-19-30-52-52-52-52-52-52-52-52-52-53-53-54-55-55-56-56-73-75-79-79-81-81-81-82-82-99-99-99-99-99-100-100-100
7vfa	D	31-32-33-52-53-54-95-96-97-98-99-100-101-102	31-32-33-52-52-52-53-53-54-95-95-96-96-96-96-96-96-97-97-97-97-97-97-97-97-97-98-98-98-99-99-99-99-99-99-99-99-99-100-100-100-100-100-100-100-101-101-101-101-102-102
7f5g	D	28-30-31-32-33-37-47-50-52-53-54-56-58-71-73-74-75-76-95-97-98-99-100-103	28-28-30-30-31-31-32-32-32-33-33-37-47-47-50-50-52-52-52-52-52-53-53-53-54-54-56-56-58-58-58-71-73-73-74-74-75-76-76-76-95-95-97-98-98-98-98-98-99-100-100-103
6app	A	27-28-30-31-52-54-56-96-97-98-99-100-101-102	27-28-28-30-30-31-31-31-31-52-54-54-54-54-56-56-96-96-96-96-96-96-96-96-97-98-99-100-101-101-101-102-102
4nbz	B	33-50-51-52-53-56-57-58-98-99-100	33-50-51-52-52-52-53-56-56-56-57-57-58-58-58-98-98-99-99-99-100-100-100-100-100-100-100
6xzf	B	33-35-37-43-44-47-49-50-51-52-56-57-58-93-95-97-98-101-103	33-35-35-35-35-35-35-37-37-43-44-47-47-47-49-50-50-51-52-52-56-56-57-58-58-58-93-95-95-95-95-97-97-98-98-98-98-98-101-101-101-103
5j56	B	30-31-52-53-54-56-95-96-97-98-99-100-101	30-30-31-31-52-52-52-52-53-54-54-54-54-56-56-56-95-95-96-96-96-97-97-97-97-98-98-99-99-99-99-99-99-99-100-100-100-100-100-101
4lhj	B	28-29-30-53-54-97-98-99-100	28-29-29-30-30-53-53-53-54-54-97-98-99-100-100-100-100
6h70	C	1-3-25-26-27-29-30-52-54-56-95-97-98-99-100-101-102	1-1-3-25-25-26-26-27-27-27-27-27-27-29-29-29-30-52-52-54-56-56-95-97-97-97-97-98-98-98-98-98-98-99-100-100-100-100-100-100-101-102-102
7th2	D	29-30-32-52-53-54-56-57-58-74-96-97-98-100-102	29-29-30-30-30-30-30-32-32-52-52-53-53-53-53-53-54-54-54-56-56-56-57-57-57-58-58-58-74-96-96-96-96-97-97-97-97-97-98-98-100-100-100-100-100-100-100-100-100-102
6yu8	B	27-28-29-32-33-52-53-54-55-56-57-58-73-96-97-98-99-100	27-27-28-29-29-29-29-29-32-32-32-33-52-52-52-53-53-53-53-53-53-54-55-55-55-55-55-55-56-56-56-57-57-57-58-73-96-96-97-97-97-98-98-98-98-99-99-99-99-100
5ja9	A	35-37-39-41-42-45-47-50-89-91-93-95-97-98-99-100-101-103-105	35-35-35-35-37-37-37-39-39-41-42-42-45-45-47-50-89-91-93-95-95-95-95-95-95-95-95-97-98-98-98-98-98-99-99-99-99-100-101-101-101-103-103-105-105
3eba	A	27-32-52-53-96-97-98-99-100-101	27-27-27-27-27-32-32-32-32-52-52-52-53-53-96-96-96-97-97-97-97-97-98-98-98-98-98-98-99-99-99-99-100-100-100-101
8en2	C	15-16-17-18-19-26-27-28-30-31-52-53-73-74-81-82-97-98-99-100	15-16-17-17-17-18-19-26-27-28-28-28-30-31-31-52-52-52-53-73-74-81-81-81-82-82-82-97-98-98-98-98-98-98-98-98-98-98-99-99-99-99-100-100-100
7now	A	13-14-15-16-17-19-55-56-57-58-59-64-66-81-82-83-97-98-99-100-101	13-14-15-16-16-17-17-17-19-55-55-56-56-56-57-57-57-58-58-58-58-58-58-59-64-64-64-66-81-81-82-82-83-97-98-99-99-99-100-100-100-100-100-100-100-100-100-100-100-100-100-100-100-100-100-100-101
7kn5	D	11-13-14-15-28-29-30-31-41-42-43-47-48-58-59-60-84-85-87-96-97-98-99-100-113	11-13-14-14-14-15-28-28-29-29-29-29-29-30-30-30-30-31-41-41-41-41-41-41-42-42-42-42-42-43-43-47-48-58-58-58-59-60-84-84-84-84-85-85-87-96-96-96-96-96-97-97-97-98-98-98-98-98-99-99-99-99-100-100-100-100-100-100-100-100-100-100-113
6zrv	B	37-39-42-43-44-45-46-47-48-49-50-58-59-60-61-64-95-98-100-101-103	37-39-39-42-43-44-44-44-44-44-44-45-45-45-45-46-46-47-47-47-48-49-50-58-58-58-59-59-60-60-60-61-61-64-95-98-100-100-100-100-100-100-100-100-100-100-100-100-100-100-100-101-103
4w6x	B	29-31-95-96-97-98-99-100-101-102-103	29-31-95-96-96-96-96-96-96-97-97-97-97-98-98-99-100-100-100-100-100-100-100-100-100-100-100-100-100-100-101-101-101-101-101-101-102-103
7zxu	H	2-26-27-28-30-31-32-33-35-37-39-43-44-45-47-52-53-54-56-58-91-94-95-96-97-98-99-100-101-103-104-105-122-123-124-125-129-131-132-135-137-158-159-160-161-163-164-165-173-175-177-203-208	2-2-26-26-26-27-27-27-28-28-28-30-30-31-31-31-31-32-33-33-33-33-35-37-39-39-43-44-45-45-45-45-47-47-47-52-52-52-52-53-53-53-53-54-54-54-54-54-56-56-56-56-58-58-91-91-91-91-94-94-94-95-95-96-96-96-97-97-98-98-98-98-98-98-99-99-99-99-99-100-100-100-100-100-100-100-101-101-103-103-103-103-103-104-105-122-122-122-122-123-123-124-124-125-129-131-131-131-132-135-135-137-137-137-158-158-158-158-158-159-160-160-160-160-160-160-161-161-161-163-163-163-164-165-173-175-177-203-208-208
7aqy	D	1-2-26-27-28-30-31-32-52-58-95-96-97-99-100-101-102	1-1-1-1-2-2-26-26-26-27-27-27-28-28-28-28-28-30-30-31-31-31-31-32-32-32-52-52-58-95-95-96-96-96-96-96-97-97-97-97-99-99-100-100-100-100-100-100-100-100-100-100-101-102-102
5m2j	D	31-32-33-35-50-52-53-55-56-58-94-95-99	31-31-31-32-32-32-33-33-33-33-33-33-35-50-52-52-52-53-53-53-55-55-55-55-56-56-56-56-56-58-94-94-94-95-99-99
6obo	C	29-30-31-32-33-37-44-45-46-47-52-53-54-56-58-65-70-71-73-93-95-97-98-99-100-101	29-29-29-29-30-30-31-31-32-32-32-33-37-37-44-44-45-45-45-46-46-47-52-52-53-53-54-54-54-54-56-56-56-56-56-56-58-65-65-70-71-73-93-95-97-97-98-98-98-98-98-98-98-99-99-99-99-99-99-99-99-100-100-100-100-100-100-100-100-100-100-100-100-100-101
2p4a	B	8-9-10-11-12-13-16-17-18-19-27-29-30-31-32-33-81-82-95-96-97-100-101-102	8-9-9-9-10-10-11-11-11-12-12-12-13-16-17-17-17-18-18-18-19-19-27-27-27-27-27-29-29-29-29-30-31-32-32-32-32-33-33-81-82-95-95-95-96-96-96-96-97-97-97-100-100-100-100-100-100-101-102
7z1c	B	1-10-11-12-13-41-52-56-58-87-89-95-96-97-98-99-100-101-105-106-107-108-110-112	1-10-11-11-11-12-13-41-52-52-52-52-52-56-56-58-58-87-89-89-95-96-96-96-96-97-97-97-98-98-98-98-98-99-99-99-100-100-100-100-100-100-100-100-100-100-101-105-105-106-107-108-108-108-108-110-110-110-112
4y7m	A	95-98-99-100-101	95-98-99-99-99-100-100-100-100-100-100-100-100-100-100-100-100-100-100-101-101
4qo1	A	31-32-33-50-52-55-95-96-97-98-99-100	31-31-31-32-33-33-33-50-52-52-52-52-52-52-55-55-95-96-96-97-97-98-99-99-100-100-100
6u55	A	33-34-35-37-44-45-46-47-50-52-56-58-60-61-93-95-97-100-101-103	33-34-35-35-37-37-37-44-44-45-45-46-46-47-47-47-47-50-50-50-52-56-58-58-58-58-60-61-93-93-95-95-95-95-97-97-97-100-101-103
6qgw	B	50-52-53-55-56-57-58-61-64-98	50-50-52-53-55-55-55-55-55-55-55-55-56-56-56-56-56-56-57-57-57-58-58-61-64-98-98-98-98-98
7nx0	D	37-44-45-96-98-99-100-101-103	37-44-44-45-45-96-98-98-98-98-98-98-98-99-99-100-100-100-100-100-100-100-100-100-100-100-100-101-103-103
3k74	B	33-35-45-47-50-52-56-58-61-96-97-98-99	33-33-33-33-33-33-35-35-35-45-47-47-47-47-50-50-50-50-52-56-56-58-58-58-58-61-96-96-97-97-97-97-97-97-98-98-98-99
6gjs	C	32-33-34-35-37-47-48-49-50-53-54-55-56-58-59-60-64-73-93-94-95-97-99-100-101-103	32-32-32-32-33-33-34-35-37-37-47-47-47-48-49-50-50-50-53-53-54-54-54-54-55-55-56-56-56-56-56-58-58-58-58-58-58-58-59-59-60-64-73-93-93-94-95-95-95-97-99-100-100-100-100-101-101-101-103
4i0c	C	32-52-53-54-56-57-58-97-98-99-100	32-32-32-52-52-52-52-52-53-53-54-54-54-54-56-56-56-56-57-58-58-97-98-98-98-98-99-99-100-100-100-100-100
6xw6	D	44-46-53-56-58-95-97-98-99-100-101	44-46-53-56-58-58-58-58-95-95-95-97-97-97-98-98-98-98-98-98-98-99-99-99-99-100-100-100-100-100-100-100-100-100-100-100-100-100-100-100-101
5hgg	S	2-9-10-11-26-27-31-32-39-40-41-42-44-45-46-47-52-89-91-100-101-103-104-105-106-107-108-110	2-2-9-10-11-26-27-31-31-32-32-39-39-40-41-41-42-44-44-44-45-45-46-47-52-89-89-91-100-100-100-100-100-100-100-100-100-100-100-100-100-100-100-100-100-100-100-100-100-100-100-100-100-100-100-100-100-100-101-101-101-101-103-103-104-105-105-105-105-106-107-108-108-108-108-110
4dka	A	39-45-52-53-56-57-58-61-64-65-66-73-95-97-98-99-100	39-39-45-45-52-53-56-56-56-57-58-61-64-64-64-65-65-66-73-73-95-97-97-97-97-97-97-97-98-98-98-98-99-99-100-100-100-100-100-100-100-100-100-100-100-100-100-100-100-100-100-100-100-100-100-100-100-100
7fat	B	95-99-100-101	95-95-95-99-99-99-99-99-100-100-100-100-100-100-100-100-100-100-100-100-100-100-100-100-100-100-100-100-100-101-101
7te8	A	11-37-39-40-41-42-43-44-45-46-47-50-55-56-57-58-59-60-61-89-91-97-98-100-101-102-103-105-106-107-108-110	11-37-39-39-39-39-39-40-41-41-41-41-41-41-42-42-42-42-42-43-43-43-44-44-44-44-44-44-45-45-45-45-45-45-46-46-47-50-55-56-56-56-57-58-58-58-58-59-60-60-61-89-89-89-91-91-97-97-97-98-98-100-100-100-100-100-101-101-101-102-103-103-103-103-103-105-105-106-107-108-108-108-108-110
5jmo	C	11-31-32-33-35-39-41-42-47-50-51-52-55-56-57-58-87-89-91-94-95-96-97-98-102-105-108-110	11-31-32-32-32-32-32-33-33-33-33-35-35-35-35-35-39-39-41-42-47-50-51-52-52-52-55-56-56-56-57-58-58-87-89-91-94-94-95-95-95-96-96-96-97-97-97-97-97-97-98-102-102-105-105-105-108-108-110
7a50	A	27-28-30-31-32-33-54-55-71-95-96-97-98-99-100	27-27-27-28-30-30-30-31-31-31-31-32-32-33-33-54-55-55-71-95-95-96-96-97-97-98-98-98-98-98-99-99-99-99-99-99-100-100-100-100-100-100-100
5o05	C	31-32-33-37-52-53-54-56-57-58-93-95-97-98-99-100	31-31-31-31-32-33-33-37-52-52-53-54-54-54-54-56-56-56-56-57-58-93-95-95-97-97-97-97-97-97-98-98-99-99-99-99-99-100-100-100-100-100
7kjh	A	26-27-28-29-30-31-45-50-52-53-56-57-58-61-95-96-97-98-99-100-103	26-27-27-27-27-27-28-29-29-29-29-29-30-30-30-30-30-31-31-31-31-31-45-45-50-52-53-56-56-56-56-57-58-58-58-58-58-61-61-61-61-61-95-95-96-96-97-97-97-97-97-97-97-98-98-98-98-99-99-99-100-100-100-100-103
4x7c	C	31-32-33-34-35-37-47-50-52-53-54-56-57-58-93-95-97-98-99-100	31-31-31-31-31-31-32-33-33-34-35-37-47-50-50-52-52-52-53-54-54-54-56-56-56-57-58-58-93-95-95-97-97-97-97-97-97-98-98-98-99-99-99-99-100-100-100-100-100-100
4orz	C	33-44-45-46-47-50-52-53-54-56-57-58-59-61-95-97-98	33-33-44-45-46-47-47-50-50-50-52-52-53-54-56-56-56-56-56-57-57-58-58-58-58-58-59-59-61-61-95-97-97-98-98-98-98
2vyr	E	6-7-8-9-10-31-32-39-40-41-42-88-89-94-95-96-97-98-99-100-101-102-103-105-106-107-108-110-112	6-6-7-7-7-8-8-9-9-10-31-31-32-32-39-39-40-40-41-41-41-42-42-88-89-89-94-95-96-96-96-96-96-96-96-97-97-97-97-97-97-98-98-99-99-99-100-100-100-100-100-100-100-100-100-100-101-101-102-102-102-102-103-105-105-106-106-107-107-107-107-108-108-108-108-110-110-112
7zmv	F	7-8-9-10-11-12-13-14-16-17-18-19-29-30-32-41-42-81-82-87-88-89-95-96-98-100-101-105-106-108-109-110-112	7-7-8-9-9-10-10-10-11-11-11-11-11-12-12-12-13-13-13-13-13-14-16-17-17-17-18-18-18-19-19-29-29-29-29-30-32-41-41-42-81-82-87-88-89-89-95-96-96-98-98-98-98-100-100-100-100-100-100-100-100-100-100-100-100-100-100-100-100-100-100-101-105-105-106-108-108-108-108-108-108-109-110-112
7l6v	E	31-32-33-52-53-56-58-94-95-96-97-100-101	31-31-32-32-32-33-33-33-33-33-52-52-52-53-56-58-58-58-58-94-94-94-95-95-95-95-96-96-96-96-97-100-100-100-100-101-101
7l6v	B	1-27-28-31-32-33-35-47-49-50-51-52-56-57-58-95-96-97-98-99	1-1-27-28-28-31-31-31-31-31-31-31-32-32-32-33-33-33-35-35-35-35-35-47-47-49-50-50-51-52-52-52-52-52-56-56-57-58-58-58-58-58-58-95-95-96-96-96-96-97-97-97-97-97-97-98-98-98-98-98-98-98-98-98-99-99-99
7l6v	C	28-29-30-32-33-37-45-47-50-51-52-54-56-57-58-93-95-96-97-98-99-100-101-103	28-28-29-29-29-30-30-32-32-32-32-33-33-37-45-47-50-50-51-52-52-52-54-56-56-57-58-58-58-93-95-95-96-96-97-97-97-97-98-98-98-99-100-100-100-100-100-100-100-100-100-100-100-100-101-103
6lz2	D	31-33-35-37-47-50-52-53-54-55-56-57-58-60-61-95-96-97	31-31-33-35-35-35-35-37-47-47-47-50-52-52-52-53-53-53-53-54-55-55-55-55-55-56-56-56-56-56-56-57-58-58-58-60-61-95-95-96-96-96-96-96-96-96-97-97
6gwn	C	37-44-45-47-48-49-50-52-53-54-58-59-60-61-64-98-99-100	37-37-44-45-47-47-48-49-50-50-52-52-53-53-54-58-58-58-58-58-59-59-60-60-61-61-61-64-98-98-99-99-99-99-99-100-100-100-100-100-100-100-100
6gwn	B	31-32-33-35-50-51-52-53-54-56-57-58-95-96-97	31-31-32-33-33-33-33-35-35-50-51-52-52-52-52-52-53-53-53-53-53-53-53-54-54-56-56-56-56-57-58-95-95-95-96-96-96-97-97-97-97
5e1h	B	31-32-52-96-97-98-99-100	31-31-32-52-52-96-97-97-97-97-97-98-98-98-98-98-98-99-99-99-99-100-100-100-100-100
5vxm	B	52-53-55-56-58-97-98-99-100	52-52-53-53-55-55-56-56-58-58-58-97-97-98-98-98-98-98-98-98-99-99-99-99-99-99-100-100-100-100-100-100-100-100
7kbk	C	29-52-53-54-55-56-57-97-98-99-100	29-29-29-52-52-52-52-53-53-53-53-53-54-54-54-54-55-56-56-56-57-97-98-98-99-99-99-100-100-100
4y8d	D	27-29-33-52-53-54-56-57-58-59-64-97-98-99	27-29-33-33-33-33-33-52-52-52-53-53-54-54-56-56-56-56-56-57-58-58-58-58-59-64-64-97-97-98-99-99
6sc5	B	1-2-3-25-30-33-37-39-42-43-44-45-46-47-50-52-56-58-91-96-97-98-99-100-101-102-103-104-105	1-1-2-3-3-25-30-30-30-33-33-37-39-39-39-42-43-44-44-45-45-45-46-47-47-47-50-50-50-52-56-58-58-58-58-58-91-96-96-97-97-97-97-97-98-98-99-99-99-99-99-100-100-100-100-100-100-100-100-101-101-101-102-102-103-103-103-103-104-104-105-105
7ndf	D	28-31-32-33-35-37-47-50-52-53-56-58-59-60-93-95-96-97-98-101-102	28-28-31-31-31-32-32-32-33-33-33-33-35-37-47-47-47-50-50-50-52-52-52-53-53-56-58-58-59-60-93-95-95-95-95-96-96-96-96-97-97-97-97-97-98-98-98-101-102-102
6x07	B	28-31-32-33-50-52-53-54-55-56-57-58-95-97-98	28-31-31-31-31-31-32-32-33-33-33-50-52-52-52-52-53-53-54-54-54-55-56-56-56-57-58-58-95-95-95-95-95-97-97-98
4hjj	H	35-37-39-44-45-47-50-60-61-62-91-95-98-99-100-101-102-103-104-119-120-121-145-146-147-149-150-151-152-158-162-163-164-166-169-171-173-174-175-176-177-178-179-180-181-182-188-193-201-203-214-217-218-219-220-221-222-223-224-225-226-227-230-231-248-249-250-251-252-256-257-258-259-262-264-285-286-287-288-290-291-292-300-302-304-330-335	35-37-39-39-44-44-45-45-45-47-47-47-50-60-61-62-91-91-91-91-95-95-98-98-99-99-100-100-100-100-100-100-101-101-102-103-103-103-103-104-119-120-121-145-146-146-147-147-149-150-150-151-151-151-151-152-152-152-152-158-158-162-163-163-164-164-164-164-166-166-166-169-169-169-171-171-171-173-174-174-174-175-175-176-176-177-177-178-178-179-180-181-181-182-188-188-193-193-201-203-214-214-214-214-217-217-218-218-219-220-220-220-220-220-221-221-221-221-221-222-222-222-222-222-222-223-223-223-223-223-224-224-224-224-225-225-225-225-225-225-225-226-226-226-226-226-226-227-227-227-227-227-230-230-230-231-248-249-249-249-250-250-251-251-252-256-257-258-258-258-259-262-262-262-264-264-264-285-285-285-285-285-286-287-287-287-287-287-287-287-288-288-288-290-290-290-291-292-300-302-304-304-330-335
6x05	K	97-98-99-100	97-97-97-98-98-98-98-98-99-99-99-99-99-99-100-100-100
6ocd	B	39-40-41-42-44-45-46-58-95-96-97-100-101-102-103	39-39-39-40-41-42-44-45-45-45-45-45-45-46-46-46-58-95-96-96-97-97-97-97-100-100-100-100-100-100-100-100-100-100-100-101-101-101-101-102-103-103-103
7a4t	A	30-31-32-33-37-44-45-46-47-50-52-53-54-56-58-59-60-95-96-97-99-100	30-30-31-31-31-31-31-32-33-33-33-33-37-37-44-44-44-45-46-47-47-47-50-52-52-53-54-54-56-58-58-58-59-60-95-95-96-96-97-97-97-97-99-99-100
5m2i	L	27-28-30-31-33-47-52-55-56-58-60-61-96-97-98-99-100-101	27-28-28-30-30-31-31-31-31-31-33-33-33-33-47-52-52-52-55-55-55-56-56-58-58-60-61-96-96-96-96-96-97-97-97-97-97-97-97-98-98-98-98-99-100-100-100-100-100-100-100-100-100-100-100-101
7a4y	B	2-3-25-26-27-33-35-45-46-47-50-52-53-54-55-56-57-58-59-60-61-64-74-75-76-96-105	2-3-3-25-25-25-25-26-26-26-26-26-26-27-27-27-27-27-27-33-33-33-33-35-35-45-45-46-46-47-47-47-47-50-52-52-52-53-54-55-55-56-56-57-58-58-59-59-60-61-64-74-75-76-76-96-96-96-96-96-96-105-105-105
5f7k	C	30-31-32-33-37-39-42-43-44-45-47-50-52-53-54-58-94-95-96-97	30-30-30-31-31-31-31-32-32-33-33-33-37-37-39-39-42-42-43-43-44-44-44-44-44-45-45-45-47-47-47-47-50-52-52-52-53-53-54-58-58-94-95-95-95-95-95-96-96-96-96-96-97-97-97
5e5m	H	3-24-25-26-27-28-31-32-33-34-35-37-47-50-52-54-55-58-74-75-76-93-94-95-96-101-103-105	3-24-25-25-25-25-25-26-26-26-27-28-31-31-32-32-32-33-33-33-34-35-37-37-37-47-47-47-47-50-50-50-52-52-54-55-55-58-58-74-74-75-75-76-76-93-93-93-94-94-95-95-95-95-96-96-96-96-96-96-96-96-101-103-105-105
6z6v	G	30-31-33-52-53-54-56-58-73-74-97-98-99-100	30-31-31-31-33-52-52-52-53-53-53-53-54-54-54-54-56-56-56-58-73-74-97-98-98-98-99-99-99-99-100-100-100-100-100-100-100-100-100-100
6xw4	C	24-26-27-28-29-30-31-32-52-53-55-56-73-74-75-76-96-98-99-101-102	24-24-26-27-27-27-27-28-28-28-29-29-29-29-29-29-29-29-30-30-30-30-30-30-30-31-31-31-32-32-52-52-52-52-52-52-52-52-53-53-55-56-73-73-73-73-74-74-74-74-75-75-75-76-96-96-98-98-98-98-98-99-99-99-101-102
6f5g	B	28-32-52-53-54-73-74-97-98	28-32-52-52-53-54-73-73-74-74-97-98
8dtn	A	1-3-5-19-24-25-26-28-31-32-33-37-44-47-50-51-52-53-54-55-56-57-58-65-72-75-76-79-95-96-97-98-99-103	1-1-1-1-1-3-5-19-24-25-25-25-25-26-26-26-28-31-32-32-33-37-37-44-47-47-50-51-52-52-52-53-54-54-55-55-56-56-56-57-57-58-58-65-65-72-72-75-75-76-79-95-95-95-95-96-96-96-96-96-96-97-97-98-98-98-99-99-99-103
6rvc	E	31-38-46-47-48-52-53-55-56-57-58-60-61-62-85-95-98-99-100	31-38-46-46-46-47-48-52-52-53-53-55-55-55-56-56-56-57-58-58-58-58-58-60-61-62-62-85-95-98-98-99-99-99-100-100-100-100-100-100-100-100-100
7n0i	K	1-27-39-40-41-42-43-45-50-51-52-54-55-56-57-58-59-89-91-96-97-98-99-100-101-103-105	1-1-27-39-39-40-41-42-43-45-45-50-51-52-52-52-54-54-55-55-56-56-56-56-57-57-57-58-59-89-91-91-96-96-97-97-97-97-97-97-98-98-98-98-98-98-98-98-99-100-100-100-100-100-100-100-100-100-100-100-100-100-100-100-101-101-101-103-105
5mwn	E	32-33-35-37-47-50-52-53-54-55-56-60-93-95-97-99-100-101	32-32-32-33-33-35-37-47-47-47-50-52-53-54-55-56-60-93-95-95-95-95-95-97-97-99-100-100-100-100-100-100-100-100-100-101-101
6fyw	C	52-53-54-55-56-57-96-97-98-99-100	52-53-53-54-55-55-55-56-57-96-97-97-98-98-98-99-99-99-100-100-100-100-100-100-100-100-100
5mwn	N	2-24-25-26-27-28-29-30-31-32-71-72-73-74-76-77-78-96-97-98-99-100	2-24-25-26-26-27-27-27-27-27-28-28-28-28-28-28-28-28-28-28-29-29-29-30-30-31-31-31-32-71-72-73-73-74-74-76-76-76-77-78-96-97-97-98-98-98-98-99-99-99-99-100-100-100-100-100
6waq	A	52-55-56-57-58-98-99-100	52-55-55-56-56-56-57-57-58-58-58-58-98-98-98-98-99-99-100-100-100-100-100-100-100-100-100-100-100-100
7nqa	D	1-3-25-26-27-28-29-30-32-33-37-50-53-54-56-73-74-93-95-97-98-99-100-101-102-103	1-1-1-3-3-25-25-25-26-26-26-27-27-27-28-29-29-29-29-29-30-32-33-33-37-50-53-54-54-54-54-54-56-73-73-74-74-93-95-95-97-98-99-99-100-100-100-100-100-100-100-100-100-100-100-100-100-100-100-100-100-100-100-100-100-100-100-100-100-100-101-101-101-101-102-103-103
6oq8	D	27-30-31-32-33-35-37-44-45-47-50-52-53-54-58-73-95-96-97-98-99-101-103	27-30-30-31-31-31-31-31-31-32-33-33-33-33-35-37-37-44-45-45-47-47-47-50-52-52-53-53-54-54-58-58-58-73-95-95-95-95-96-96-96-96-97-97-97-97-97-97-98-98-98-98-99-101-101-101-103-103-103
6ui1	D	29-30-31-32-33-37-42-43-44-46-47-54-55-56-58-93-95-96-97-101-102	29-30-31-31-31-31-31-31-32-32-33-33-33-37-42-42-42-43-44-44-44-44-46-47-54-54-55-55-55-56-56-56-58-93-95-95-96-96-96-96-96-96-96-96-96-96-97-97-97-97-97-101-101-101-102-102-102
6uht	D	1-3-5-23-25-27-28-29-30-31-33-45-46-47-48-49-53-58-59-60-61-75-96-97-98-99-100	1-1-1-3-3-5-23-25-27-27-27-27-28-28-29-29-30-31-31-31-31-31-33-45-46-47-47-48-49-53-53-58-59-59-60-60-61-61-75-96-97-97-97-97-97-98-98-98-98-98-98-99-99-100-100-100-100-100-100-100-100-100-100-100
5van	B	29-30-31-52-53-54-55-56-58-96-97-98-99-100	29-30-31-31-31-31-31-52-52-52-52-52-52-53-53-53-54-55-55-55-55-56-56-56-56-58-96-97-97-97-98-98-98-98-98-99-99-99-99-99-100-100-100
7e53	B	28-29-30-31-52-75-96-97-98-99-100	28-29-29-29-29-29-29-30-31-31-31-31-52-75-96-96-96-96-97-97-97-97-98-98-98-98-99-99-99-99-100-100-100-100
6i6j	C	1-29-30-31-33-35-37-47-50-52-53-54-56-58-95-97-98-99-100	1-29-30-30-30-31-31-31-31-33-33-35-37-37-47-47-47-47-47-50-50-52-52-52-52-53-54-54-56-56-56-58-58-58-95-95-97-97-97-98-99-99-99-99-99-100-100-100-100-100-100-100-100-100-100-100
5my6	B	31-32-33-34-35-37-44-45-47-50-52-53-54-58-93-94-95-97-98-99-101-103	31-31-32-32-32-32-32-33-33-33-34-35-37-37-37-44-44-45-45-47-47-50-50-50-50-52-52-53-54-58-58-58-93-94-95-95-97-98-98-98-98-98-98-98-99-101-101-101-103-103
8h3y	D	2-10-11-24-26-27-28-29-30-31-32-33-39-41-42-43-44-45-52-56-58-61-64-91-96-97-98-99-100-101-108-110-112	2-10-11-24-26-27-28-28-28-29-30-31-31-31-31-32-32-32-32-32-32-33-39-39-39-41-41-41-42-42-42-43-43-43-44-44-44-45-52-52-52-56-56-56-58-61-61-61-61-61-64-64-64-91-96-96-97-97-97-98-98-98-99-99-100-100-100-100-101-108-110-110-112
4u3x	A	33-37-45-47-50-52-58-95-96-97-98-99-100-101-103	33-33-37-45-47-47-47-47-47-50-52-52-52-52-58-58-95-95-95-96-97-97-97-98-98-99-99-99-99-100-100-100-100-100-100-100-100-100-100-100-100-100-100-100-100-101-103
7vnb	A	32-33-44-45-46-47-52-54-56-57-58-60-61-62-96-97-98-99-100-101-103	32-32-32-33-44-45-46-47-47-47-47-52-52-52-52-52-54-56-56-56-56-56-57-58-58-58-58-58-60-61-61-62-96-96-97-97-97-97-98-98-98-99-99-99-100-100-100-100-100-100-101-103
7a0v	F	1-15-17-19-27-28-30-31-32-39-42-43-44-45-51-53-55-56-57-59-61-62-64-65-66-67-68-70-71-81-82-96-97-98-99-100-101-102-103	1-1-1-1-1-15-17-19-27-28-28-28-30-31-31-31-31-32-39-42-43-44-44-44-44-45-45-51-53-53-53-53-53-55-56-56-57-57-59-61-61-61-62-64-64-65-65-65-65-65-66-67-68-68-68-70-71-81-81-82-82-96-96-96-96-96-97-97-97-98-98-98-98-98-99-99-99-100-100-100-100-100-101-101-101-101-102-102-102-103-103
4lhq	B	31-32-52-96-97-98-99-100	31-31-32-52-52-52-96-97-97-97-97-97-97-98-98-98-98-98-98-99-99-99-99-100-100-100-100
6h72	D	1-2-32-95-97-98-100-101-102-103	1-1-2-32-95-95-95-97-98-98-98-98-98-100-100-100-100-100-100-100-100-100-100-100-100-100-100-100-100-100-100-100-100-100-100-100-100-100-101-101-101-102-102-102-103
8en4	C	27-29-30-32-33-56-57-58-59-61-64-95-96-97-98-99	27-29-29-30-32-32-32-32-32-33-56-56-56-57-57-58-58-58-59-61-61-61-61-61-64-95-96-97-98-98-98-98-98-98-98-99-99-99-99-99
7nkt	B	30-52-95-96-97-98-99-100-101	30-30-30-52-95-96-96-96-96-97-97-97-97-97-98-98-98-98-98-98-98-99-99-99-100-100-100-100-100-100-100-100-100-100-100-100-101-101
7kgj	B	26-27-28-30-31-32-33-37-47-50-52-53-54-55-58-59-61-64-95-96-97-98-99-100	26-26-27-27-28-28-28-30-30-31-31-31-32-32-32-32-32-32-33-33-37-47-47-50-52-52-52-52-53-53-53-53-53-54-55-58-58-58-58-58-59-61-64-95-96-96-97-97-97-97-98-98-99-99-99-99-99-100-100-100-100-100-100
6b20	F	1-2-3-4-5-9-10-11-25-26-28-31-32-44-45-53-89-94-95-96-97-98-101-102-103-105-106-108	1-1-1-1-2-2-2-3-3-3-4-4-5-9-10-11-25-26-28-28-31-31-31-31-31-32-32-32-32-44-45-53-53-89-94-95-95-95-95-96-96-96-96-96-97-97-97-98-98-98-98-98-98-98-101-101-102-102-102-102-102-102-102-103-105-105-105-105-105-105-106-108-108
6i8g	B	1-27-29-30-31-32-52-53-55-96-97-99-101-102	1-27-29-30-30-30-31-31-31-32-32-32-52-52-52-52-52-53-53-55-96-96-96-96-96-96-97-97-99-99-99-99-99-99-99-101-101-101-102
7ldj	F	1-27-28-29-30-31-47-48-49-50-53-54-55-58-59-60-61-73-95-96-97-98-99-100-101-102	1-1-1-27-27-28-29-29-29-29-29-30-30-31-31-47-48-49-50-53-53-53-53-53-54-55-58-58-58-59-60-61-73-73-73-73-95-96-96-96-96-97-97-98-98-98-98-98-99-99-99-99-99-99-100-100-100-100-100-100-100-100-100-100-100-100-100-100-100-100-100-100-100-101-101-101-102-102
7dv4	F	6-7-8-9-10-31-32-33-39-43-44-45-52-53-54-56-58-89-91-94-96-97-98-99-100-101-103-105-106-107-108	6-7-7-7-8-8-9-9-9-10-31-31-32-32-33-33-33-33-39-39-39-43-44-45-45-52-52-52-53-53-53-53-54-54-54-56-56-58-89-89-91-91-91-94-96-96-97-97-97-98-98-98-98-98-98-99-99-99-99-99-100-100-100-100-100-100-100-100-100-100-100-100-100-101-101-103-103-103-105-105-105-106-106-107-107-107-107-108-108-108
7tpr	H	1-2-30-39-42-43-44-45-47-55-56-57-58-59-91-96-97-98-99-100-101-102-103	1-2-30-39-39-39-39-42-43-44-44-45-45-45-47-47-55-56-56-57-57-57-58-58-58-59-91-91-96-97-97-97-98-99-99-99-99-99-100-100-100-100-100-100-100-100-100-100-100-100-100-101-101-101-102-102-103-103-103-103-103-103
6oq7	C	33-35-37-45-46-47-50-52-53-56-58-59-60-61-62-64-93-94-95-103	33-33-35-35-35-37-45-45-45-46-47-47-47-47-47-47-50-52-52-53-56-58-58-58-59-60-61-61-61-62-64-93-93-93-94-95-103
6ey0	F	39-41-42-43-44-45-52-53-54-85-96-97-98-99-100-101-102-116	39-41-41-42-43-43-44-45-52-53-54-85-85-96-96-97-97-97-97-98-98-99-99-99-100-100-100-100-100-100-100-100-100-100-100-101-101-102-116
4lgp	B	1-2-3-31-32-33-50-52-54-55-60-61-64-94-95-96-97-98-99-100-101-102	1-2-3-3-31-31-31-31-31-32-32-32-32-32-32-33-33-33-33-50-52-52-52-52-54-54-54-54-54-55-60-61-61-64-94-94-94-95-96-97-97-97-97-98-98-98-99-99-99-100-100-100-100-101-102
6v7y	F	27-28-31-32-52-53-54-95-96-97-98-99-100-101	27-28-31-31-31-32-52-52-52-53-54-95-95-95-95-96-96-96-96-97-97-98-98-98-98-98-99-99-99-99-100-100-100-100-100-100-101
5ja8	H	1-2-3-5-25-26-27-31-32-52-56-94-95-96-97-98-99-100-101-102-103-105	1-1-1-1-1-2-2-2-2-3-5-25-25-26-27-31-31-31-31-32-32-32-32-52-56-94-95-96-96-96-96-96-96-96-97-97-98-99-99-100-100-100-100-100-100-100-100-100-100-100-101-101-101-102-102-103-103-103-103-105-105-105
7s2r	B	32-33-52-98-99-100	32-33-33-33-52-52-52-52-52-98-98-98-98-99-99-99-99-99-100-100-100-100-100-100-100-100-100
6hjx	G	29-30-32-33-51-52-53-54-55-56-57-58-59-60-61-63-64-65-67-68-95-98-99-100	29-30-32-32-32-33-51-52-52-52-52-53-53-53-53-53-53-53-53-54-54-54-54-54-55-55-55-55-56-56-56-57-57-57-58-58-58-59-59-59-59-60-61-61-61-63-64-65-65-67-68-95-98-98-99-99-99-99-99-100-100-100-100-100-100-100
5y80	B	33-47-52-56-58-95-96-97-98-99-100-101	33-33-33-47-52-52-52-52-52-56-58-58-58-58-58-95-95-95-95-96-96-96-97-97-97-97-98-98-98-98-99-100-100-100-100-100-100-101-101
4eig	B	31-33-35-37-44-45-46-47-50-52-53-54-56-58-95-96-97-98-99-100	31-33-33-33-33-35-37-37-44-45-45-46-47-47-47-47-50-50-50-50-52-52-52-52-53-53-54-56-56-58-58-58-95-95-96-96-96-96-96-97-98-98-98-98-98-99-99-99-99-100-100
7nmu	C	1-2-26-27-31-32-52-53-95-96-97-98-99-100-101-102	1-1-1-2-2-26-27-31-31-32-32-52-53-95-96-96-96-96-96-97-97-97-97-97-97-97-98-98-98-98-98-99-99-99-100-100-100-100-100-101-101-101-101-102-102-102-102-102
4nc2	B	27-28-31-32-33-52-53-54-55-56-95-96-97-98-99-100-101	27-28-31-31-31-31-32-33-52-52-53-53-53-53-53-53-54-55-56-95-96-96-96-96-96-96-97-97-97-98-98-98-98-98-98-98-98-98-98-98-98-99-99-99-100-100-100-100-101
7qn5	F	29-30-32-33-52-53-56-59-61-64-97-98-99-100-101	29-29-29-29-30-32-33-52-53-56-56-56-59-61-64-97-97-97-98-98-98-98-98-98-98-99-99-100-100-100-100-100-100-100-100-100-101
7k84	B	32-52-53-55-56-58-96-97-98-99-100	32-32-32-52-52-53-55-55-56-56-56-56-56-58-58-58-96-96-97-97-97-97-97-97-98-98-98-98-99-99-99-99-99-100-100-100-100-100-100-100
4w6w	B	19-55-56-57-61-64-65-68-70-71-72-73-74-75-81-82	19-19-55-56-56-56-57-57-61-64-65-68-68-70-70-70-71-71-72-72-73-73-73-74-75-81-81-81-82
7r98	E	1-2-25-26-27-28-31-32-39-41-45-52-89-91-94-95-96-97-98-100-101-102-103-104-105-106-108-110	1-1-1-1-2-25-26-26-27-28-28-31-32-32-32-32-32-39-41-41-45-52-89-89-91-94-94-95-95-96-96-96-96-97-97-97-97-97-97-97-97-98-98-98-100-100-101-101-101-102-102-102-103-103-104-105-105-105-105-106-108-110
5vxk	B	56-96-97-98-99-100-101	56-96-97-97-97-98-98-99-99-99-100-100-100-100-100-100-100-100-100-100-100-100-100-100-100-100-100-100-100-101-101-101
5fhx	H	33-35-37-39-44-45-47-50-52-53-54-56-58-60-62-64-65-91-95-99-100-101-103-104-105-149-151-153-157-158-159-160-161-164-166-172-173-174-175-208-212-215-216-217-218-219-220-222-223-224-242-243-244-245-246-251-252-253-254-257-259-280-281-282-283-284-285-286-287-295-297-299-325-330	33-33-33-35-35-37-39-39-44-45-45-45-47-47-47-50-50-50-52-52-53-54-54-56-56-58-58-60-62-64-64-65-91-91-91-91-95-95-95-99-99-100-100-100-100-100-100-100-100-100-100-100-100-100-100-100-100-100-100-101-101-103-103-103-103-104-105-149-151-153-153-157-158-158-159-159-159-159-160-161-161-161-161-164-166-172-173-174-175-175-208-208-208-208-212-215-215-215-216-216-216-216-216-217-217-218-218-218-219-219-219-219-220-222-222-222-222-223-224-224-224-242-243-243-243-243-244-244-245-245-246-251-252-253-253-253-254-257-257-257-259-259-259-259-280-280-280-280-281-282-282-282-282-282-282-282-283-283-283-284-285-285-285-286-287-295-297-299-299-325-330
7kn6	C	1-3-39-42-44-45-46-47-52-58-60-61-91-95-96-97-98-99-100-101-102-103	1-1-1-3-39-39-39-39-42-44-44-45-45-45-45-45-45-46-46-47-47-47-47-47-52-58-60-60-61-91-95-96-97-97-97-97-98-99-99-100-100-100-100-100-100-100-100-100-100-100-100-101-102-103-103-103-103
4grw	E	27-28-30-31-32-33-52-54-56-57-58-94-95-96-97-98-99-100	27-28-30-30-30-30-31-31-31-31-31-31-32-33-52-52-52-54-54-56-56-57-57-57-58-58-94-95-96-97-97-97-97-98-98-98-98-98-98-98-99-99-99-99-99-99-100-100-100-100-100-100-100-100
5lwf	D	41-42-44-45-56-58-64-91-98-99-100-108	41-41-42-44-44-45-45-56-58-58-58-64-91-98-98-98-98-99-99-100-100-100-100-100-100-100-100-100-100-100-108
7uia	E	95-96-97-98-99-100-101	95-95-96-96-96-97-98-98-98-98-98-99-99-99-100-100-100-100-100-100-100-100-100-100-100-100-100-100-100-100-100-101-101
6ssi	G	1-2-27-28-29-30-31-32-33-50-52-94-95-101	1-1-1-1-2-27-27-28-28-28-28-28-28-28-28-29-29-29-30-30-30-30-30-31-31-32-32-32-33-33-33-33-50-50-52-94-95-95-95-101-101
6h15	D	5-9-41-42-43-44-53-54-56-58-59-61-91-95-96-97-98-99-100-101-105-106-108-110	5-9-41-41-42-42-42-42-43-43-43-43-44-44-44-53-54-56-58-58-58-59-61-91-95-95-95-96-97-97-97-97-97-97-98-98-99-99-99-99-99-99-99-100-100-100-100-100-100-100-100-101-105-105-106-108-110
6j7w	A	35-37-45-46-47-51-52-53-54-55-56-58-72-73-74-93-95-98-99-100-101-102-103	35-37-37-45-45-45-46-47-47-47-47-47-51-52-52-53-54-54-55-55-56-58-58-72-73-73-73-73-74-93-95-95-98-99-99-99-99-100-100-100-100-100-100-100-101-102-103-103
5vnw	C	1-27-32-33-37-47-50-52-56-58-95-96-98-99-100-101-102	1-1-1-27-32-32-33-33-37-47-47-47-50-50-52-56-58-58-58-95-96-96-96-98-99-100-100-100-100-100-100-100-100-101-101-101-102
6gju	C	32-37-45-46-47-50-52-54-55-56-58-93-95-97-99-100-101-103	32-37-37-37-45-46-47-47-50-50-50-50-52-52-54-55-56-58-58-58-93-95-97-99-100-100-100-100-100-100-100-100-100-100-100-101-103-103
3k3q	A	31-95-97-98-99-100-101	31-31-31-31-95-97-97-98-98-98-99-99-100-100-100-100-100-100-100-100-100-101
2wzp	K	30-31-52-53-54-56-58-95-96-97-98-99-100	30-30-30-31-31-31-31-31-52-53-54-54-54-54-54-54-54-56-56-56-56-58-58-95-95-95-96-96-97-97-97-97-98-98-99-99-99-99-100-100-100-100
6cwg	D	27-28-31-32-52-95-96-97-98-99-100	27-28-31-31-31-31-32-52-52-52-95-96-96-97-97-97-97-97-97-98-98-98-98-98-98-99-99-99-99-100-100-100-100-100
7kgk	B	27-28-30-31-32-33-35-37-44-45-47-52-55-58-93-95-96-97-101	27-28-28-28-28-30-31-31-31-31-32-32-32-32-33-33-35-35-35-35-37-37-37-37-44-45-47-47-47-52-52-52-52-52-52-52-55-58-58-58-93-93-95-95-95-95-95-95-96-96-97-101
4weu	E	47-52-53-54-55-56-58-61-64-83-97-98-99-100	47-52-52-52-52-53-54-55-55-56-56-56-58-58-58-58-58-61-61-64-83-97-98-98-98-99-99-99-99-99-100-100-100-100-100-100-100
6fyu	I	27-32-42-44-52-53-55-56-58-61-64-98-99-100	27-32-42-44-52-52-53-53-53-55-55-56-56-58-58-58-61-64-98-98-98-98-98-98-98-99-99-100-100-100-100-100-100-100-100-100
6gs4	H	31-33-52-53-54-55-71-73-95-96-97-98-99-100	31-33-52-52-52-52-52-53-53-53-53-53-54-54-54-54-54-55-55-55-55-55-55-55-55-55-71-73-95-96-96-97-97-97-97-97-97-97-98-98-98-99-99-99-99-99-99-100-100-100-100-100-100-100
6ehg	C	32-33-50-51-52-53-55-56-57-58-96-97-98-99-100	32-32-33-50-51-52-52-52-53-53-55-56-56-56-56-56-56-56-56-57-58-58-96-97-97-97-98-98-98-98-98-98-98-99-99-100-100-100-100-100
7my2	H	52-56-58-61-96-97-98-99-100-101	52-52-52-52-56-56-58-58-61-61-96-96-96-97-97-98-98-99-100-100-100-100-100-100-100-101
6zcz	H	33-37-39-43-44-45-46-47-50-52-55-56-58-59-64-91-95-97-98-99-100-101-102-103-104-105-122-123-124-125-126-130-131-132-133-136-138-157-159-160-161-162-164-165-166-174-176-178-209-210-211	33-33-37-39-39-43-44-45-45-45-46-47-47-47-50-52-52-52-55-56-56-56-58-58-58-58-58-59-64-64-91-91-91-95-97-98-99-99-99-100-100-100-100-100-100-100-100-100-100-100-100-100-100-100-100-100-100-100-101-101-102-103-103-103-104-105-105-122-122-122-123-123-124-124-125-126-130-131-132-132-132-133-136-136-138-138-138-138-157-159-159-159-159-160-161-161-161-161-161-161-161-162-162-162-164-164-164-165-166-174-174-176-178-209-209-210-211-211
5ovw	H	26-27-28-30-31-32-47-48-49-50-56-58-59-60-73-74-96-97-98-99-100	26-27-27-28-28-30-30-31-31-31-31-32-32-47-48-49-50-56-58-58-59-60-60-73-74-96-96-96-97-97-97-97-97-97-98-98-98-98-99-99-99-100-100-100-100-100-100-100-100-100-100-100-100-100
7mjh	D	30-37-45-46-47-50-52-53-54-56-58-61-95-96-97-100	30-30-37-45-46-47-47-47-50-50-50-50-52-52-52-52-53-53-54-54-56-58-61-95-96-97-97-97-97-100-100-100-100-100-100
7x7e	E	1-2-5-9-10-11-12-13-17-18-19-26-27-28-30-31-32-41-53-54-55-56-71-72-73-74-81-96-99-100-102-105-107-108-110	1-1-1-2-5-9-10-10-10-10-10-10-11-11-11-11-11-12-13-13-13-17-18-19-19-26-26-27-27-27-28-28-28-28-28-30-30-30-31-31-31-32-41-53-54-54-54-55-55-55-55-55-56-71-72-73-73-74-74-81-96-96-96-99-100-100-100-102-102-105-105-105-105-107-108-108-108-108-110
6x04	B	6-7-8-9-10-11-12-13-17-18-19-23-27-28-29-32-33-35-37-45-47-50-53-54-55-56-57-58-59-60-61-64-65-66-74-79-82-93-95-97-98-99-100-101-107-110	6-7-7-8-8-8-8-9-9-9-10-10-11-11-11-11-11-11-12-13-13-13-17-18-19-19-23-27-27-28-29-32-32-33-33-35-37-37-37-45-47-47-47-47-50-53-53-53-54-54-55-55-55-55-55-55-55-56-56-56-57-57-58-58-59-60-61-61-64-64-65-65-66-74-79-82-82-82-82-93-93-95-95-97-97-97-97-98-99-99-99-100-100-100-100-100-100-100-101-101-107-110
5omn	C	33-47-50-52-53-54-56-57-58-59-64-95	33-33-33-47-47-50-52-52-52-52-52-53-54-54-56-56-56-56-57-57-58-58-58-58-58-59-64-95-95-95-95-95
7wd2	C	95-96-97-98-99-100-101	95-95-96-97-98-98-98-99-99-99-100-100-100-100-100-100-100-100-100-100-100-100-100-100-100-100-100-100-100-101
7a4d	H	27-32-33-37-44-45-46-47-48-49-50-52-53-55-56-58-59-60-94-95-96-97-98-99-100-101-102	27-32-32-32-33-37-44-44-45-46-47-47-47-48-49-50-52-52-52-53-53-55-56-58-58-58-59-60-94-95-96-96-96-96-97-97-97-97-97-97-98-98-99-99-99-100-100-100-100-100-100-100-101-101-101-101-102
5fuc	V	3-26-27-30-31-32-52-53-54-73-74-76-96-97-98-99-101	3-3-26-27-27-27-27-27-27-30-30-30-31-31-32-32-32-52-52-52-53-53-53-53-53-53-54-54-73-73-73-73-74-74-74-76-96-97-97-97-98-98-98-98-98-99-101-101-101
7sp8	B	30-31-33-52-53-54-56-58-95-96-97-98-99-100	30-31-31-33-33-33-52-53-54-54-54-54-54-54-54-56-56-58-58-58-95-95-96-96-96-97-97-97-98-98-98-99-99-100-100-100
4w2q	A	2-3-26-27-29-30-31-44-89-91-97-99-100-101-102-103-105-106	2-3-26-27-27-27-27-29-29-30-30-30-31-44-89-89-91-91-97-97-97-97-97-99-99-99-100-100-100-100-100-100-100-100-101-102-102-102-103-103-105-105-105-105-105-105-106
6hhu	G	2-27-28-29-30-39-45-58-59-61-96-98-99-100-101-102-103	2-27-27-27-27-27-28-28-28-28-29-29-29-29-29-29-29-29-29-30-30-30-30-39-45-45-58-59-61-96-98-98-98-98-99-99-99-100-100-100-100-100-100-100-100-101-101-102-102-102-103-103-103-103
4lgs	B	31-32-52-96-97-98-99-100	31-31-32-52-52-52-96-97-97-97-97-97-98-98-98-98-98-98-99-99-99-99-100-100-100-100-100
7ocj	H	29-31-32-33-34-35-37-47-49-50-51-52-53-54-55-56-57-58-59-61-64-65-93-94-95-97-98-99-101	29-31-31-31-31-32-33-33-34-35-37-47-49-50-50-51-52-52-52-52-53-54-54-54-55-55-55-55-56-56-56-56-56-56-57-57-57-57-58-58-58-58-58-58-58-58-59-59-61-64-64-65-65-93-93-94-95-95-95-97-97-97-97-98-98-99-99-99-99-101-101
5sv3	A	53-55-56-58-61-98-99-100	53-55-55-55-55-56-56-56-58-61-98-99-99-99-99-99-100-100-100-100-100-100-100-100-100-100
5f7l	B	2-3-5-26-27-29-30-96-97-98-99-100-101-102-103-105	2-3-3-3-5-26-27-27-29-29-29-29-29-29-30-96-97-97-97-98-98-98-98-98-99-100-100-100-100-101-101-101-101-101-102-102-102-102-103-103-103-105-105-105
6v7z	F	1-26-27-32-33-34-35-37-44-45-46-47-49-50-52-56-57-58-93-94-95-98-99-100-101	1-1-1-1-26-27-27-32-32-33-33-34-35-37-37-37-37-44-45-46-47-47-49-50-50-50-52-56-57-57-58-58-93-94-95-95-95-95-95-98-99-99-100-100-100-100-100-100-100-100-100-101-101
5usf	D	14-15-19-30-31-33-42-43-44-47-50-52-53-54-55-56-57-59-62-65-66-67-68-69-70-71-72-73-74-75-79-82-83-84-85-97-98-99	14-14-14-15-15-19-30-30-31-31-31-31-31-33-42-42-43-44-47-50-52-52-52-53-53-53-53-53-54-54-54-55-55-55-55-55-56-57-59-59-62-62-65-66-66-67-68-68-68-69-70-70-70-70-70-71-72-73-74-75-79-82-82-82-83-83-83-83-83-83-83-84-85-85-97-98-99-99-99-99-99
7kd0	C	33-35-37-47-52-53-56-57-58-59-60-64-93-95-96-97-98-101	33-33-35-35-37-37-47-47-47-52-53-56-56-56-57-57-58-58-58-58-58-58-58-58-58-59-59-60-64-93-93-95-95-95-95-96-96-97-97-98-101-101
7m1h	F	27-28-29-30-32-33-37-39-41-42-43-44-45-47-50-52-53-54-56-58-73-93-97-98-99-100-101-103	27-28-28-29-29-29-29-29-29-30-30-32-32-32-32-32-33-33-37-37-39-41-42-42-42-43-44-44-44-44-44-45-45-45-47-50-50-52-53-54-54-54-54-54-56-56-56-58-58-58-73-93-97-97-97-97-97-98-98-99-99-99-99-99-99-99-100-100-100-100-100-100-100-100-100-100-100-100-100-100-100-100-100-101-103
5dmj	B	33-35-37-39-41-45-47-50-51-52-56-57-58-62-83-84-85-89-95-96-97-98-99-103-108	33-33-33-33-35-35-35-37-39-41-45-45-45-45-45-47-47-47-47-47-47-47-50-51-52-52-56-56-56-57-58-58-62-83-83-83-83-84-85-85-85-89-95-95-96-96-97-97-97-97-97-97-97-98-98-98-99-99-99-99-99-99-99-103-108-108-108
4kfz	D	31-35-39-44-45-47-50-52-53-55-56-58-91-96-97-98-99-100-103-104	31-35-39-39-39-44-45-45-45-45-45-47-47-50-50-52-52-52-52-52-53-53-53-55-55-56-56-56-56-56-58-58-58-91-96-97-97-98-98-98-99-99-99-99-99-100-100-100-100-100-100-100-100-100-100-100-100-100-100-100-100-100-100-100-103-103-104
6vbg	C	1-27-28-30-31-33-47-50-51-52-53-55-56-57-58-95-96-97-98-99-100-101	1-27-28-28-28-28-28-30-30-31-31-31-31-31-31-33-33-47-50-50-51-52-52-52-52-52-52-52-53-55-55-55-55-56-56-56-56-57-58-58-95-95-95-95-95-95-96-96-97-97-98-98-99-99-100-101
6fyt	I	1-2-26-27-30-31-32-53-96-97-98-99-100-102	1-2-26-27-27-30-30-31-32-53-96-96-96-97-97-97-97-97-97-97-98-98-98-99-99-100-100-100-100-100-100-100-100-100-100-100-100-102
7zra	E	1-2-32-33-34-35-36-37-47-49-50-51-52-54-55-56-57-58-59-61-64-65-93-94-95-97-98-100-101-102	1-2-32-32-33-33-34-35-36-37-47-47-49-50-50-51-52-52-52-52-54-54-54-55-55-55-56-56-56-56-56-56-57-57-57-57-57-58-58-58-58-58-59-59-61-61-64-65-65-93-93-94-95-95-95-95-95-95-95-97-98-100-100-100-100-100-100-100-100-100-101-101-102-102
6o3c	B	30-31-33-34-35-37-47-50-51-52-53-58-93-95-97-98-99-100	30-30-31-31-31-33-33-33-34-35-37-47-47-50-50-50-51-51-52-52-53-53-53-53-53-58-58-58-58-93-95-95-97-97-97-97-98-98-98-98-98-99-99-100-100-100-100-100-100-100-100-100-100-100-100-100-100
5vxl	B	28-30-31-52-53-54-55-56-73-74-76-96-97	28-28-28-28-30-30-30-30-30-31-31-31-52-52-52-52-52-52-52-52-53-53-53-54-55-55-56-73-73-74-76-96-97-97-97
6zg3	E	1-2-5-11-23-24-25-26-31-32-39-41-42-43-45-52-56-87-88-89-95-96-97-98-99-100-101-102-103-105-108-110	1-2-5-5-5-11-23-24-25-25-26-31-32-39-41-41-42-42-42-43-45-45-52-52-52-52-56-87-88-89-95-96-96-96-97-97-97-97-97-97-97-98-98-98-98-99-99-100-100-100-100-100-100-100-100-100-101-101-102-102-103-103-105-105-108-108-108-110
6h02	B	1-27-28-29-30-31-32-52-53-54-56-57-58-96-97-98-99-100-101-102	1-27-28-29-29-29-30-30-31-32-32-32-32-32-52-52-53-53-54-54-56-56-57-58-58-96-96-96-97-97-97-97-97-98-98-99-99-100-100-100-100-100-100-100-101-101-102-102
4fhb	D	52-53-54-55-56-97-98-99-100	52-52-52-52-52-53-53-53-54-55-55-56-56-97-97-97-97-98-98-99-99-99-100-100-100-100-100-100
4p2c	H	26-27-30-31-32-53-54-55-56-71-73-97-98-99-100	26-27-30-30-30-30-30-30-31-31-31-32-53-53-53-53-54-54-54-54-54-54-54-54-55-55-56-71-73-73-73-73-97-97-98-98-98-99-99-99-99-99-100-100-100-100-100-100-100-100-100
4krp	D	31-39-45-47-52-53-54-55-56-57-58-59-60-61-91-96-97-98-99-100-101-103-104-105-122-123-124-125-126-130-131-132-133-136-138-159-161-162-164-165-166-176-178	31-39-39-45-45-47-47-47-52-52-53-54-54-54-54-55-56-56-56-56-57-58-58-58-58-59-60-60-61-91-91-91-91-96-97-98-98-98-99-99-99-99-99-99-99-99-99-100-100-100-100-100-100-100-100-100-100-100-100-100-100-101-103-103-103-104-105-122-122-122-122-123-124-124-125-126-130-131-132-132-132-133-136-136-138-138-159-159-159-159-159-161-161-161-161-161-161-161-162-162-162-164-164-164-165-166-176-178-178
5hvf	B	32-37-44-47-50-52-53-54-56-57-93-95-96-97-98-99-100-101-103	32-32-32-37-44-47-47-50-52-52-53-53-54-54-54-54-56-57-57-57-57-93-95-95-95-95-95-95-95-96-97-97-97-97-97-97-98-99-99-99-99-99-100-100-100-100-100-100-100-100-100-101-101-101-103
7rnn	C	27-28-30-31-32-33-52-53-55-56-96-97-101	27-28-30-31-31-31-31-31-31-31-32-33-52-53-53-53-53-55-56-96-96-97-97-97-97-101-101
7nll	C	3-5-7-23-39-41-42-44-45-58-75-77-91-100-105-106-108	3-5-5-7-23-39-41-41-42-42-42-44-45-58-75-77-91-100-100-100-100-100-100-100-100-100-100-100-100-100-100-100-100-100-100-100-105-105-105-105-106-108-108
6h16	B	1-27-29-30-31-32-52-53-56-95-96-97-98-99-100	1-27-27-27-27-29-29-29-29-29-30-30-31-32-32-32-52-52-53-53-53-56-95-96-97-97-97-97-97-97-97-97-98-98-99-99-99-100-100-100-100
7my3	H	14-15-57-59-64-65-67-68-82	14-15-57-57-57-59-64-65-65-65-67-68-82-82-82-82-82-82
5mp2	C	33-52-56-57-58-59-98-99-100	33-33-52-56-56-56-56-57-58-58-58-58-58-58-59-98-98-98-98-98-99-99-99-99-99-99-100-100-100-100-100
7b27	C	1-6-7-8-9-10-11-12-13-15-16-17-18-19-21-35-37-39-42-43-44-45-47-58-60-75-81-82-91-93-95-98-100-101-103-105-114-115	1-1-6-7-7-7-8-8-8-8-9-9-9-9-10-10-11-11-11-11-11-12-12-12-13-13-13-13-13-13-15-16-17-17-17-17-18-18-18-19-19-19-19-19-21-35-37-37-39-39-42-43-44-44-44-45-45-45-45-47-47-58-60-75-81-82-91-91-93-93-95-95-98-100-100-100-100-100-101-101-103-103-103-103-105-114-114-114-115
6f2g	B	30-31-42-43-44-45-47-52-56-58-59-60-61-64-95-96-97-98-99-100	30-31-42-43-44-45-45-45-47-47-52-52-52-52-56-56-56-56-56-58-58-58-58-59-60-60-61-61-61-61-64-95-95-96-97-98-98-98-99-99-99-99-99-100-100-100-100-100-100-100-100-100-100-100-100-100-100-100
7wpf	R	44-45-47-53-54-58-73-91-98-99-100-103-122-123-124-125-126-129-130-136-137-141-164-166-167-181-209	44-45-45-47-47-53-54-54-54-58-73-73-91-98-99-99-100-100-100-100-100-100-100-100-103-103-122-123-123-124-124-124-124-124-125-125-126-129-130-136-137-137-141-164-166-166-166-166-166-167-167-181-209
4yga	H	45-52-53-54-56-84-85-87-96-97-98-100-101-113	45-52-52-52-53-54-56-84-85-85-85-87-96-96-96-96-97-97-98-98-98-98-98-100-100-100-100-100-100-100-100-100-100-100-100-100-101-113
7a29	F	35-37-45-46-47-52-56-58-61-62-95-101	35-35-37-37-45-45-46-47-47-52-52-52-56-56-56-56-58-58-58-61-62-95-101-101-101
6oyh	H	31-53-54-95-96-97-98-99-100-101	31-31-53-53-54-95-96-97-97-97-97-98-98-98-98-98-98-98-99-99-99-99-99-99-99-100-100-100-100-100-100-101
6csy	N	1-2-26-27-28-31-32-33-35-37-38-39-45-47-52-56-57-58-89-91-93-95-96-97-98-99-100-101-102-103-105	1-1-1-1-2-2-26-26-27-28-28-31-32-32-33-35-35-35-35-35-37-37-37-38-39-45-45-45-45-47-47-52-56-57-58-89-91-93-95-96-96-96-96-96-96-97-97-97-98-98-98-98-98-98-99-99-99-99-99-100-101-101-101-101-102-103-103-103-103-103-105
5hm1	A	8-9-11-13-14-15-16-17-19-32-33-34-35-37-47-48-49-50-51-52-53-58-59-60-81-82-93-95-96-100-101	8-9-11-11-11-13-14-15-15-15-15-16-16-17-17-17-19-32-33-33-34-35-37-47-47-48-49-50-50-51-52-52-52-53-53-53-58-58-59-60-81-81-82-82-82-82-93-93-95-95-95-96-96-96-100-101
6oq6	D	27-28-30-31-32-50-52-53-54-55-56-58-95-97-98-99-100	27-28-30-31-31-31-31-32-50-52-52-53-54-55-55-55-55-55-56-56-56-58-95-97-97-97-97-97-97-98-99-100-100-100-100-100-100-100-100-100-100
6gkd	Q	1-2-3-7-21-23-25-27-28-31-32-45-52-53-54-55-56-57-68-69-70-71-72-74-75-79-96-97-98-100-101-102-103	1-2-3-3-3-3-7-21-23-25-25-27-27-28-28-28-31-31-31-31-31-31-31-31-32-45-45-52-53-53-54-55-55-56-57-57-68-69-70-71-72-74-74-75-75-75-79-96-96-96-96-97-97-97-98-98-98-98-98-100-100-101-101-102-102-102-103-103-103
