pdb	chain	angle_class	fr1	cdr1	fr2	cdr2	fr3	cdr3	fr4
5ivn	A	extended	0.000	0.000	0.524	0.000	0.190	0.286	0.000
7aqz	C	kinked	0.133	0.400	0.000	0.133	0.000	0.333	0.000
7d5b	D	kinked	0.000	0.100	0.400	0.200	0.150	0.150	0.000
6z1v	B	kinked	0.000	0.167	0.167	0.167	0.083	0.417	0.000
5j1s	C	extended	0.000	0.174	0.217	0.174	0.174	0.217	0.043
7n0r	C	kinked	0.000	0.053	0.263	0.105	0.263	0.316	0.000
7aqx	C	kinked	0.143	0.429	0.000	0.071	0.000	0.357	0.000
4z9k	B	kinked	0.158	0.211	0.053	0.105	0.105	0.368	0.000
1xfp	A	kinked	0.000	0.364	0.000	0.273	0.000	0.364	0.000
7oao	F	kinked	0.000	0.250	0.050	0.200	0.250	0.250	0.000
6jb2	A	kinked	0.000	0.167	0.083	0.333	0.083	0.333	0.000
6i2g	A	extended	0.000	0.087	0.348	0.174	0.174	0.217	0.000
6xzu	A	extended	0.000	0.050	0.300	0.200	0.150	0.300	0.000
6dbg	C	extended	0.000	0.200	0.000	0.400	0.000	0.400	0.000
7a48	A	extended	0.000	0.043	0.348	0.217	0.174	0.217	0.000
7z1d	F	kinked	0.000	0.200	0.000	0.300	0.000	0.500	0.000
7oaq	A	kinked	0.000	0.091	0.000	0.364	0.091	0.455	0.000
4wem	B	kinked	0.000	0.000	0.091	0.182	0.182	0.545	0.000
4w6y	B	kinked	0.000	0.000	0.167	0.000	0.000	0.833	0.000
1kxv	D	extended	0.000	0.000	0.238	0.143	0.286	0.286	0.048
4tvs	b	kinked	0.176	0.294	0.000	0.000	0.059	0.412	0.059
1kxq	G	kinked	0.080	0.160	0.000	0.160	0.360	0.240	0.000
4i13	B	kinked	0.000	0.214	0.071	0.286	0.000	0.429	0.000
7czd	A	kinked	0.000	0.121	0.303	0.121	0.303	0.152	0.000
1mvf	A	kinked	0.000	0.100	0.100	0.400	0.100	0.300	0.000
4hem	F	kinked	0.000	0.000	0.111	0.111	0.222	0.556	0.000
4lgr	B	extended	0.000	0.062	0.312	0.250	0.125	0.250	0.000
6lr7	B	kinked	0.000	0.333	0.000	0.200	0.067	0.400	0.000
5l21	B	kinked	0.080	0.200	0.240	0.120	0.240	0.080	0.040
7nfq	D	kinked	0.000	0.000	0.250	0.000	0.375	0.375	0.000
8emy	J	extended	0.000	0.167	0.250	0.125	0.208	0.250	0.000
7mfu	B	extended	0.000	0.000	0.300	0.167	0.333	0.133	0.067
7mfu	F	extended	0.000	0.091	0.091	0.273	0.091	0.455	0.000
5j57	B	kinked	0.077	0.385	0.000	0.000	0.000	0.538	0.000
5jds	B	kinked	0.000	0.364	0.000	0.000	0.000	0.636	0.000
5n88	A	kinked	0.000	0.000	0.300	0.000	0.200	0.400	0.100
6xw5	D	kinked	0.083	0.167	0.208	0.125	0.083	0.292	0.042
6obe	B	extended	0.000	0.235	0.176	0.176	0.118	0.294	0.000
4ej1	C	kinked	0.316	0.053	0.000	0.263	0.263	0.105	0.000
7vfa	D	kinked	0.000	0.143	0.071	0.214	0.000	0.571	0.000
7f5g	D	kinked	0.000	0.167	0.167	0.167	0.250	0.208	0.042
6app	A	kinked	0.000	0.286	0.000	0.214	0.000	0.500	0.000
4nbz	B	kinked	0.000	0.000	0.273	0.273	0.182	0.273	0.000
6xzf	B	extended	0.000	0.000	0.474	0.105	0.158	0.211	0.053
5j56	B	kinked	0.000	0.154	0.000	0.308	0.000	0.538	0.000
4lhj	B	extended	0.000	0.333	0.000	0.222	0.000	0.444	0.000
6h70	C	kinked	0.176	0.235	0.000	0.176	0.000	0.412	0.000
7th2	D	kinked	0.000	0.200	0.000	0.267	0.200	0.333	0.000
6yu8	B	kinked	0.000	0.222	0.056	0.278	0.167	0.278	0.000
5ja9	A	extended	0.000	0.000	0.421	0.000	0.158	0.316	0.105
3eba	A	kinked	0.000	0.200	0.000	0.200	0.000	0.600	0.000
8en2	C	kinked	0.250	0.250	0.000	0.100	0.200	0.200	0.000
7now	A	kinked	0.286	0.000	0.000	0.095	0.381	0.238	0.000
7kn5	D	kinked	0.160	0.160	0.200	0.000	0.240	0.200	0.040
6zrv	B	kinked	0.000	0.000	0.524	0.000	0.238	0.190	0.048
4w6x	B	kinked	0.000	0.182	0.000	0.000	0.000	0.727	0.091
7zxu	H	kinked	0.019	0.113	0.151	0.075	0.057	0.132	0.208
7aqy	D	kinked	0.118	0.353	0.000	0.059	0.059	0.412	0.000
6obo	C	extended	0.000	0.154	0.231	0.154	0.231	0.231	0.000
2p4a	B	kinked	0.417	0.208	0.042	0.000	0.083	0.250	0.000
7z1c	B	kinked	0.208	0.000	0.042	0.083	0.125	0.292	0.250
4y7m	A	kinked	0.000	0.000	0.000	0.000	0.000	1.000	0.000
4qo1	A	kinked	0.000	0.167	0.167	0.167	0.000	0.500	0.000
6u55	A	extended	0.000	0.000	0.450	0.100	0.200	0.200	0.050
6qgw	B	kinked	0.000	0.000	0.100	0.400	0.400	0.100	0.000
6gjs	C	extended	0.000	0.038	0.308	0.154	0.269	0.192	0.038
4i0c	C	kinked	0.000	0.091	0.000	0.364	0.182	0.364	0.000
6xw6	D	kinked	0.000	0.000	0.182	0.182	0.091	0.545	0.000
4dka	A	kinked	0.000	0.000	0.118	0.176	0.412	0.294	0.000
7fat	B	kinked	0.000	0.000	0.000	0.000	0.000	1.000	0.000
7te8	A	extended	0.031	0.000	0.344	0.062	0.219	0.156	0.188
7a50	A	kinked	0.000	0.333	0.067	0.133	0.067	0.400	0.000
5o05	C	extended	0.000	0.125	0.125	0.250	0.188	0.312	0.000
7kjh	A	kinked	0.000	0.286	0.095	0.143	0.143	0.286	0.048
4x7c	C	extended	0.000	0.100	0.300	0.200	0.150	0.250	0.000
4orz	C	kinked	0.000	0.000	0.353	0.235	0.235	0.176	0.000
2vyr	E	extended	0.172	0.069	0.138	0.000	0.103	0.276	0.241
7zmv	F	extended	0.364	0.091	0.061	0.000	0.152	0.152	0.182
7l6v	E	extended	0.000	0.154	0.077	0.231	0.154	0.385	0.000
7l6v	B	extended	0.050	0.200	0.300	0.100	0.100	0.250	0.000
7l6v	C	extended	0.000	0.167	0.250	0.125	0.125	0.292	0.042
6gwn	C	kinked	0.000	0.000	0.389	0.167	0.278	0.167	0.000
6gwn	B	extended	0.000	0.133	0.267	0.267	0.133	0.200	0.000
5e1h	B	kinked	0.000	0.250	0.000	0.125	0.000	0.625	0.000
5vxm	B	kinked	0.000	0.000	0.000	0.444	0.111	0.444	0.000
7kbk	C	kinked	0.000	0.091	0.000	0.455	0.091	0.364	0.000
4y8d	D	kinked	0.000	0.143	0.071	0.286	0.286	0.214	0.000
6sc5	B	kinked	0.138	0.034	0.345	0.069	0.069	0.241	0.103
6x07	B	kinked	0.000	0.200	0.133	0.333	0.133	0.200	0.000
4hjj	H	kinked	0.000	0.000	0.080	0.000	0.046	0.069	0.057
6x05	K	extended	0.000	0.000	0.000	0.000	0.000	1.000	0.000
6ocd	B	kinked	0.000	0.000	0.467	0.000	0.067	0.400	0.067
7a4t	A	extended	0.000	0.136	0.318	0.182	0.136	0.227	0.000
5m2i	L	extended	0.000	0.222	0.111	0.167	0.167	0.333	0.000
7a4y	B	kinked	0.111	0.074	0.222	0.185	0.333	0.037	0.037
5f7k	C	kinked	0.000	0.150	0.450	0.150	0.100	0.150	0.000
5e5m	H	kinked	0.107	0.179	0.214	0.107	0.214	0.107	0.071
6z6v	G	kinked	0.000	0.143	0.071	0.286	0.214	0.286	0.000
6xw4	C	kinked	0.048	0.333	0.000	0.190	0.190	0.238	0.000
6f5g	B	kinked	0.000	0.222	0.000	0.333	0.222	0.222	0.000
6rvc	E	kinked	0.000	0.053	0.211	0.211	0.316	0.211	0.000
7n0i	K	kinked	0.037	0.037	0.296	0.148	0.185	0.222	0.074
5mwn	E	extended	0.000	0.056	0.278	0.278	0.111	0.278	0.000
6fyw	C	kinked	0.000	0.000	0.000	0.455	0.091	0.455	0.000
5mwn	N	extended	0.136	0.318	0.000	0.000	0.318	0.227	0.000
6waq	A	kinked	0.000	0.000	0.000	0.375	0.250	0.375	0.000
7nqa	D	extended	0.115	0.231	0.115	0.115	0.115	0.269	0.038
6oq8	D	extended	0.000	0.174	0.304	0.130	0.087	0.261	0.043
6ui1	D	kinked	0.000	0.190	0.333	0.143	0.095	0.238	0.000
6uht	D	kinked	0.185	0.185	0.222	0.037	0.185	0.185	0.000
5van	B	kinked	0.000	0.214	0.000	0.357	0.071	0.357	0.000
7e53	B	kinked	0.000	0.364	0.000	0.091	0.091	0.455	0.000
5my6	B	extended	0.000	0.091	0.364	0.136	0.136	0.227	0.045
8h3y	D	kinked	0.121	0.212	0.212	0.061	0.121	0.182	0.091
4u3x	A	kinked	0.000	0.000	0.333	0.067	0.067	0.467	0.067
7vnb	A	extended	0.000	0.048	0.238	0.143	0.238	0.286	0.048
7a0v	F	kinked	0.103	0.128	0.154	0.077	0.333	0.179	0.026
4lhq	B	kinked	0.000	0.250	0.000	0.125	0.000	0.625	0.000
6h72	D	extended	0.200	0.100	0.000	0.000	0.000	0.600	0.100
8en4	C	extended	0.000	0.250	0.062	0.062	0.312	0.312	0.000
7nkt	B	kinked	0.000	0.111	0.000	0.111	0.000	0.778	0.000
7kgj	B	extended	0.000	0.250	0.167	0.167	0.167	0.250	0.000
6i8g	B	kinked	0.071	0.357	0.000	0.214	0.000	0.357	0.000
7ldj	F	kinked	0.038	0.192	0.154	0.115	0.192	0.308	0.000
7dv4	F	extended	0.161	0.065	0.161	0.129	0.129	0.194	0.161
7tpr	H	kinked	0.087	0.043	0.261	0.087	0.174	0.304	0.043
6oq7	C	kinked	0.000	0.000	0.350	0.150	0.400	0.050	0.050
6ey0	F	kinked	0.000	0.000	0.333	0.167	0.056	0.389	0.056
6v7y	F	kinked	0.000	0.286	0.000	0.214	0.000	0.500	0.000
7s2r	B	kinked	0.000	0.167	0.167	0.167	0.000	0.500	0.000
4eig	B	extended	0.000	0.050	0.400	0.200	0.050	0.300	0.000
7nmu	C	kinked	0.125	0.250	0.000	0.125	0.000	0.500	0.000
4nc2	B	kinked	0.000	0.235	0.059	0.294	0.000	0.412	0.000
7qn5	F	kinked	0.000	0.200	0.067	0.200	0.200	0.333	0.000
7k84	B	kinked	0.000	0.091	0.000	0.364	0.091	0.455	0.000
4w6w	B	kinked	0.062	0.000	0.000	0.125	0.812	0.000	0.000
5vxk	B	kinked	0.000	0.000	0.000	0.143	0.000	0.857	0.000
5fhx	H	kinked	0.000	0.000	0.108	0.054	0.081	0.054	0.041
7kn6	C	kinked	0.091	0.000	0.273	0.045	0.182	0.364	0.045
4grw	E	kinked	0.000	0.278	0.056	0.167	0.167	0.333	0.000
5lwf	D	kinked	0.000	0.000	0.333	0.083	0.250	0.250	0.083
7uia	E	kinked	0.000	0.000	0.000	0.000	0.000	1.000	0.000
6ssi	G	kinked	0.143	0.429	0.143	0.071	0.071	0.143	0.000
6h15	D	kinked	0.083	0.000	0.167	0.125	0.167	0.292	0.167
6j7w	A	kinked	0.000	0.000	0.261	0.217	0.217	0.261	0.043
5vnw	C	kinked	0.059	0.118	0.235	0.118	0.059	0.412	0.000
6gju	C	extended	0.000	0.056	0.278	0.222	0.111	0.278	0.056
3k3q	A	kinked	0.000	0.143	0.000	0.000	0.000	0.857	0.000
2wzp	K	kinked	0.000	0.154	0.000	0.308	0.077	0.462	0.000
6cwg	D	kinked	0.000	0.364	0.000	0.091	0.000	0.545	0.000
7kgk	B	extended	0.000	0.263	0.316	0.105	0.105	0.211	0.000
4weu	E	kinked	0.000	0.000	0.071	0.357	0.286	0.286	0.000
6fyu	I	kinked	0.000	0.143	0.143	0.286	0.214	0.214	0.000
6gs4	H	kinked	0.000	0.071	0.071	0.286	0.143	0.429	0.000
6ehg	C	kinked	0.000	0.067	0.200	0.267	0.133	0.333	0.000
6zcz	H	kinked	0.000	0.000	0.176	0.059	0.078	0.137	0.235
5ovw	H	extended	0.000	0.286	0.190	0.048	0.238	0.238	0.000
7mjh	D	kinked	0.000	0.062	0.312	0.250	0.125	0.250	0.000
7x7e	E	kinked	0.314	0.171	0.029	0.114	0.143	0.114	0.114
6x04	B	extended	0.261	0.087	0.130	0.087	0.261	0.130	0.043
7wd2	C	kinked	0.000	0.000	0.000	0.000	0.000	1.000	0.000
7a4d	H	kinked	0.000	0.074	0.333	0.148	0.148	0.296	0.000
7sp8	B	kinked	0.000	0.143	0.071	0.286	0.071	0.429	0.000
4w2q	A	extended	0.111	0.278	0.056	0.000	0.111	0.278	0.167
6hhu	G	extended	0.059	0.235	0.118	0.000	0.176	0.353	0.059
4lgs	B	kinked	0.000	0.250	0.000	0.125	0.000	0.625	0.000
7ocj	H	extended	0.000	0.103	0.276	0.172	0.276	0.172	0.000
5f7l	B	kinked	0.188	0.250	0.000	0.000	0.000	0.438	0.125
6v7z	F	extended	0.040	0.120	0.400	0.080	0.160	0.200	0.000
5usf	D	kinked	0.079	0.053	0.158	0.132	0.500	0.079	0.000
7kd0	C	extended	0.000	0.000	0.222	0.167	0.333	0.278	0.000
7m1h	F	extended	0.000	0.179	0.357	0.143	0.107	0.179	0.036
5dmj	B	kinked	0.000	0.000	0.360	0.080	0.280	0.200	0.080
4kfz	D	kinked	0.000	0.050	0.300	0.200	0.100	0.250	0.100
6vbg	C	kinked	0.045	0.182	0.182	0.182	0.091	0.318	0.000
7zra	E	extended	0.067	0.033	0.300	0.133	0.267	0.200	0.000
6o3c	B	extended	0.000	0.111	0.389	0.111	0.111	0.278	0.000
5vxl	B	extended	0.000	0.231	0.000	0.385	0.231	0.154	0.000
6zg3	E	kinked	0.219	0.094	0.156	0.062	0.094	0.250	0.125
6h02	B	kinked	0.050	0.300	0.000	0.200	0.100	0.350	0.000
4fhb	D	kinked	0.000	0.000	0.000	0.556	0.000	0.444	0.000
4p2c	H	extended	0.000	0.333	0.000	0.267	0.133	0.267	0.000
4krp	D	kinked	0.000	0.023	0.070	0.116	0.140	0.140	0.279
5hvf	B	extended	0.000	0.053	0.211	0.211	0.105	0.368	0.053
7nll	C	kinked	0.235	0.000	0.294	0.000	0.235	0.059	0.176
6h16	B	extended	0.067	0.333	0.000	0.200	0.000	0.400	0.000
5mp2	C	kinked	0.000	0.000	0.111	0.222	0.333	0.333	0.000
7b27	C	extended	0.395	0.000	0.211	0.000	0.184	0.105	0.105
6f2g	B	kinked	0.000	0.100	0.250	0.100	0.250	0.300	0.000
7wpf	R	kinked	0.000	0.000	0.111	0.074	0.111	0.111	0.296
7a29	F	extended	0.000	0.000	0.417	0.167	0.250	0.167	0.000
6oyh	H	kinked	0.000	0.100	0.000	0.200	0.000	0.700	0.000
5hm1	A	extended	0.290	0.032	0.290	0.065	0.194	0.129	0.000
6oq6	D	kinked	0.000	0.294	0.059	0.294	0.059	0.294	0.000
6gkd	Q	kinked	0.212	0.121	0.030	0.152	0.273	0.182	0.030
