pdb	af_multimer_whole_rmsd	af_multimer_epitope_rmsd	af_multimer_pdb_whole_rmsd	af_multimer_pdb_epitope_rmsd
7tgfB	1.227	0.463	0.699	0.527
8emzB	1.155	1.256	0.89	0.535
8h3xA	1.448	0.611	1.448	0.611
8gz5B	0.793	0.441	1.035	0.716
8cwuB	0.813	0.791	0.877	0.855
7x2mB	1.046	1.124	1.046	1.124
7voaA	0.955	0.557	0.918	0.604
7ubxC	3.729	4.607	1.314	0.651
7th2C	0.977	0.393	0.977	0.393
8en2D	1.448	0.398	1.448	0.398
8ew6V	2.575	2.561	2.575	2.561
7yz9B	1.648	1.191	1.648	1.191
7w1sB	1.03	0.681	0.9	0.654
7zmvG	5.899	1.68	5.899	1.68
7unzA	1.512	1.036	1.547	1.406
8en3C	1.125	1.753	1.012	1.486
7tgiB	0.798	0.585	0.812	0.682
7nxxB	0.757	0.565	0.705	0.436
8dtnE	3.911	3.534	3.911	3.534
8h3yE	2.38	3.575	2.38	3.575
7q6cH	1.49	1.437	2.655	1.645
7q3qB	0.888	0.571	0.942	0.679
7tprE	26.722	2.192	0.998	1.0
7x2jB	1.108	1.223	1.687	1.811
7b5gD	1.379	0.964	1.969	1.55
7x2lB	0.869	0.779	0.983	1.442
8dtuA	5.882	5.644	2.845	3.511
8dquB	10.851	5.69	10.851	5.69
7uiaB	1.69	2.22	1.185	2.486
7t5fF	1.291	0.57	1.157	0.452
8f8xD	0.911	0.333	0.73	0.32
7wkiB	2.2	3.716	1.865	2.199
7x7eA	1.092	0.875	1.043	0.78
7qbgE	4.316	2.52	4.316	2.52
7wd2D	0.789	0.579	0.789	0.579
7qneG	16.503	13.376	16.503	13.376
7r24E	13.975	1.589	13.975	1.589
7r24C	11.021	1.375	11.021	1.375
7xqvB	0.702	0.632	0.702	0.632
7wpfU	20.468	1.692	1.764	1.386
7whiG	26.377	1.639	1.479	1.091
8bb7D	2.068	1.206	2.068	1.206
8en0D	1.212	2.169	0.923	0.97
