	7tgf	8emz	8h3x	8gz5	8cwu	7x2m	7voa	7ubx	7th2	8en2	8ew6	7yz9	7w1s	7zmv	7unz	8en3	7tgi	7nxx	8dtn	8h3y	7q3q	7tpr	7x2j	7b5g	7x2l	8dtu	8dqu	7uia	7t5f	7wki	7x7e	7qbg	7wd2	7qne	7r24	7xqv	7whi	8bb7	8en0
7tgf	0.0	2.395313713880884	0.6096983279393118	0.2328329632891271	0.18229921243423616	3.097419624536004	2.3618693133148305	3.5927869635423813	0.43151321760851125	0.321415287652726	0.7127363681578451	0.48435721160638234	1.7054831199214897	0.3966803749009335	2.516361983091735	2.9081940033832723	0.6703159058931232	0.5536788798589286	2.772315688296384	1.7254251619797867	0.18803016373407622	2.731602248072779	2.435575084357424	2.8307599928358727	0.9220380818690384	0.40754308126461164	0.10373387317463933	3.449003122994624	3.244130589553775	3.061013349168744	1.9128909936082474	2.270183640044318	2.372983020648882	3.2731720046497492	3.1875878642775035	2.1267734474922744	1.7355456513271128	3.1346660342353188	0.21841077489196284
8emz	2.395313713880884	0.0	0.5605014689778417	0.5143802145898242	1.6277433441400273	1.0824230349167223	2.2007692149240623	2.62100041582515	2.4176516681114326	0.4505038497132029	2.895690687744163	1.0741238202743626	0.2680236073446095	0.4950490983749558	1.8392860024164437	1.262971537323245	2.7335730522003203	0.7296419323039537	0.39244070866441083	0.6875191552665001	3.3836378264196516	1.430242829860149	3.092749485060411	1.7843586813228383	3.458183971426094	0.4622142490201431	3.582140876441622	1.6040910978247471	0.23410968735437385	1.970023180134778	2.147442363826573	0.43800399431550685	1.5015110568125627	2.043218311836432	2.708507716791511	0.008352715106892923	0.3408817747340325	3.7837327231089737	0.8971829186167608
8h3x	0.6096983279393118	0.5605014689778417	0.0	0.47167681997844385	0.11387808696497029	1.5449120342252152	2.4985882375143937	2.7137385621160868	0.7704794359208555	1.8123286640995981	3.445212557104096	2.4973395770288036	0.29946434753456225	2.5998713382068606	2.5985022317582094	2.211063745554411	0.49070430655038677	0.9255923491961344	1.2594983937058613	1.9065619494720214	2.574987650710685	2.707353340684612	0.05622545762697401	2.2898938372017117	0.5823049656305203	0.45025714140526524	2.8849513988377153	2.226542315859599	0.7418758025546501	0.03966833471693893	1.2310848850361191	2.086657078673594	2.6465236303525743	1.9812350571983437	1.5688805713634353	2.549651928917353	0.8887654441337195	2.7619946709547194	2.3653624543429332
8gz5	0.2328329632891271	0.5143802145898242	0.47167681997844385	0.0	0.3396310754296567	0.20411056633645894	2.0312978372112758	3.023067632833513	0.7067550676616252	0.11767689285147007	0.6258983714576811	0.08684825219528676	0.7155488140148286	0.18191959529264756	2.407778117057575	2.04799839567171	0.11633849386037737	0.5076288032304783	1.1197213564784492	2.959068640163096	0.7994154005667753	2.156498256816861	0.3830141483501264	0.5300703854852201	1.3930342991092148	0.5300584845280077	0.3132470877852528	2.0616540385810618	1.2832996787222433	0.3845227434810301	0.6753353492057226	1.3635217238018418	0.3681657508744407	0.5502231415293625	1.244671083584587	1.6870725990369067	3.1104135086330142	2.3572084387595384	0.18382685498110843
8cwu	0.18229921243423616	1.6277433441400273	0.11387808696497029	0.3396310754296567	0.0	1.4079550339522229	1.2395771828715054	3.6798040475493874	2.142218650177082	3.1087925003450647	2.46977965611636	1.199178358356002	0.16891581589684165	2.5656321294010342	2.173681216962524	3.3147933451202434	0.2835186383246125	1.7570198241930102	1.0694628857864115	0.4889060024502389	0.3517184990371815	0.18658928808103406	0.8783951303097429	0.5886620055407754	2.523305947597286	0.5549379507053359	3.1050347434065504	1.9174425078560702	1.9540014301442068	3.4909174923840243	0.23841733403542384	1.8621507762919707	0.6409760571504918	3.336517611557331	1.5983608892374142	0.5230090420688249	0.633402749048842	0.31133411749286755	1.8513991214624597
7x2m	3.097419624536004	1.0824230349167223	1.5449120342252152	0.20411056633645894	1.4079550339522229	0.0	0.26433121631901974	2.2105240342321006	2.635091849836864	2.5666757380900136	0.1705206449077134	0.5909488934199297	0.39177117586443494	2.8058433398201137	2.2742584034650997	2.5996318802460956	1.8010028036123105	2.832493755939133	0.5692221432104924	0.16153618717695853	0.23083541942291674	2.782692166111677	0.35306750137492593	2.4554479786149157	2.644259216027425	0.8411831319082195	1.7943370456090213	1.924423685661891	1.418502980321304	2.406411311763969	3.9511352394535666	1.7649369110724267	0.8464043908219403	2.797870026107922	0.7924322351134442	2.192045299601038	0.13071174322966214	2.37651857695693	1.3779071091602269
7voa	2.3618693133148305	2.2007692149240623	2.4985882375143937	2.0312978372112758	1.2395771828715054	0.26433121631901974	0.0	1.4968246069550504	2.4518464619559266	0.14130303659651	2.891594157829331	2.146978080169603	2.191329546915631	1.4817283370580723	0.3860642840507544	0.519760525679116	2.1411849080671956	1.6691008355616	2.917565262630113	1.6337633109951766	0.7618154918508917	1.4899436053202546	2.6466477333101035	0.31952671181774644	1.373951647813051	0.9948383405728566	2.5161486751241164	0.5909722394045337	2.621759643461781	1.4160510447964891	1.435619930170809	2.7474844748027873	1.4213100194906083	0.055522517761591346	1.0402551870292163	0.14504162822028663	3.0820354566098405	0.1261376759678546	2.4959980696494775
7ubx	3.5927869635423813	2.62100041582515	2.7137385621160868	3.023067632833513	3.6798040475493874	2.2105240342321006	1.4968246069550504	0.0	3.1127767680149128	1.5698386308347714	2.1838391767279104	0.2644888914643145	1.0663612301781389	3.444040529737533	3.05468292529713	3.763993102119395	3.093784701456001	2.428073217803698	0.8165028795968975	1.6107894931995668	0.8587702451257293	3.5760820622720497	2.185863924871088	3.5422532451362496	1.4497568476150466	0.9785273786504005	0.8281378533016462	1.535416387127489	2.988209800140155	3.2352509624448302	1.5906083607981776	3.3749734693308953	2.5436195773614556	3.5701186907631275	0.49001074004911754	0.7547865412810024	3.187385394337231	3.6018228159967802	0.6096771790818206
7th2	0.43151321760851125	2.4176516681114326	0.7704794359208555	0.7067550676616252	2.142218650177082	2.635091849836864	2.4518464619559266	3.1127767680149128	0.0	1.4150747991709878	0.791585857568758	2.8044040630615177	2.828602384710944	2.217334358165423	2.2936868087540945	0.5725939313085492	1.6098433773179954	2.434417758106151	0.10240050213458682	2.564131798255925	1.8595239999913158	3.662641829744425	2.968511830890738	3.8967068126987003	1.9852749926469022	3.7060036703845123	3.0487319568414173	1.4597453339059168	2.7062949862938837	2.1239675191008125	1.5804414214305909	2.56178238659351	3.293998226446763	2.697216732204158	1.4874773592757662	4.154738896746763	1.4345398080173846	3.2136142516645623	2.9699555032644143
8en2	0.321415287652726	0.4505038497132029	1.8123286640995981	0.11767689285147007	3.1087925003450647	2.5666757380900136	0.14130303659651	1.5698386308347714	1.4150747991709878	0.0	2.47469452596258	2.1183024390578367	1.3729583183826786	2.3439196106925073	1.9618667039527449	1.5950546802276098	1.1732114007002166	0.6643752191245687	3.0613885305926467	2.1760714005436768	0.8207387660301831	0.9330467119562568	0.3232548910715254	0.2218038614108279	1.953840015256361	0.3489377205464992	1.6391840097565553	1.2796327182072051	1.59282234062256	2.8116136438625485	1.4395058188950827	3.1298612249944644	2.479119443958876	0.9262819684259711	1.8260062051499584	2.0802517024840865	1.7891827782452243	2.407732206532831	0.790459513351909
8ew6	0.7127363681578451	2.895690687744163	3.445212557104096	0.6258983714576811	2.46977965611636	0.1705206449077134	2.891594157829331	2.1838391767279104	0.791585857568758	2.47469452596258	0.0	0.09110336980819156	2.830153291258042	2.0389409147907656	3.1008397698461834	2.2521116893342352	1.3016296340221996	0.08219049760941904	2.4239542280978275	1.4593436365875887	2.551661374887953	2.979570482618646	1.681494565221687	2.414087318839974	2.064994297629723	2.1388811638718512	2.1456831312459044	0.5341424826584208	1.4417017451318996	0.9555165995645457	0.9057738074388699	0.08376417317640192	2.5100033999179416	0.4967070551468471	3.324409842652527	0.6228079110157949	0.28939278252813655	1.6470820598281357	2.6159723732481464
7yz9	0.48435721160638234	1.0741238202743626	2.4973395770288036	0.08684825219528676	1.199178358356002	0.5909488934199297	2.146978080169603	0.2644888914643145	2.8044040630615177	2.1183024390578367	0.09110336980819156	0.0	0.2912692657849909	1.5864732775025507	1.7212159890715715	3.3199547331363695	1.1055626471356745	1.8070548221838496	1.7827592629054363	2.772516503265827	1.6232155880635022	2.208856482049661	0.25761500089775136	2.6869603878646915	1.2629557575745778	0.6326037757438394	1.8599135652956782	0.04794395513426975	1.2887541478193902	3.6453191456727057	2.0850599496461575	2.710225559378267	3.315648259345913	3.6372424995767907	2.082180273356746	3.1273547924210083	3.8177909433711776	2.808210425241473	0.35924952921379566
7w1s	1.7054831199214897	0.2680236073446095	0.29946434753456225	0.7155488140148286	0.16891581589684165	0.39177117586443494	2.191329546915631	1.0663612301781389	2.828602384710944	1.3729583183826786	2.830153291258042	0.2912692657849909	0.0	1.7043831282752033	1.4749494380901014	2.7173828609357424	0.6057153517475208	1.386808706366033	1.7454189131306415	1.8892353344601482	0.42762306938877614	0.9396037752285841	1.0399531042935355	1.2950554442880748	0.5344191008506679	0.9135964486892901	0.7339158125931051	2.874181453823841	2.277538163581926	0.7890817934286736	0.6708156010343583	1.0436891873385261	0.2761365742873894	0.9002099699626638	0.8959691874028142	1.2681275615977325	2.0845939099198794	2.6283627995318195	0.172174034612105
7zmv	0.3966803749009335	0.4950490983749558	2.5998713382068606	0.18191959529264756	2.5656321294010342	2.8058433398201137	1.4817283370580723	3.444040529737533	2.217334358165423	2.3439196106925073	2.0389409147907656	1.5864732775025507	1.7043831282752033	0.0	0.8409674214169128	2.221500538464135	2.9722990623547676	1.013823649353487	3.5102295601039564	2.7847936619870355	1.725960360288837	0.4970098449202358	3.062696335242563	0.23356572799389255	0.3492295773122644	2.8193639325052446	1.6168446770923226	2.4149908961336055	2.1226100409238153	1.4551332431328852	0.505650046219141	3.1891178713698674	1.7991331216087427	1.0308065690634474	3.073134556386448	1.819936719028107	1.248620567914006	1.782629756737502	0.657944068066592
7unz	2.516361983091735	1.8392860024164437	2.5985022317582094	2.407778117057575	2.173681216962524	2.2742584034650997	0.3860642840507544	3.05468292529713	2.2936868087540945	1.9618667039527449	3.1008397698461834	1.7212159890715715	1.4749494380901014	0.8409674214169128	0.0	0.7507091409561056	1.6160995904658222	1.0057702698585447	1.9551479018508238	0.22104481367607096	0.44506419907312106	2.3951225296706373	3.3455645585591642	0.7909177159499284	1.733571506337001	1.540517845064522	2.68822126956587	2.8119043655007534	2.1619289773345836	2.2898270727003145	3.0051925225250717	2.406301670250953	1.0912128830421841	0.6054476146688117	2.2778799780096635	2.2627543733827142	0.6031308504551415	2.8416360734296733	0.6016069700445762
8en3	2.9081940033832723	1.262971537323245	2.211063745554411	2.04799839567171	3.3147933451202434	2.5996318802460956	0.519760525679116	3.763993102119395	0.5725939313085492	1.5950546802276098	2.2521116893342352	3.3199547331363695	2.7173828609357424	2.221500538464135	0.7507091409561056	0.0	0.4191735122875704	2.8249447864708914	2.701919700961491	0.32829669099817377	2.4680558473655414	0.11066376652328679	2.5830612220536207	2.417043411390341	2.9392670296766097	3.180059952190331	1.45724301923877	1.7839286100450171	2.123446011816334	2.05187364161008	0.09703714947213288	0.10213787957804732	3.4121246896843926	3.0788404244394516	1.193243062344642	2.518363284549787	0.8962256996374977	4.12006825722009	1.204946551761428
7tgi	0.6703159058931232	2.7335730522003203	0.49070430655038677	0.11633849386037737	0.2835186383246125	1.8010028036123105	2.1411849080671956	3.093784701456001	1.6098433773179954	1.1732114007002166	1.3016296340221996	1.1055626471356745	0.6057153517475208	2.9722990623547676	1.6160995904658222	0.4191735122875704	0.0	2.727808832878653	3.294619106359149	0.4665885991847683	0.9016562680615151	3.0935766831600087	1.7458166325416717	1.3208098257939982	0.5213385457558647	2.6830054921086552	1.1245410168850725	1.8364889432306197	1.3317478992571088	0.948860743753098	1.2953389405793372	2.0407692760587883	2.2233488913700197	1.6231646624474168	0.4587858903953751	2.815876036088782	1.4494403797038948	2.5884615350310654	0.9069590345320203
7nxx	0.5536788798589286	0.7296419323039537	0.9255923491961344	0.5076288032304783	1.7570198241930102	2.832493755939133	1.6691008355616	2.428073217803698	2.434417758106151	0.6643752191245687	0.08219049760941904	1.8070548221838496	1.386808706366033	1.013823649353487	1.0057702698585447	2.8249447864708914	2.727808832878653	0.0	2.9999918723153716	0.3288487543923401	3.2004291721130143	1.1869716397273509	1.5961549942913942	0.1533130926448938	2.433169506254847	1.363803931555228	0.07452274041649196	2.8469905062496155	2.1200037282720268	2.3541159795673336	1.7316598915216093	0.11028803135130334	3.36698321319262	1.8956788037901775	2.397885372496471	0.9730174472106091	2.8894241601191517	4.38031290103436	0.013626422138156454
8dtn	2.772315688296384	0.39244070866441083	1.2594983937058613	1.1197213564784492	1.0694628857864115	0.5692221432104924	2.917565262630113	0.8165028795968975	0.10240050213458682	3.0613885305926467	2.4239542280978275	1.7827592629054363	1.7454189131306415	3.5102295601039564	1.9551479018508238	2.701919700961491	3.294619106359149	2.9999918723153716	0.0	1.6955163014821897	0.6910594561134076	3.119012938649547	1.3161773255232239	1.5270644693078714	3.0883006182328785	0.37194228438982807	2.6787019111185795	1.4081192839155183	0.5041028493278668	2.4304443233383246	1.878169221063164	0.4461258197859807	1.3488451198830465	0.08925098995243548	0.9313922453083475	2.7958715712158653	3.5424424823672425	1.71970774652319	1.293333311111758
8h3y	1.7254251619797867	0.6875191552665001	1.9065619494720214	2.959068640163096	0.4889060024502389	0.16153618717695853	1.6337633109951766	1.6107894931995668	2.564131798255925	2.1760714005436768	1.4593436365875887	2.772516503265827	1.8892353344601482	2.7847936619870355	0.22104481367607096	0.32829669099817377	0.4665885991847683	0.3288487543923401	1.6955163014821897	0.0	0.014218838784094008	0.48607970612833873	0.21336704237683998	0.3919848711736422	1.551410210231685	2.2788223768959632	0.5983994431908755	0.12241172618468452	2.1020224435720003	2.0274534827224686	0.30777130528572816	0.5873867371701921	0.3527668156583457	2.119573231592238	2.4750482978113166	1.8445198631673971	3.2542670235460323	2.287348835673678	1.0053536222467208
7q3q	0.18803016373407622	3.3836378264196516	2.574987650710685	0.7994154005667753	0.3517184990371815	0.23083541942291674	0.7618154918508917	0.8587702451257293	1.8595239999913158	0.8207387660301831	2.551661374887953	1.6232155880635022	0.42762306938877614	1.725960360288837	0.44506419907312106	2.4680558473655414	0.9016562680615151	3.2004291721130143	0.6910594561134076	0.014218838784094008	0.0	1.7117745437776715	2.433288398986686	1.4696708898471538	2.489140938738403	0.446503074263246	0.9439152162890821	2.6946675860671974	3.406746565559388	0.7504622335860782	0.35824026600871745	0.2381483151509167	0.46793518139984125	0.39210219025922993	3.0309741154758236	0.6896437848044865	0.5750720882263616	3.0066277607421923	1.7542967564879903
7tpr	2.731602248072779	1.430242829860149	2.707353340684612	2.156498256816861	0.18658928808103406	2.782692166111677	1.4899436053202546	3.5760820622720497	3.662641829744425	0.9330467119562568	2.979570482618646	2.208856482049661	0.9396037752285841	0.4970098449202358	2.3951225296706373	0.11066376652328679	3.0935766831600087	1.1869716397273509	3.119012938649547	0.48607970612833873	1.7117745437776715	0.0	1.7227430730032505	2.337345341011956	0.44232606655199114	2.2390359986213966	1.3229743312199314	0.7836595284880851	1.9849891507055744	0.5609252267286767	0.735010973388962	1.6728211256119008	2.33499576067661	2.7739181936731945	1.5217189305740673	3.011697083981164	2.410534836214924	3.988436079140345	0.19136856137003952
7x2j	2.435575084357424	3.092749485060411	0.05622545762697401	0.3830141483501264	0.8783951303097429	0.35306750137492593	2.6466477333101035	2.185863924871088	2.968511830890738	0.3232548910715254	1.681494565221687	0.25761500089775136	1.0399531042935355	3.062696335242563	3.3455645585591642	2.5830612220536207	1.7458166325416717	1.5961549942913942	1.3161773255232239	0.21336704237683998	2.433288398986686	1.7227430730032505	0.0	3.3835295258188918	2.097574240986471	1.751255927215121	0.6938077776281655	1.9561428573271276	0.7416177864009779	0.45448308620697797	1.5323276943814177	0.20402134241855852	0.48367707334116633	2.36174346642285	0.6902372130901792	0.5445821830910054	2.502683348361185	0.8498272008811447	2.247336671147739
7b5g	2.8307599928358727	1.7843586813228383	2.2898938372017117	0.5300703854852201	0.5886620055407754	2.4554479786149157	0.31952671181774644	3.5422532451362496	3.8967068126987003	0.2218038614108279	2.414087318839974	2.6869603878646915	1.2950554442880748	0.23356572799389255	0.7909177159499284	2.417043411390341	1.3208098257939982	0.1533130926448938	1.5270644693078714	0.3919848711736422	1.4696708898471538	2.337345341011956	3.3835295258188918	0.0	0.3355700840711558	0.331263762395334	2.8219219667274618	1.0586117943977575	1.1603681596573499	0.3593516921720599	1.9157737900399023	3.3065787941978098	3.335050475088152	3.561256389743117	0.19821331057449776	3.1139853655270002	2.1197253563673075	2.1015261960655875	0.9508739974950957
7x2l	0.9220380818690384	3.458183971426094	0.5823049656305203	1.3930342991092148	2.523305947597286	2.644259216027425	1.373951647813051	1.4497568476150466	1.9852749926469022	1.953840015256361	2.064994297629723	1.2629557575745778	0.5344191008506679	0.3492295773122644	1.733571506337001	2.9392670296766097	0.5213385457558647	2.433169506254847	3.0883006182328785	1.551410210231685	2.489140938738403	0.44232606655199114	2.097574240986471	0.3355700840711558	0.0	3.3788390300273843	1.6143436476172481	3.0695488906913964	2.8478855902568383	1.613508568113064	2.205917582774233	3.5879305591254647	2.518754769686622	1.9473969168990772	2.5647037665011765	1.838958751616389	1.8304801675894284	3.5683100546063145	0.5574443566910211
8dtu	0.40754308126461164	0.4622142490201431	0.45025714140526524	0.5300584845280077	0.5549379507053359	0.8411831319082195	0.9948383405728566	0.9785273786504005	3.7060036703845123	0.3489377205464992	2.1388811638718512	0.6326037757438394	0.9135964486892901	2.8193639325052446	1.540517845064522	3.180059952190331	2.6830054921086552	1.363803931555228	0.37194228438982807	2.2788223768959632	0.446503074263246	2.2390359986213966	1.751255927215121	0.331263762395334	3.3788390300273843	0.0	0.8288224592282285	0.5941276088385788	0.7569258651029406	1.4847204920401842	0.7647244521584148	1.881966759464546	1.214413121155193	1.2637325939585673	0.013784631814067414	1.411134816452088	3.2560956491355957	3.1317963144763867	1.283352188840419
8dqu	0.10373387317463933	3.582140876441622	2.8849513988377153	0.3132470877852528	3.1050347434065504	1.7943370456090213	2.5161486751241164	0.8281378533016462	3.0487319568414173	1.6391840097565553	2.1456831312459044	1.8599135652956782	0.7339158125931051	1.6168446770923226	2.68822126956587	1.45724301923877	1.1245410168850725	0.07452274041649196	2.6787019111185795	0.5983994431908755	0.9439152162890821	1.3229743312199314	0.6938077776281655	2.8219219667274618	1.6143436476172481	0.8288224592282285	0.0	3.0512972572539496	1.5479517870693753	2.0004475146663774	1.0992496468090533	1.581368724293916	1.1494753724116713	1.8101312987975462	2.3743063346295004	2.1366246214073743	0.7665387615678521	3.1934247897281547	0.5211646985413143
7uia	3.449003122994624	1.6040910978247471	2.226542315859599	2.0616540385810618	1.9174425078560702	1.924423685661891	0.5909722394045337	1.535416387127489	1.4597453339059168	1.2796327182072051	0.5341424826584208	0.04794395513426975	2.874181453823841	2.4149908961336055	2.8119043655007534	1.7839286100450171	1.8364889432306197	2.8469905062496155	1.4081192839155183	0.12241172618468452	2.6946675860671974	0.7836595284880851	1.9561428573271276	1.0586117943977575	3.0695488906913964	0.5941276088385788	3.0512972572539496	0.0	2.421170641166526	3.8946761610472262	0.06601988076865824	0.2998292246066036	2.398352281338056	1.431463782214748	3.13236128405528	2.4939590331448276	2.8709456579922774	1.1421055944485454	2.2289467080565926
7t5f	3.244130589553775	0.23410968735437385	0.7418758025546501	1.2832996787222433	1.9540014301442068	1.418502980321304	2.621759643461781	2.988209800140155	2.7062949862938837	1.59282234062256	1.4417017451318996	1.2887541478193902	2.277538163581926	2.1226100409238153	2.1619289773345836	2.123446011816334	1.3317478992571088	2.1200037282720268	0.5041028493278668	2.1020224435720003	3.406746565559388	1.9849891507055744	0.7416177864009779	1.1603681596573499	2.8478855902568383	0.7569258651029406	1.5479517870693753	2.421170641166526	0.0	1.6771171425784153	0.38290869257164145	0.2958664524246032	1.6528005745193701	0.14913127771137477	0.7713502011532414	2.6350882697306672	1.0705940165919028	0.02499728724530629	1.7904854525349527
7wki	3.061013349168744	1.970023180134778	0.03966833471693893	0.3845227434810301	3.4909174923840243	2.406411311763969	1.4160510447964891	3.2352509624448302	2.1239675191008125	2.8116136438625485	0.9555165995645457	3.6453191456727057	0.7890817934286736	1.4551332431328852	2.2898270727003145	2.05187364161008	0.948860743753098	2.3541159795673336	2.4304443233383246	2.0274534827224686	0.7504622335860782	0.5609252267286767	0.45448308620697797	0.3593516921720599	1.613508568113064	1.4847204920401842	2.0004475146663774	3.8946761610472262	1.6771171425784153	0.0	0.7527427030129868	1.3375902701940856	2.0095057995480046	1.775721301177272	2.7381807234985014	1.3456561193682686	1.1297932929828087	0.8304610285681705	0.5756187046110249
7x7e	1.9128909936082474	2.147442363826573	1.2310848850361191	0.6753353492057226	0.23841733403542384	3.9511352394535666	1.435619930170809	1.5906083607981776	1.5804414214305909	1.4395058188950827	0.9057738074388699	2.0850599496461575	0.6708156010343583	0.505650046219141	3.0051925225250717	0.09703714947213288	1.2953389405793372	1.7316598915216093	1.878169221063164	0.30777130528572816	0.35824026600871745	0.735010973388962	1.5323276943814177	1.9157737900399023	2.205917582774233	0.7647244521584148	1.0992496468090533	0.06601988076865824	0.38290869257164145	0.7527427030129868	0.0	2.3466417094825847	0.14346358127751904	0.3114871750165799	0.29158743211869054	2.236862145635245	1.9770084408786666	1.3783580178281734	3.0874451637359894
7qbg	2.270183640044318	0.43800399431550685	2.086657078673594	1.3635217238018418	1.8621507762919707	1.7649369110724267	2.7474844748027873	3.3749734693308953	2.56178238659351	3.1298612249944644	0.08376417317640192	2.710225559378267	1.0436891873385261	3.1891178713698674	2.406301670250953	0.10213787957804732	2.0407692760587883	0.11028803135130334	0.4461258197859807	0.5873867371701921	0.2381483151509167	1.6728211256119008	0.20402134241855852	3.3065787941978098	3.5879305591254647	1.881966759464546	1.581368724293916	0.2998292246066036	0.2958664524246032	1.3375902701940856	2.3466417094825847	0.0	3.803406663994116	3.37702442406464	0.20472955816848737	2.1625801038655306	2.7748421437784483	2.320478397933914	2.984978517002467
7wd2	2.372983020648882	1.5015110568125627	2.6465236303525743	0.3681657508744407	0.6409760571504918	0.8464043908219403	1.4213100194906083	2.5436195773614556	3.293998226446763	2.479119443958876	2.5100033999179416	3.315648259345913	0.2761365742873894	1.7991331216087427	1.0912128830421841	3.4121246896843926	2.2233488913700197	3.36698321319262	1.3488451198830465	0.3527668156583457	0.46793518139984125	2.33499576067661	0.48367707334116633	3.335050475088152	2.518754769686622	1.214413121155193	1.1494753724116713	2.398352281338056	1.6528005745193701	2.0095057995480046	0.14346358127751904	3.803406663994116	0.0	1.8453897417202814	1.989500175681165	2.383297667099278	1.2745885370300154	3.2128619962145564	1.9079301042210874
7qne	3.2731720046497492	2.043218311836432	1.9812350571983437	0.5502231415293625	3.336517611557331	2.797870026107922	0.055522517761591346	3.5701186907631275	2.697216732204158	0.9262819684259711	0.4967070551468471	3.6372424995767907	0.9002099699626638	1.0308065690634474	0.6054476146688117	3.0788404244394516	1.6231646624474168	1.8956788037901775	0.08925098995243548	2.119573231592238	0.39210219025922993	2.7739181936731945	2.36174346642285	3.561256389743117	1.9473969168990772	1.2637325939585673	1.8101312987975462	1.431463782214748	0.14913127771137477	1.775721301177272	0.3114871750165799	3.37702442406464	1.8453897417202814	0.0	1.4993498908966636	0.36841369921664263	1.1221753645243524	2.119689896910855	3.031192721314419
7r24	3.1875878642775035	2.708507716791511	1.5688805713634353	1.244671083584587	1.5983608892374142	0.7924322351134442	1.0402551870292163	0.49001074004911754	1.4874773592757662	1.8260062051499584	3.324409842652527	2.082180273356746	0.8959691874028142	3.073134556386448	2.2778799780096635	1.193243062344642	0.4587858903953751	2.397885372496471	0.9313922453083475	2.4750482978113166	3.0309741154758236	1.5217189305740673	0.6902372130901792	0.19821331057449776	2.5647037665011765	0.013784631814067414	2.3743063346295004	3.13236128405528	0.7713502011532414	2.7381807234985014	0.29158743211869054	0.20472955816848737	1.989500175681165	1.4993498908966636	0.0	1.1305517272859689	0.7661113163655969	1.3088734547364387	2.318528220517895
7xqv	2.1267734474922744	0.008352715106892923	2.549651928917353	1.6870725990369067	0.5230090420688249	2.192045299601038	0.14504162822028663	0.7547865412810024	4.154738896746763	2.0802517024840865	0.6228079110157949	3.1273547924210083	1.2681275615977325	1.819936719028107	2.2627543733827142	2.518363284549787	2.815876036088782	0.9730174472106091	2.7958715712158653	1.8445198631673971	0.6896437848044865	3.011697083981164	0.5445821830910054	3.1139853655270002	1.838958751616389	1.411134816452088	2.1366246214073743	2.4939590331448276	2.6350882697306672	1.3456561193682686	2.236862145635245	2.1625801038655306	2.383297667099278	0.36841369921664263	1.1305517272859689	0.0	0.7018050490220915	1.9893156477855258	0.4607650125063939
7whi	1.7355456513271128	0.3408817747340325	0.8887654441337195	3.1104135086330142	0.633402749048842	0.13071174322966214	3.0820354566098405	3.187385394337231	1.4345398080173846	1.7891827782452243	0.28939278252813655	3.8177909433711776	2.0845939099198794	1.248620567914006	0.6031308504551415	0.8962256996374977	1.4494403797038948	2.8894241601191517	3.5424424823672425	3.2542670235460323	0.5750720882263616	2.410534836214924	2.502683348361185	2.1197253563673075	1.8304801675894284	3.2560956491355957	0.7665387615678521	2.8709456579922774	1.0705940165919028	1.1297932929828087	1.9770084408786666	2.7748421437784483	1.2745885370300154	1.1221753645243524	0.7661113163655969	0.7018050490220915	0.0	2.6808839914661644	0.9157566735119689
8bb7	3.1346660342353188	3.7837327231089737	2.7619946709547194	2.3572084387595384	0.31133411749286755	2.37651857695693	0.1261376759678546	3.6018228159967802	3.2136142516645623	2.407732206532831	1.6470820598281357	2.808210425241473	2.6283627995318195	1.782629756737502	2.8416360734296733	4.12006825722009	2.5884615350310654	4.38031290103436	1.71970774652319	2.287348835673678	3.0066277607421923	3.988436079140345	0.8498272008811447	2.1015261960655875	3.5683100546063145	3.1317963144763867	3.1934247897281547	1.1421055944485454	0.02499728724530629	0.8304610285681705	1.3783580178281734	2.320478397933914	3.2128619962145564	2.119689896910855	1.3088734547364387	1.9893156477855258	2.6808839914661644	0.0	2.722331175954201
8en0	0.21841077489196284	0.8971829186167608	2.3653624543429332	0.18382685498110843	1.8513991214624597	1.3779071091602269	2.4959980696494775	0.6096771790818206	2.9699555032644143	0.790459513351909	2.6159723732481464	0.35924952921379566	0.172174034612105	0.657944068066592	0.6016069700445762	1.204946551761428	0.9069590345320203	0.013626422138156454	1.293333311111758	1.0053536222467208	1.7542967564879903	0.19136856137003952	2.247336671147739	0.9508739974950957	0.5574443566910211	1.283352188840419	0.5211646985413143	2.2289467080565926	1.7904854525349527	0.5756187046110249	3.0874451637359894	2.984978517002467	1.9079301042210874	3.031192721314419	2.318528220517895	0.4607650125063939	0.9157566735119689	2.722331175954201	0.0
