	7tgfB	8emzB	8h3xA	8gz5B	8cwuB	7x2mB	7voaA	7ubxC	7th2C	8en2D	8ew6V	7yz9B	7w1sB	7zmvG	7unzA	8en3C	7tgiB	7nxxB	8dtnE	8h3yE	7q3qB	7tprE	7x2jB	7b5gD	7x2lB	8dtuA	8dquB	7uiaB	7t5fF	7wkiB	7x7eA	7qbgE	7wd2D	7qneG	7r24E	7r24C	7xqvB	7whiG	8bb7D	8en0D
7tgfB	1.0	0.12215614953769938	0.11058414487449428	0.1832804835093766	0.1672005968515605	0.07466676015088751	0.1232284125271434	0.16472366639872532	0.7166137405255568	0.15385261969301367	0.09370094381724356	0.20083391691478236	0.19789757718292347	0.12816074468366423	0.1385286615003556	0.10508478719612031	0.5699650061376599	0.11657318634706772	0.12928889242621777	0.22779057534090674	0.17743553556852332	0.14791262364877672	0.12788752971508086	0.1597705995615288	0.1519526786771957	0.13015946214324084	0.19602414667230939	0.12282891923840611	0.16533248228910566	0.1600475796807031	0.17450183585478402	0.14632986284938168	0.11107306661333868	0.1162741856002276	0.23077734804624098	0.08190273129842916	0.15258164933962437	0.14515217142952924	0.11275080145325947	0.18611735354527406
8emzB	0.12215614953769938	1.0	0.14776792011355822	0.1187797668831906	0.10527231656278319	0.21110286778342607	0.10645744595152498	0.056535774269617735	0.06042532872391238	0.13463133528206375	0.09910521115532525	0.1091251070521792	0.18818546803685776	0.11497298638363121	0.15240576496689737	0.4761693697785987	0.12375548616261946	0.1716145256236924	0.1713819590806449	0.21703472178495764	0.16344812461120445	0.12290330288485757	0.1166310683813636	0.13118723282072586	0.1373525141769503	0.12695057984789687	0.06887428530049661	0.061514946444801	0.15280393696915945	0.14159966297174414	0.11707870114697676	0.12760286310982993	0.11461033904845042	0.10407854526810001	0.17542867650817484	0.06416483869111732	0.16713602338160868	0.14078789385263135	0.07092171722791955	0.359252568571537
8h3xA	0.11058414487449428	0.14776792011355822	1.0	0.14945376526867343	0.17012882614607	0.22988073406585857	0.0929118936770578	0.11379694164367113	0.14528236336427514	0.1616166142748281	0.0373123315240657	0.06381766329735954	0.20092322147868139	0.0895608597037624	0.14857542725057538	0.16198370680516458	0.14110977064263563	0.14211618222608707	0.16457468048868568	0.26340600651386353	0.13622376957256177	0.08301012564555642	0.272548585595302	0.110007618324848	0.11643740213040453	0.13538456629302667	0.13998761388411227	0.1653885301072577	0.21614674360487082	0.19874926095760104	0.11717259319160389	0.18436298469394743	0.05428539540025061	0.07243625722460234	0.12720913137031287	0.2546117457531691	0.07566524122542016	0.06605971127463628	0.13268353685848516	0.09005189460970238
8gz5B	0.1832804835093766	0.1187797668831906	0.14945376526867343	1.0	0.16701198184476612	0.1663790325446659	0.42157611574708964	0.11200933465112531	0.13057077205358375	0.23783581462295178	0.10399836642713126	0.1779741826771205	0.4291276063109548	0.20609625928387848	0.08984303111115935	0.16038322484140877	0.2081825864034993	0.12940744571548995	0.17297169061433254	0.12721424871744477	0.38652938901580236	0.2903242879702723	0.1567489598479669	0.12792009496773582	0.15301435340550507	0.11964814001013233	0.1926248273507027	0.09204882358306177	0.17304599917359645	0.17173701316865136	0.3528322606370031	0.19338186546278285	0.15386533522829876	0.12091144417062989	0.19946474139776627	0.15310710969243263	0.12308495515776752	0.13982659884585721	0.16984980805855826	0.23572116565280943
8cwuB	0.1672005968515605	0.10527231656278319	0.17012882614607	0.16701198184476612	1.0	0.15217740584599776	0.1778448324098476	0.1535529910059606	0.06364355289615212	0.12634576304676498	0.16927195756150762	0.06817278850346917	0.2145598317475114	0.14033270650981683	0.18094080671253748	0.108083369776341	0.15386693899399212	0.17218321731833824	0.19585896753120646	0.12988401760860618	0.15137150658800513	0.157912918565639	0.5412193607924921	0.10565037394230202	0.05359532492118011	0.1719902637350007	0.1811137726683279	0.10555462271947633	0.14027964630311426	0.11790096081243247	0.17258082151248647	0.1046792322791374	0.4040071131640478	0.15137938998512276	0.13401981894221893	0.17840449995585594	0.19543490970308258	0.1471182457256351	0.1458826606700952	0.18050203683054122
7x2mB	0.07466676015088751	0.21110286778342607	0.22988073406585857	0.1663790325446659	0.15217740584599776	1.0	0.14241421562624948	0.21115959548394997	0.12372298363473072	0.14805513445667096	0.16800781298802245	0.12659189130090925	0.16286326955454733	0.11170988615409622	0.14910729188790411	0.18001167511787616	0.07419063393698166	0.13739058777461266	0.2696244248927748	0.22691868641343876	0.15053314155882103	0.11927357413331133	0.15659806445279012	0.06449528838628538	0.08783087576476056	0.17026719026938414	0.08157308053048275	0.02292748293225117	0.20046714978108138	0.1261498838395267	0.1351163470751385	0.13466177227839055	0.3270666510989457	0.08907750971877884	0.07542450992453711	0.14959063196538233	0.1045781782667674	0.15256090678327008	0.08076295642705703	0.06127825940139758
7voaA	0.1232284125271434	0.10645744595152498	0.0929118936770578	0.42157611574708964	0.1778448324098476	0.14241421562624948	1.0	0.07063757998652016	0.0995860359991854	0.21840684421309725	0.09458719519522778	0.17058461487660348	0.12776671250940919	0.13810452109974852	0.14138559816413881	0.11253717361268767	0.1306836253170459	0.14054335427372058	0.20623553096857075	0.07185585005694148	0.39177823985689114	0.3875901328519044	0.1182855588011272	0.15202643128378796	0.14625360663982295	0.13508733251422333	0.08795636948315283	0.10161231027834461	0.045638031812155665	0.11744140722326318	0.5154708540104088	0.11917543074556156	0.11926098213886828	0.14934842792529987	0.12134044914308616	0.09605075955925416	0.16290942633115607	0.13948341102467673	0.139702475039982	0.17416118624317167
7ubxC	0.16472366639872532	0.056535774269617735	0.11379694164367113	0.11200933465112531	0.1535529910059606	0.21115959548394997	0.07063757998652016	1.0	0.11992083995488544	0.13942384913210976	0.13067818253486174	0.1620363734760173	0.12665771530177566	0.0934802480444994	0.19605119281430153	0.1384817734238607	0.1339862155031486	0.11593239372498133	0.15617232261118713	0.1723517950248416	0.14541391370754075	0.13263766039216407	0.20005153562045475	0.11313169441828869	0.1485533439945605	0.12345683161454209	0.1768367037332052	0.09891028871348392	0.13786934095038544	0.14111079134955457	0.14496336299067178	0.17505397606908377	0.17333319904884167	0.11701556650485334	0.12510753068044025	0.14492097912528817	0.12719208053443964	0.17014269360031986	0.09929153303818056	0.11428496884662862
7th2C	0.7166137405255568	0.06042532872391238	0.14528236336427514	0.13057077205358375	0.06364355289615212	0.12372298363473072	0.0995860359991854	0.11992083995488544	1.0	0.11453967952244953	0.08541126932553292	0.20700549648490052	0.06060883450102299	0.08067249246244881	0.11450108667581424	0.11704395530789688	0.6216693356779379	0.1229733099223227	0.16779225564859854	0.12448549587465525	0.13311544962366795	0.13518654203320035	0.1598384104757803	0.1373989827078169	0.14452691586069558	0.11667538674897976	0.10381963060670797	0.14140173331747496	0.14876524781434552	0.11426656082579015	0.1357087969957866	0.12587932291753737	0.14137870751773896	0.09659539965347884	0.2955366642886657	0.20087953168988026	0.10080084706380774	0.10347710980506411	0.10623846437023064	0.14551458174248771
8en2D	0.15385261969301367	0.13463133528206375	0.1616166142748281	0.23783581462295178	0.12634576304676498	0.14805513445667096	0.21840684421309725	0.13942384913210976	0.11453967952244953	1.0	0.15305664018788295	0.12381394535023613	0.11629463254816544	0.14828919501423027	0.07537698984705951	0.16425935723226148	0.04936151270047512	0.145807128477357	0.20448720060755554	0.12459208038837474	0.16620725075855367	0.14141685756352063	0.1553942855535334	0.16966952202443136	0.17360994993026319	0.15432944865809245	0.11729609193908527	0.16085507607481508	0.06963889277148705	0.17904828610868517	0.10456200721552503	0.0877050595010557	0.15210501931880357	0.11818899387485177	0.16185467959453909	0.19562997846266983	0.13858612103090903	0.13853755031211984	0.1966877816385825	0.19429624306194382
8ew6V	0.09370094381724356	0.09910521115532525	0.0373123315240657	0.10399836642713126	0.16927195756150762	0.16800781298802245	0.09458719519522778	0.13067818253486174	0.08541126932553292	0.15305664018788295	1.0	0.17141547555140912	0.1282440511408331	0.1184562103794643	0.14233995413783473	0.059840534598562325	0.04402748436575891	0.18257077315752807	0.08824822224334908	0.08886180388955359	0.122881325813887	0.0699482395576696	0.15298017320317042	0.0940171814752136	0.09868653242364314	0.17425137017422432	0.14755508324265174	0.1346872815936027	0.16321984451718596	0.20003702705960852	0.1630576473777654	0.14266047447179947	0.19395017605423936	0.12365953486070225	0.18661080076434905	0.23989234102464138	0.1044633491004751	0.1661227988031449	0.16213990009594298	0.17746892733405678
7yz9B	0.20083391691478236	0.1091251070521792	0.06381766329735954	0.1779741826771205	0.06817278850346917	0.12659189130090925	0.17058461487660348	0.1620363734760173	0.20700549648490052	0.12381394535023613	0.17141547555140912	1.0	0.14037632776878164	0.026900678473724425	0.12338305501806096	0.1389271381839946	0.17034037081229175	0.13301108250447913	0.11328119899312844	0.08724923335306597	0.08628696538018765	0.0862349648314827	0.1687515677426964	0.056368801912913616	0.1460093660884873	0.10566568368207069	0.07834346045164625	0.16515472414686846	0.17899938645913974	0.07225827322051445	0.11375924865073916	0.17680816381802478	0.0985770985123102	0.09591394009299048	0.06900272303004278	0.11448156240794144	0.05894952319677288	0.09995461500084646	0.133586536312315	0.12091669254729684
7w1sB	0.19789757718292347	0.18818546803685776	0.20092322147868139	0.4291276063109548	0.2145598317475114	0.16286326955454733	0.12776671250940919	0.12665771530177566	0.06060883450102299	0.11629463254816544	0.1282440511408331	0.14037632776878164	1.0	0.11918310661734602	0.19899586444829087	0.15912659677942947	0.1913484916553757	0.14253501843012595	0.13323288107795167	0.22630208668966031	0.3529568425977273	0.3534643528577812	0.17053960239991123	0.07472812067356402	0.15783336178307328	0.061809647674932085	0.21600221457847618	0.04452785055224462	0.20939722455449555	0.14428359132342258	0.3660243601227855	0.2087828576526229	0.178566791261701	0.17402167712897693	0.15436196444377576	0.0982353779997664	0.12078893400778562	0.15102583157525223	0.07677385321700934	0.2390001636649937
7zmvG	0.12816074468366423	0.11497298638363121	0.0895608597037624	0.20609625928387848	0.14033270650981683	0.11170988615409622	0.13810452109974852	0.0934802480444994	0.08067249246244881	0.14828919501423027	0.1184562103794643	0.026900678473724425	0.11918310661734602	1.0	0.2000738990613915	0.13285203391207168	0.07394995853907645	0.10662558358057185	0.24701127162086917	0.13009368105825103	0.08352186284833187	0.14084682777035729	0.14588112391208916	0.15410340532762287	0.1455928249161984	0.05001708818552048	0.1857549443949087	0.049500872266455484	0.06899726210750078	0.1595752439888909	0.13524673586222244	0.0944025143895158	0.1184740307948525	0.12129940720983079	0.17416980543088162	0.18290089847861715	0.1325274821617392	0.12068989476397016	0.10295628629400606	0.1609162927042035
7unzA	0.1385286615003556	0.15240576496689737	0.14857542725057538	0.08984303111115935	0.18094080671253748	0.14910729188790411	0.14138559816413881	0.19605119281430153	0.11450108667581424	0.07537698984705951	0.14233995413783473	0.12338305501806096	0.19899586444829087	0.2000738990613915	1.0	0.07714643718933831	0.13959319899306694	0.06508843357868044	0.1804876369024131	0.1894888278734414	0.12454924972863171	0.13869229010730758	0.13985122132470124	0.1241974018537097	0.08073965411378582	0.07538188701832552	0.12975947058707352	0.10946899030974332	0.154894820337447	0.2103379216859425	0.1322423060377131	0.1356885040861944	0.14066748943237078	0.16563336948918844	0.15106416627077934	0.13713532783666926	0.13418875880647765	0.13053632386684155	0.1242894593889978	0.1548064805738546
8en3C	0.10508478719612031	0.4761693697785987	0.16198370680516458	0.16038322484140877	0.108083369776341	0.18001167511787616	0.11253717361268767	0.1384817734238607	0.11704395530789688	0.16425935723226148	0.059840534598562325	0.1389271381839946	0.15912659677942947	0.13285203391207168	0.07714643718933831	1.0	0.14155472902146618	0.04932117413244319	0.16129319759188804	0.16847694617052195	0.15030313373670975	0.12911889846080254	0.09235381620728972	0.13601740250125843	0.046474597969905385	0.1049414222313981	0.03495366934220492	0.018158728339257576	0.16866636413771902	0.127573170078305	0.15642230779654764	0.13137498090685115	0.09475173378803775	0.1515514200661482	0.16511737078823124	0.11293776233414572	0.034937497495755726	0.11881105183084506	0.10842135420670021	0.37499852940950906
7tgiB	0.5699650061376599	0.12375548616261946	0.14110977064263563	0.2081825864034993	0.15386693899399212	0.07419063393698166	0.1306836253170459	0.1339862155031486	0.6216693356779379	0.04936151270047512	0.04402748436575891	0.17034037081229175	0.1913484916553757	0.07394995853907645	0.13959319899306694	0.14155472902146618	1.0	0.11761469488876815	0.13738390243251525	0.13294212070619682	0.08925474909123651	0.1518582895203232	0.13221394899425548	0.15265232741467916	0.15212736075751065	0.14038992211542184	0.1880207575021727	0.10522974583958147	0.0501291037829651	0.17173675114249898	0.07725536029905075	0.15227834805186663	0.1565101023836631	0.17029918541804168	0.2243728117898868	0.13915430579135685	0.13274643098926575	0.09135608361444633	0.09619134533299364	0.19465241939012917
7nxxB	0.11657318634706772	0.1716145256236924	0.14211618222608707	0.12940744571548995	0.17218321731833824	0.13739058777461266	0.14054335427372058	0.11593239372498133	0.1229733099223227	0.145807128477357	0.18257077315752807	0.13301108250447913	0.14253501843012595	0.10662558358057185	0.06508843357868044	0.04932117413244319	0.11761469488876815	1.0	0.13410138281575698	0.18088066988236792	0.11907558719173486	0.05752722314447704	0.19404549540747068	0.1868512049622024	0.13905184665180728	0.12412119387190734	0.18344684571797565	0.17745352642368492	0.12058696115243504	0.19855503539834113	0.17192679578861203	0.1406886202851432	0.16476352407454897	0.10718661410126776	0.08434015023581769	0.15808037372553746	0.10446139669651082	0.08348986879039799	0.15340993596786276	0.19360590933875665
8dtnE	0.12928889242621777	0.1713819590806449	0.16457468048868568	0.17297169061433254	0.19585896753120646	0.2696244248927748	0.20623553096857075	0.15617232261118713	0.16779225564859854	0.20448720060755554	0.08824822224334908	0.11328119899312844	0.13323288107795167	0.24701127162086917	0.1804876369024131	0.16129319759188804	0.13738390243251525	0.13410138281575698	1.0	0.027769371472991734	0.1055754013563315	0.10994325797446619	0.16144904172231056	0.13586036750735309	0.09226067051379636	0.21831909063991128	0.1010823333853927	0.03258468957135552	0.21967747008154087	0.0513787138440293	0.1078971664461033	0.15394440716670033	0.1460579927553113	0.17352564024242695	0.0912138159754049	0.12825888957555354	0.08349321273648716	0.1577613674149942	0.1830123649627394	0.043092513918670514
8h3yE	0.22779057534090674	0.21703472178495764	0.26340600651386353	0.12721424871744477	0.12988401760860618	0.22691868641343876	0.07185585005694148	0.1723517950248416	0.12448549587465525	0.12459208038837474	0.08886180388955359	0.08724923335306597	0.22630208668966031	0.13009368105825103	0.1894888278734414	0.16847694617052195	0.13294212070619682	0.18088066988236792	0.027769371472991734	1.0	0.18183828579669903	0.12746389529819896	0.1859333093298405	0.15084426748348562	0.1937067421221413	0.10768432183907717	0.11530630957079609	0.16706977613813473	0.10599624407061169	0.1112339633705223	0.1697587647692637	0.11420280198679758	0.15532033204879575	0.05419299518820549	0.14495884664205155	0.14026839669008162	0.13293563224001015	0.09367223940312115	0.13560328510501468	0.11572144345846858
7q3qB	0.17743553556852332	0.16344812461120445	0.13622376957256177	0.38652938901580236	0.15137150658800513	0.15053314155882103	0.39177823985689114	0.14541391370754075	0.13311544962366795	0.16620725075855367	0.122881325813887	0.08628696538018765	0.3529568425977273	0.08352186284833187	0.12454924972863171	0.15030313373670975	0.08925474909123651	0.11907558719173486	0.1055754013563315	0.18183828579669903	1.0	0.39715008503397875	0.10547880232865872	0.13659017993089934	0.019245571674881168	0.13695386118450525	0.18309779984748475	0.095858532786778	0.15604543657174652	0.12580552247451268	0.4640225536387741	0.16256990840238145	0.1219938551002332	0.1402539925822536	0.11845845336917789	0.09108769393009233	0.08534254845808853	0.14692241904054693	0.13133005503389517	0.21253129627649886
7tprE	0.14791262364877672	0.12290330288485757	0.08301012564555642	0.2903242879702723	0.157912918565639	0.11927357413331133	0.3875901328519044	0.13263766039216407	0.13518654203320035	0.14141685756352063	0.0699482395576696	0.0862349648314827	0.3534643528577812	0.14084682777035729	0.13869229010730758	0.12911889846080254	0.1518582895203232	0.05752722314447704	0.10994325797446619	0.12746389529819896	0.39715008503397875	1.0	0.15153581784306747	0.13070036099350113	0.15693631216707507	0.12186299050448254	0.17996736619290382	0.09046929538384235	0.06530203142622586	0.1540796403797231	0.44567444432490105	0.14331101178394573	0.1312063366757745	0.14914509344796528	0.1557734898352589	0.1238221179814132	0.06897991246673899	0.16943684895673744	0.13901847616190888	0.2269377725283232
7x2jB	0.12788752971508086	0.1166310683813636	0.272548585595302	0.1567489598479669	0.5412193607924921	0.15659806445279012	0.1182855588011272	0.20005153562045475	0.1598384104757803	0.1553942855535334	0.15298017320317042	0.1687515677426964	0.17053960239991123	0.14588112391208916	0.13985122132470124	0.09235381620728972	0.13221394899425548	0.19404549540747068	0.16144904172231056	0.1859333093298405	0.10547880232865872	0.15153581784306747	1.0	0.13397003082459977	0.18911788973828977	0.06387249324851622	0.13555359816454277	0.11089765923790466	0.19077011335447025	0.13831435105866605	0.18075819915521152	0.14689699710419823	0.4370027533905978	0.14876990957244957	0.12929274159971238	0.20690657605311008	0.17260119204887592	0.12980311207650508	0.15600645446780517	0.14310369749719065
7b5gD	0.1597705995615288	0.13118723282072586	0.110007618324848	0.12792009496773582	0.10565037394230202	0.06449528838628538	0.15202643128378796	0.11313169441828869	0.1373989827078169	0.16966952202443136	0.0940171814752136	0.056368801912913616	0.07472812067356402	0.15410340532762287	0.1241974018537097	0.13601740250125843	0.15265232741467916	0.1868512049622024	0.13586036750735309	0.15084426748348562	0.13659017993089934	0.13070036099350113	0.13397003082459977	1.0	0.18821187014904095	0.14039831875832226	0.0998085303248201	0.1094131408057037	0.1782883079791301	0.20002063524049346	0.16516377917857106	0.11998147838049543	0.09433405291735729	0.13179198717927976	0.1797773449264459	0.13477718737590488	0.10419818216679616	0.11416231759314115	0.1720954979386354	0.12926396381717742
7x2lB	0.1519526786771957	0.1373525141769503	0.11643740213040453	0.15301435340550507	0.05359532492118011	0.08783087576476056	0.14625360663982295	0.1485533439945605	0.14452691586069558	0.17360994993026319	0.09868653242364314	0.1460093660884873	0.15783336178307328	0.1455928249161984	0.08073965411378582	0.046474597969905385	0.15212736075751065	0.13905184665180728	0.09226067051379636	0.1937067421221413	0.019245571674881168	0.15693631216707507	0.18911788973828977	0.18821187014904095	1.0	0.07870871766135044	0.1768462539677937	0.13273039139250895	0.19311722711117624	0.24908278814768053	0.19620487494619437	0.1018305318307223	0.11677357384020301	0.10597296637716953	0.1845372143993309	0.09147116963481466	0.1189655730570621	0.09598947085097873	0.06458090623236076	0.15995375752536556
8dtuA	0.13015946214324084	0.12695057984789687	0.13538456629302667	0.11964814001013233	0.1719902637350007	0.17026719026938414	0.13508733251422333	0.12345683161454209	0.11667538674897976	0.15432944865809245	0.17425137017422432	0.10566568368207069	0.061809647674932085	0.05001708818552048	0.07538188701832552	0.1049414222313981	0.14038992211542184	0.12412119387190734	0.21831909063991128	0.10768432183907717	0.13695386118450525	0.12186299050448254	0.06387249324851622	0.14039831875832226	0.07870871766135044	1.0	0.17804461560621165	0.10865694648263269	0.13768169755625773	0.13181972085859525	0.0933995584066086	0.1399433571179597	0.16702817273066414	0.17925768141245263	0.0867298737484583	0.17256621432900793	0.16220497537062256	0.06903461562816227	0.1372679723394121	0.1345112950466193
8dquB	0.19602414667230939	0.06887428530049661	0.13998761388411227	0.1926248273507027	0.1811137726683279	0.08157308053048275	0.08795636948315283	0.1768367037332052	0.10381963060670797	0.11729609193908527	0.14755508324265174	0.07834346045164625	0.21600221457847618	0.1857549443949087	0.12975947058707352	0.03495366934220492	0.1880207575021727	0.18344684571797565	0.1010823333853927	0.11530630957079609	0.18309779984748475	0.17996736619290382	0.13555359816454277	0.0998085303248201	0.1768462539677937	0.17804461560621165	1.0	0.06878800703344315	0.19836875738992055	0.12755310702602576	0.16726857140687731	0.1733599184416102	0.17364848297003166	0.15976228131854162	0.2176291301674308	0.07761719254068103	0.16283929998072683	0.2143265526964777	0.13522624738120148	0.1844909685925994
7uiaB	0.12282891923840611	0.061514946444801	0.1653885301072577	0.09204882358306177	0.10555462271947633	0.02292748293225117	0.10161231027834461	0.09891028871348392	0.14140173331747496	0.16085507607481508	0.1346872815936027	0.16515472414686846	0.04452785055224462	0.049500872266455484	0.10946899030974332	0.018158728339257576	0.10522974583958147	0.17745352642368492	0.03258468957135552	0.16706977613813473	0.095858532786778	0.09046929538384235	0.11089765923790466	0.1094131408057037	0.13273039139250895	0.10865694648263269	0.06878800703344315	1.0	0.0637412681377412	0.15006876655813595	0.1595114197969536	0.1523538689827017	0.08383243594838362	0.19696932532026773	0.12840281571044598	0.05182889151977464	0.14078484360667326	0.16459339063238482	0.1405498192978249	0.1041373638529052
7t5fF	0.16533248228910566	0.15280393696915945	0.21614674360487082	0.17304599917359645	0.14027964630311426	0.20046714978108138	0.045638031812155665	0.13786934095038544	0.14876524781434552	0.06963889277148705	0.16321984451718596	0.17899938645913974	0.20939722455449555	0.06899726210750078	0.154894820337447	0.16866636413771902	0.0501291037829651	0.12058696115243504	0.21967747008154087	0.10599624407061169	0.15604543657174652	0.06530203142622586	0.19077011335447025	0.1782883079791301	0.19311722711117624	0.13768169755625773	0.19836875738992055	0.0637412681377412	1.0	0.08751559682495179	0.15871173332535327	0.17663633285346036	0.10851889206791775	0.1586980760656199	0.11468079992537593	0.17409487124213452	0.1885510203335095	0.19319747353764755	0.16452891736941824	0.12491535361218661
7wkiB	0.1600475796807031	0.14159966297174414	0.19874926095760104	0.17173701316865136	0.11790096081243247	0.1261498838395267	0.11744140722326318	0.14111079134955457	0.11426656082579015	0.17904828610868517	0.20003702705960852	0.07225827322051445	0.14428359132342258	0.1595752439888909	0.2103379216859425	0.127573170078305	0.17173675114249898	0.19855503539834113	0.0513787138440293	0.1112339633705223	0.12580552247451268	0.1540796403797231	0.13831435105866605	0.20002063524049346	0.24908278814768053	0.13181972085859525	0.12755310702602576	0.15006876655813595	0.08751559682495179	1.0	0.14951964800845874	0.1265379202464434	0.1088975104940654	0.13090082576212675	0.20989435226963787	0.08350136525859192	0.1304523614879766	0.11523464013401558	0.08311028660185249	0.16657122715626788
7x7eA	0.17450183585478402	0.11707870114697676	0.11717259319160389	0.3528322606370031	0.17258082151248647	0.1351163470751385	0.5154708540104088	0.14496336299067178	0.1357087969957866	0.10456200721552503	0.1630576473777654	0.11375924865073916	0.3660243601227855	0.13524673586222244	0.1322423060377131	0.15642230779654764	0.07725536029905075	0.17192679578861203	0.1078971664461033	0.1697587647692637	0.4640225536387741	0.44567444432490105	0.18075819915521152	0.16516377917857106	0.19620487494619437	0.0933995584066086	0.16726857140687731	0.1595114197969536	0.15871173332535327	0.14951964800845874	1.0	0.10662257143251666	0.18282129962901303	0.15133483197044023	0.15163902437962573	0.17326894674616095	0.12450961759907103	0.13596065941871588	0.11585425456051107	0.19243501999212775
7qbgE	0.14632986284938168	0.12760286310982993	0.18436298469394743	0.19338186546278285	0.1046792322791374	0.13466177227839055	0.11917543074556156	0.17505397606908377	0.12587932291753737	0.0877050595010557	0.14266047447179947	0.17680816381802478	0.2087828576526229	0.0944025143895158	0.1356885040861944	0.13137498090685115	0.15227834805186663	0.1406886202851432	0.15394440716670033	0.11420280198679758	0.16256990840238145	0.14331101178394573	0.14689699710419823	0.11998147838049543	0.1018305318307223	0.1399433571179597	0.1733599184416102	0.1523538689827017	0.17663633285346036	0.1265379202464434	0.10662257143251666	1.0	0.12528465084643342	0.15263398087089614	0.18428386476777753	0.1747614362014239	0.13224160617595246	0.1421598804712773	0.12978238503195821	0.16190212741608767
7wd2D	0.11107306661333868	0.11461033904845042	0.05428539540025061	0.15386533522829876	0.4040071131640478	0.3270666510989457	0.11926098213886828	0.17333319904884167	0.14137870751773896	0.15210501931880357	0.19395017605423936	0.0985770985123102	0.178566791261701	0.1184740307948525	0.14066748943237078	0.09475173378803775	0.1565101023836631	0.16476352407454897	0.1460579927553113	0.15532033204879575	0.1219938551002332	0.1312063366757745	0.4370027533905978	0.09433405291735729	0.11677357384020301	0.16702817273066414	0.17364848297003166	0.08383243594838362	0.10851889206791775	0.1088975104940654	0.18282129962901303	0.12528465084643342	1.0	0.15987207821378435	0.12610096273463328	0.10062980553135806	0.19031209193424103	0.13934900499863465	0.12637847306550296	0.15171080845408624
7qneG	0.1162741856002276	0.10407854526810001	0.07243625722460234	0.12091144417062989	0.15137938998512276	0.08907750971877884	0.14934842792529987	0.11701556650485334	0.09659539965347884	0.11818899387485177	0.12365953486070225	0.09591394009299048	0.17402167712897693	0.12129940720983079	0.16563336948918844	0.1515514200661482	0.17029918541804168	0.10718661410126776	0.17352564024242695	0.05419299518820549	0.1402539925822536	0.14914509344796528	0.14876990957244957	0.13179198717927976	0.10597296637716953	0.17925768141245263	0.15976228131854162	0.19696932532026773	0.1586980760656199	0.13090082576212675	0.15133483197044023	0.15263398087089614	0.15987207821378435	1.0	0.1328317521507745	0.1635761261911717	0.19862743093593346	0.12917254882391552	0.13442640959019947	0.15274141457316467
7r24E	0.23077734804624098	0.17542867650817484	0.12720913137031287	0.19946474139776627	0.13401981894221893	0.07542450992453711	0.12134044914308616	0.12510753068044025	0.2955366642886657	0.16185467959453909	0.18661080076434905	0.06900272303004278	0.15436196444377576	0.17416980543088162	0.15106416627077934	0.16511737078823124	0.2243728117898868	0.08434015023581769	0.0912138159754049	0.14495884664205155	0.11845845336917789	0.1557734898352589	0.12929274159971238	0.1797773449264459	0.1845372143993309	0.0867298737484583	0.2176291301674308	0.12840281571044598	0.11468079992537593	0.20989435226963787	0.15163902437962573	0.18428386476777753	0.12610096273463328	0.1328317521507745	1.0	0.16894784210729608	0.11938447664082716	0.16200639828143104	0.16578276477699663	0.1979545327806551
7r24C	0.08190273129842916	0.06416483869111732	0.2546117457531691	0.15310710969243263	0.17840449995585594	0.14959063196538233	0.09605075955925416	0.14492097912528817	0.20087953168988026	0.19562997846266983	0.23989234102464138	0.11448156240794144	0.0982353779997664	0.18290089847861715	0.13713532783666926	0.11293776233414572	0.13915430579135685	0.15808037372553746	0.12825888957555354	0.14026839669008162	0.09108769393009233	0.1238221179814132	0.20690657605311008	0.13477718737590488	0.09147116963481466	0.17256621432900793	0.07761719254068103	0.05182889151977464	0.17409487124213452	0.08350136525859192	0.17326894674616095	0.1747614362014239	0.10062980553135806	0.1635761261911717	0.16894784210729608	1.0	0.09859852540592492	0.0777112839474225	0.1274331457562487	0.11262147036979517
7xqvB	0.15258164933962437	0.16713602338160868	0.07566524122542016	0.12308495515776752	0.19543490970308258	0.1045781782667674	0.16290942633115607	0.12719208053443964	0.10080084706380774	0.13858612103090903	0.1044633491004751	0.05894952319677288	0.12078893400778562	0.1325274821617392	0.13418875880647765	0.034937497495755726	0.13274643098926575	0.10446139669651082	0.08349321273648716	0.13293563224001015	0.08534254845808853	0.06897991246673899	0.17260119204887592	0.10419818216679616	0.1189655730570621	0.16220497537062256	0.16283929998072683	0.14078484360667326	0.1885510203335095	0.1304523614879766	0.12450961759907103	0.13224160617595246	0.19031209193424103	0.19862743093593346	0.11938447664082716	0.09859852540592492	1.0	0.11249544939990118	0.0861040478901597	0.1455386169128939
7whiG	0.14515217142952924	0.14078789385263135	0.06605971127463628	0.13982659884585721	0.1471182457256351	0.15256090678327008	0.13948341102467673	0.17014269360031986	0.10347710980506411	0.13853755031211984	0.1661227988031449	0.09995461500084646	0.15102583157525223	0.12068989476397016	0.13053632386684155	0.11881105183084506	0.09135608361444633	0.08348986879039799	0.1577613674149942	0.09367223940312115	0.14692241904054693	0.16943684895673744	0.12980311207650508	0.11416231759314115	0.09598947085097873	0.06903461562816227	0.2143265526964777	0.16459339063238482	0.19319747353764755	0.11523464013401558	0.13596065941871588	0.1421598804712773	0.13934900499863465	0.12917254882391552	0.16200639828143104	0.0777112839474225	0.11249544939990118	1.0	0.1312016868272443	0.06236564928706097
8bb7D	0.11275080145325947	0.07092171722791955	0.13268353685848516	0.16984980805855826	0.1458826606700952	0.08076295642705703	0.139702475039982	0.09929153303818056	0.10623846437023064	0.1966877816385825	0.16213990009594298	0.133586536312315	0.07677385321700934	0.10295628629400606	0.1242894593889978	0.10842135420670021	0.09619134533299364	0.15340993596786276	0.1830123649627394	0.13560328510501468	0.13133005503389517	0.13901847616190888	0.15600645446780517	0.1720954979386354	0.06458090623236076	0.1372679723394121	0.13522624738120148	0.1405498192978249	0.16452891736941824	0.08311028660185249	0.11585425456051107	0.12978238503195821	0.12637847306550296	0.13442640959019947	0.16578276477699663	0.1274331457562487	0.0861040478901597	0.1312016868272443	1.0	0.11964179334841903
8en0D	0.18611735354527406	0.359252568571537	0.09005189460970238	0.23572116565280943	0.18050203683054122	0.06127825940139758	0.17416118624317167	0.11428496884662862	0.14551458174248771	0.19429624306194382	0.17746892733405678	0.12091669254729684	0.2390001636649937	0.1609162927042035	0.1548064805738546	0.37499852940950906	0.19465241939012917	0.19360590933875665	0.043092513918670514	0.11572144345846858	0.21253129627649886	0.2269377725283232	0.14310369749719065	0.12926396381717742	0.15995375752536556	0.1345112950466193	0.1844909685925994	0.1041373638529052	0.12491535361218661	0.16657122715626788	0.19243501999212775	0.16190212741608767	0.15171080845408624	0.15274141457316467	0.1979545327806551	0.11262147036979517	0.1455386169128939	0.06236564928706097	0.11964179334841903	1.0
